episode,reward,epsilon
0,-21.0,0.9992359
1,-19.0,0.9983233
2,-21.0,0.9975799
3,-19.0,0.996706
4,-20.0,0.9958276
5,-21.0,0.9951391
6,-20.0,0.9943615
7,-21.0,0.9936514
8,-21.0,0.992881
9,-21.0,0.9921583
10,-20.0,0.9914041
11,-21.0,0.9906751
12,-21.0,0.9898804
13,-21.0,0.9891217
14,-21.0,0.9883378
15,-21.0,0.9876484
16,-21.0,0.9869068
17,-21.0,0.9861121
18,-20.0,0.9851644
19,-21.0,0.9843238
20,-21.0,0.9836362
21,-21.0,0.9829495
22,-21.0,0.9822061
23,-21.0,0.9815194
24,-20.0,0.9806220999999999
25,-19.0,0.9796132
26,-21.0,0.9787438
27,-20.0,0.9779293
28,-21.0,0.9769843
29,-20.0,0.9761689
30,-21.0,0.9753742
31,-21.0,0.9746308
32,-21.0,0.9739459
33,-21.0,0.9729838
34,-21.0,0.9722728
35,-21.0,0.9714745
36,-21.0,0.9707338
37,-21.0,0.9700453
38,-21.0,0.9692632
39,-19.0,0.9683263
40,-20.0,0.9674866
41,-21.0,0.9666469
42,-21.0,0.9659584
43,-21.0,0.9651736
44,-19.0,0.9642754
45,-21.0,0.9635716
46,-21.0,0.9627976
47,-19.0,0.9619201
48,-19.0,0.9610192
49,-21.0,0.9601453
50,-21.0,0.9593308
51,-20.0,0.9585199
52,-21.0,0.9574912
53,-21.0,0.9567172
54,-20.0,0.9559603
55,-21.0,0.9552718
56,-21.0,0.9544249
57,-21.0,0.9536842
58,-21.0,0.9529615
59,-21.0,0.952147
60,-21.0,0.9513532
61,-20.0,0.950563
62,-21.0,0.9497503
63,-21.0,0.9489547
64,-21.0,0.9481987
65,-20.0,0.9474382
66,-21.0,0.9466714
67,-21.0,0.9459604
68,-20.0,0.9451315
69,-18.0,0.9440542
70,-20.0,0.9431848
71,-20.0,0.9423496
72,-21.0,0.9415279
73,-21.0,0.9407845
74,-21.0,0.9400735
75,-21.0,0.9393319
76,-20.0,0.9385741
77,-21.0,0.9377605
78,-20.0,0.9369325
79,-21.0,0.93619
80,-20.0,0.9353881
81,-21.0,0.934651
82,-20.0,0.9337978
83,-21.0,0.9331084
84,-21.0,0.9323281
85,-19.0,0.9313741
86,-21.0,0.9306046
87,-21.0,0.9298747
88,-20.0,0.9290062
89,-20.0,0.9282493
90,-18.0,0.9273493
91,-21.0,0.9266599
92,-21.0,0.9259192
93,-21.0,0.9252289
94,-21.0,0.924463
95,-21.0,0.923752
96,-21.0,0.9230644
97,-21.0,0.922348
98,-21.0,0.9216063999999999
99,-21.0,0.9209215
100,-20.0,0.9201637
101,-21.0,0.9194194
102,-21.0,0.9187345
103,-20.0,0.9178336
104,-20.0,0.9169228
105,-21.0,0.9160498
106,-20.0,0.915292
107,-19.0,0.9143326
108,-21.0,0.9135118
109,-21.0,0.9127558
110,-21.0,0.9119575
111,-21.0,0.9111988
112,-21.0,0.910342
113,-21.0,0.9095275
114,-21.0,0.9087022
115,-20.0,0.9079066
116,-20.0,0.9070966
117,-21.0,0.9062929
118,-21.0,0.9056053
119,-21.0,0.9048943
120,-21.0,0.9040717
121,-21.0,0.9032788
122,-21.0,0.9024103
123,-21.0,0.901666
124,-21.0,0.9009073
125,-21.0,0.9002026
126,-20.0,0.8994178
127,-21.0,0.8987158
128,-21.0,0.8980273
129,-21.0,0.8972317
130,-21.0,0.8965441
131,-21.0,0.8957485000000001
132,-21.0,0.8948827
133,-21.0,0.8941789
134,-20.0,0.893323
135,-20.0,0.892441
136,-21.0,0.8916751
137,-19.0,0.8907256
138,-21.0,0.8900128
139,-21.0,0.8892271
140,-21.0,0.8883766
141,-21.0,0.8874901
142,-19.0,0.8865631
143,-21.0,0.8858062
144,-21.0,0.8850214
145,-21.0,0.884278
146,-21.0,0.8834959
147,-20.0,0.8827372
148,-21.0,0.8819973999999999
149,-20.0,0.8812396
150,-21.0,0.8804791
151,-20.0,0.8795539
152,-20.0,0.8787277
153,-19.0,0.8777926
154,-21.0,0.8769988
155,-21.0,0.8761546
156,-21.0,0.8754508
157,-21.0,0.8746678
158,-21.0,0.873982
159,-21.0,0.8732746
160,-21.0,0.8725627
161,-20.0,0.8717572
162,-21.0,0.8710156
163,-21.0,0.8702191
164,-20.0,0.8694145
165,-20.0,0.8686297
166,-20.0,0.8678179
167,-21.0,0.8671294
168,-21.0,0.8664238
169,-21.0,0.865684
170,-19.0,0.8648434
171,-21.0,0.8640226
172,-20.0,0.8631316
173,-20.0,0.8623009
174,-21.0,0.8614495
175,-20.0,0.8605864
176,-20.0,0.8597197
177,-21.0,0.8590321
178,-19.0,0.8579989
179,-21.0,0.8572222
180,-21.0,0.8564806
181,-21.0,0.8556661
182,-21.0,0.8549083
183,-21.0,0.8541937
184,-21.0,0.8534809
185,-21.0,0.852769
186,-20.0,0.851995
187,-21.0,0.8512894
188,-21.0,0.8505298
189,-20.0,0.849772
190,-21.0,0.8490862
191,-21.0,0.8483959
192,-21.0,0.8476021
193,-21.0,0.8468011
194,-21.0,0.8461117
195,-21.0,0.8452611999999999
196,-20.0,0.8444782
197,-20.0,0.8436961000000001
198,-21.0,0.8429896
199,-21.0,0.8421679
200,-21.0,0.8413471
201,-21.0,0.8406019
202,-21.0,0.8398593999999999
203,-20.0,0.8391052
204,-21.0,0.8382925
205,-21.0,0.8375383
206,-21.0,0.8366878
207,-21.0,0.8359435
208,-21.0,0.8351524
209,-21.0,0.8343864999999999
210,-21.0,0.8336413
211,-21.0,0.8329006
212,-21.0,0.8321356
213,-21.0,0.8313499
214,-21.0,0.8306632
215,-21.0,0.8299315
216,-21.0,0.8291737
217,-20.0,0.8283439
218,-20.0,0.8275915
219,-20.0,0.8268319
220,-21.0,0.8260759
221,-21.0,0.825283
222,-21.0,0.8244712
223,-21.0,0.8237827
224,-21.0,0.8230402
225,-21.0,0.8222967999999999
226,-21.0,0.82153
227,-21.0,0.8207866
228,-20.0,0.8198299
229,-19.0,0.8189425
230,-20.0,0.8181307
231,-21.0,0.8174440000000001
232,-20.0,0.8166618999999999
233,-20.0,0.8157951999999999
234,-21.0,0.8149762
235,-21.0,0.8142904
236,-20.0,0.8135074
237,-20.0,0.8126047
238,-21.0,0.8118388
239,-21.0,0.8111026
240,-21.0,0.8103601
241,-21.0,0.8095888
242,-21.0,0.8088328
243,-21.0,0.8079949
244,-21.0,0.807184
245,-21.0,0.8063127999999999
246,-21.0,0.8055181
247,-21.0,0.8047558
248,-21.0,0.8039737
249,-21.0,0.8032672
250,-21.0,0.8025544
251,-21.0,0.8018668
252,-20.0,0.8009857
253,-19.0,0.8001298
254,-21.0,0.7993729
255,-21.0,0.7985538999999999
256,-21.0,0.7977034000000001
257,-20.0,0.7968349
258,-21.0,0.7960771
259,-20.0,0.7951564
260,-19.0,0.7942033
261,-21.0,0.7935148
262,-21.0,0.7927561
263,-21.0,0.7917985
264,-21.0,0.7910524
265,-20.0,0.7902226
266,-21.0,0.7893973
267,-21.0,0.7884712
268,-21.0,0.7877665
269,-21.0,0.7869466
270,-21.0,0.7862401
271,-21.0,0.7855003
272,-21.0,0.7847614
273,-21.0,0.7839208
274,-21.0,0.7831018000000001
275,-21.0,0.7822234
276,-20.0,0.7813405
277,-20.0,0.7803703
278,-21.0,0.7796809
279,-21.0,0.7788826
280,-21.0,0.7781527
281,-21.0,0.7773679
282,-21.0,0.7766245
283,-21.0,0.7759351
284,-21.0,0.7752493
285,-21.0,0.7745356
286,-20.0,0.7736202999999999
287,-19.0,0.7726834
288,-20.0,0.7717959999999999
289,-20.0,0.7710112
290,-21.0,0.7702156
291,-20.0,0.7694065
292,-20.0,0.7685911
293,-21.0,0.7678495000000001
294,-21.0,0.7671619
295,-21.0,0.7663933
296,-21.0,0.7655725
297,-21.0,0.7647751
298,-21.0,0.7640335
299,-21.0,0.7633189
300,-21.0,0.7625449
301,-21.0,0.7617465999999999
302,-21.0,0.7610049999999999
303,-20.0,0.7600564
304,-19.0,0.7590627999999999
305,-21.0,0.758251
306,-21.0,0.7574563
307,-19.0,0.7566283
308,-21.0,0.7559398
309,-21.0,0.7551217
310,-21.0,0.7543783
311,-21.0,0.7535782
312,-20.0,0.7526691999999999
313,-21.0,0.7519663
314,-21.0,0.7511185
315,-21.0,0.7503588999999999
316,-19.0,0.7494894999999999
317,-21.0,0.7485994
318,-21.0,0.7478254
319,-20.0,0.7468363
320,-20.0,0.7459903
321,-21.0,0.7452307
322,-21.0,0.744463
323,-21.0,0.7437592
324,-20.0,0.7428772
325,-21.0,0.7420914999999999
326,-20.0,0.7412509
327,-21.0,0.7403706999999999
328,-21.0,0.7396129
329,-20.0,0.7386355
330,-21.0,0.7378921
331,-21.0,0.7370443
332,-21.0,0.7363027
333,-21.0,0.7355368
334,-21.0,0.7346611000000001
335,-21.0,0.733825
336,-21.0,0.7329745000000001
337,-21.0,0.732259
338,-20.0,0.731188
339,-21.0,0.7304032
340,-21.0,0.729604
341,-21.0,0.7288093
342,-20.0,0.7280245000000001
343,-20.0,0.7272676
344,-21.0,0.7265368
345,-21.0,0.7257664
346,-21.0,0.7250131
347,-21.0,0.7242454
348,-20.0,0.7234129
349,-21.0,0.7226695
350,-21.0,0.7219017999999999
351,-20.0,0.7210144
352,-19.0,0.7201135
353,-20.0,0.7193566
354,-18.0,0.7182406
355,-21.0,0.717472
356,-20.0,0.7166629
357,-20.0,0.7157557
358,-20.0,0.7149304
359,-21.0,0.7141168
360,-21.0,0.7132681
361,-21.0,0.7123482999999999
362,-19.0,0.7113439
363,-21.0,0.7105239999999999
364,-19.0,0.7096816
365,-21.0,0.7089103
366,-21.0,0.7080238
367,-21.0,0.7071796
368,-21.0,0.7064208999999999
369,-20.0,0.7054156
370,-19.0,0.7045102
371,-21.0,0.7037119000000001
372,-19.0,0.7028029
373,-21.0,0.7020172
374,-21.0,0.7012891
375,-21.0,0.7005466
376,-21.0,0.6997473999999999
377,-21.0,0.6990571
378,-20.0,0.6980284
379,-21.0,0.6971545
380,-21.0,0.696412
381,-21.0,0.6956146
382,-21.0,0.694819
383,-21.0,0.6940234000000001
384,-21.0,0.6932134
385,-20.0,0.6924142
386,-21.0,0.6916492
387,-21.0,0.6907771
388,-20.0,0.6900184
389,-21.0,0.6892777
390,-21.0,0.6884785
391,-21.0,0.6876325
392,-21.0,0.6868036
393,-21.0,0.6860584
394,-20.0,0.6851971
395,-21.0,0.6844375
396,-20.0,0.6836617
397,-21.0,0.682831
398,-21.0,0.6821443
399,-21.0,0.6813847
400,-21.0,0.680455
401,-19.0,0.6795613
402,-20.0,0.678511
403,-21.0,0.6777667
404,-21.0,0.6770809
405,-21.0,0.6762052000000001
406,-20.0,0.6753960999999999
407,-20.0,0.6745950999999999
408,-21.0,0.6738355
409,-20.0,0.6729499
410,-20.0,0.6720516999999999
411,-19.0,0.6710653
412,-21.0,0.670231
413,-21.0,0.6694588
414,-21.0,0.6686785
415,-21.0,0.6679351
416,-19.0,0.6669829
417,-20.0,0.6661288
418,-21.0,0.6653872
419,-21.0,0.6645097
420,-20.0,0.6636421
421,-21.0,0.6627466
422,-21.0,0.6617827000000001
423,-21.0,0.6607909000000001
424,-21.0,0.6600763000000001
425,-20.0,0.6589351
426,-21.0,0.6580296999999999
427,-21.0,0.6572313999999999
428,-21.0,0.6564907
429,-21.0,0.6555295
430,-19.0,0.6546843999999999
431,-21.0,0.653752
432,-20.0,0.6529042
433,-21.0,0.6521634999999999
434,-21.0,0.651349
435,-21.0,0.6505381
436,-20.0,0.6496309
437,-20.0,0.6488164000000001
438,-21.0,0.6480136
439,-20.0,0.6470785
440,-21.0,0.6463224999999999
441,-21.0,0.6455314000000001
442,-21.0,0.6447061000000001
443,-21.0,0.6438268
444,-21.0,0.6431382999999999
445,-21.0,0.64234
446,-21.0,0.6414355
447,-20.0,0.6405121
448,-20.0,0.6396814
449,-20.0,0.6384808
450,-21.0,0.6375898
451,-21.0,0.6368473
452,-20.0,0.6359014
453,-21.0,0.6350491
454,-21.0,0.634312
455,-20.0,0.633448
456,-20.0,0.6326047
457,-20.0,0.6317659
458,-21.0,0.6310603
459,-21.0,0.630208
460,-21.0,0.6294088
461,-21.0,0.6285781
462,-18.0,0.6276115
463,-20.0,0.6268087
464,-21.0,0.6258798999999999
465,-21.0,0.625087
466,-21.0,0.62434
467,-21.0,0.6235273
468,-21.0,0.6227434000000001
469,-20.0,0.621991
470,-21.0,0.6211116999999999
471,-21.0,0.6202909
472,-21.0,0.619363
473,-19.0,0.618463
474,-21.0,0.6176782
475,-21.0,0.6169393000000001
476,-21.0,0.6162211
477,-21.0,0.6154876
478,-20.0,0.6145335999999999
479,-20.0,0.613639
480,-18.0,0.6126085
481,-21.0,0.6117840999999999
482,-21.0,0.6110641
483,-19.0,0.6101695
484,-21.0,0.6092911000000001
485,-21.0,0.6084379
486,-21.0,0.6075901
487,-20.0,0.606781
488,-20.0,0.605926
489,-20.0,0.6049530999999999
490,-20.0,0.6040279
491,-21.0,0.6031306
492,-20.0,0.6022423
493,-20.0,0.6013081
494,-20.0,0.6003963999999999
495,-21.0,0.5996134
496,-20.0,0.5987593
497,-20.0,0.5979007000000001
498,-21.0,0.5971321
499,-21.0,0.5964202000000001
500,-20.0,0.5954932
501,-21.0,0.5947894
502,-21.0,0.5940046
503,-20.0,0.59311
504,-20.0,0.5923342
505,-20.0,0.5914413999999999
506,-21.0,0.5906053
507,-21.0,0.5896522
508,-19.0,0.5887017999999999
509,-18.0,0.5876101
510,-19.0,0.5866453
511,-20.0,0.5858227
512,-21.0,0.584947
513,-17.0,0.5837824
514,-21.0,0.5830948
515,-21.0,0.5823289
516,-20.0,0.5815189000000001
517,-21.0,0.5806954
518,-20.0,0.5798601999999999
519,-19.0,0.5789791
520,-20.0,0.5780053
521,-21.0,0.5770333
522,-21.0,0.5763052
523,-21.0,0.5755483
524,-20.0,0.5747887
525,-21.0,0.5740489
526,-20.0,0.5730957999999999
527,-19.0,0.5721805
528,-20.0,0.5711707
529,-21.0,0.5703463
530,-21.0,0.5694715
531,-21.0,0.5687173
532,-21.0,0.5679631
533,-20.0,0.5671243
534,-21.0,0.5662261
535,-21.0,0.5652865
536,-21.0,0.5644333
537,-19.0,0.5635018
538,-18.0,0.5624677
539,-21.0,0.5616667
540,-21.0,0.5608855
541,-21.0,0.5601025
542,-17.0,0.5590090000000001
543,-21.0,0.5581891
544,-20.0,0.5573944
545,-21.0,0.5565934
546,-19.0,0.5557627
547,-19.0,0.5548393
548,-21.0,0.5540275
549,-19.0,0.5530537
550,-21.0,0.552241
551,-21.0,0.5514228999999999
552,-21.0,0.5505076
553,-19.0,0.549532
554,-20.0,0.5485986999999999
555,-20.0,0.5477392000000001
556,-21.0,0.5469454
557,-20.0,0.5461003
558,-19.0,0.5450617
559,-21.0,0.5442058
560,-21.0,0.5433958000000001
561,-20.0,0.5423743000000001
562,-20.0,0.5415102999999999
563,-20.0,0.5404897
564,-21.0,0.5396599
565,-21.0,0.5387842
566,-21.0,0.5378842
567,-21.0,0.5369599
568,-21.0,0.5361958
569,-21.0,0.5354011
570,-21.0,0.534628
571,-20.0,0.5338432
572,-19.0,0.5329288
573,-21.0,0.53209
574,-21.0,0.5311207
575,-21.0,0.5302315
576,-20.0,0.5293117
577,-21.0,0.5284719999999999
578,-20.0,0.5276179
579,-18.0,0.5266468
580,-20.0,0.5256568
581,-20.0,0.5247811
582,-21.0,0.5240161
583,-21.0,0.5232835
584,-21.0,0.522343
585,-21.0,0.5215951000000001
586,-20.0,0.5206906
587,-21.0,0.5198086
588,-21.0,0.5190544
589,-21.0,0.518077
590,-17.0,0.5168539
591,-21.0,0.5160385000000001
592,-19.0,0.5151087999999999
593,-20.0,0.5142367
594,-19.0,0.5131216
595,-21.0,0.5122557999999999
596,-20.0,0.5111524000000001
597,-21.0,0.5102416000000001
598,-21.0,0.5093668
599,-20.0,0.5084326
600,-20.0,0.5073688000000001
601,-17.0,0.5062006
602,-21.0,0.5053879
603,-19.0,0.5043331
604,-19.0,0.5033565999999999
605,-21.0,0.5024358999999999
606,-18.0,0.5013334
607,-20.0,0.5005215999999999
608,-20.0,0.4996081
609,-20.0,0.4987035999999999
610,-21.0,0.49796739999999995
611,-20.0,0.49695219999999996
612,-21.0,0.496216
613,-21.0,0.49530070000000004
614,-20.0,0.49440609999999996
615,-20.0,0.49345930000000005
616,-20.0,0.49245039999999995
617,-19.0,0.49153329999999995
618,-19.0,0.49028320000000003
619,-18.0,0.48905109999999996
620,-20.0,0.4882177
621,-21.0,0.4873662999999999
622,-21.0,0.4865499999999999
623,-20.0,0.4856401
624,-20.0,0.48472930000000003
625,-20.0,0.4835863
626,-21.0,0.4826863
627,-20.0,0.4815532
628,-20.0,0.4804677999999999
629,-20.0,0.4793518
630,-21.0,0.4785147999999999
631,-21.0,0.4776678999999999
632,-19.0,0.4762864
633,-21.0,0.47547549999999994
634,-21.0,0.47469249999999996
635,-21.0,0.47382219999999997
636,-21.0,0.4728475
637,-19.0,0.47178010000000004
638,-21.0,0.47085940000000004
639,-20.0,0.46984060000000005
640,-21.0,0.46882630000000003
641,-21.0,0.46793260000000003
642,-20.0,0.466885
643,-20.0,0.4659472
644,-20.0,0.46492659999999997
645,-20.0,0.4639654
646,-19.0,0.4629295
647,-21.0,0.461998
648,-21.0,0.46116009999999996
649,-20.0,0.4601124999999999
650,-19.0,0.4590208
651,-20.0,0.45784270000000005
652,-20.0,0.4567888
653,-18.0,0.455572
654,-19.0,0.4545523
655,-20.0,0.45349839999999997
656,-20.0,0.4526245
657,-19.0,0.4515013
658,-20.0,0.4505023
659,-20.0,0.4493728
660,-20.0,0.4483243
661,-19.0,0.44727759999999994
662,-20.0,0.4462767999999999
663,-20.0,0.44522470000000003
664,-21.0,0.4443211
665,-18.0,0.4431691
666,-20.0,0.44218269999999993
667,-21.0,0.44116659999999996
668,-20.0,0.4402539999999999
669,-21.0,0.4393135
670,-21.0,0.4385008
671,-19.0,0.4374217
672,-19.0,0.43633539999999993
673,-19.0,0.43525270000000005
674,-20.0,0.43433920000000004
675,-19.0,0.4333113999999999
676,-20.0,0.4322926
677,-21.0,0.43111810000000006
678,-20.0,0.43011999999999995
679,-18.0,0.42893919999999996
680,-19.0,0.42773589999999995
681,-21.0,0.4268529999999999
682,-21.0,0.425926
683,-20.0,0.4250305
684,-20.0,0.424045
685,-18.0,0.423037
686,-19.0,0.4221406
687,-15.0,0.42076179999999996
688,-19.0,0.4198033
689,-20.0,0.4188529
690,-20.0,0.4177693
691,-21.0,0.41684679999999996
692,-21.0,0.41603499999999993
693,-21.0,0.41500629999999994
694,-21.0,0.41381650000000003
695,-19.0,0.412516
696,-19.0,0.41159710000000005
697,-19.0,0.4103542
698,-21.0,0.40926339999999994
699,-18.0,0.4081618
700,-21.0,0.40717899999999996
701,-20.0,0.4061287
702,-19.0,0.40507840000000006
703,-15.0,0.40365909999999994
704,-20.0,0.4026915999999999
705,-19.0,0.40172589999999997
706,-19.0,0.40050550000000007
707,-20.0,0.39950470000000005
708,-19.0,0.39866409999999997
709,-20.0,0.3976434999999999
710,-20.0,0.3966967
711,-19.0,0.3954898
712,-21.0,0.39455379999999995
713,-17.0,0.39336309999999997
714,-20.0,0.3923443
715,-16.0,0.3907648
716,-21.0,0.3898558
717,-20.0,0.3886921
718,-21.0,0.38779659999999994
719,-18.0,0.38673820000000003
720,-21.0,0.3858210999999999
721,-21.0,0.38494359999999994
722,-20.0,0.3838051
723,-19.0,0.38290420000000003
724,-20.0,0.38174050000000004
725,-20.0,0.3807847
726,-21.0,0.3800188
727,-21.0,0.3790737999999999
728,-20.0,0.3780055
729,-19.0,0.37696779999999996
730,-20.0,0.3760155999999999
731,-20.0,0.3750238
732,-21.0,0.3740032
733,-21.0,0.37312750000000006
734,-21.0,0.371908
735,-21.0,0.37104039999999994
736,-20.0,0.37009630000000004
737,-20.0,0.3690901
738,-21.0,0.36810909999999997
739,-21.0,0.3672487
740,-17.0,0.3660705999999999
741,-17.0,0.36484930000000004
742,-19.0,0.3637980999999999
743,-21.0,0.36278560000000004
744,-20.0,0.36186039999999997
745,-18.0,0.3607156
746,-21.0,0.35971299999999995
747,-19.0,0.3586465
748,-18.0,0.35748459999999993
749,-21.0,0.3566332
750,-19.0,0.35536239999999997
751,-21.0,0.3543120999999999
752,-19.0,0.35335269999999996
753,-18.0,0.35209899999999994
754,-20.0,0.3511504
755,-17.0,0.3500776
756,-17.0,0.3486699999999999
757,-19.0,0.34756300000000007
758,-20.0,0.34652800000000006
759,-18.0,0.34547229999999995
760,-18.0,0.34427169999999996
761,-18.0,0.3431970999999999
762,-18.0,0.3418561
763,-21.0,0.3408202
764,-21.0,0.33984099999999995
765,-20.0,0.33865030000000007
766,-19.0,0.33733899999999994
767,-21.0,0.33650290000000005
768,-19.0,0.3352771
769,-20.0,0.3343258
770,-21.0,0.3332196999999999
771,-18.0,0.3318922000000001
772,-20.0,0.33085719999999996
773,-21.0,0.32962059999999993
774,-21.0,0.3288196
775,-20.0,0.32777559999999994
776,-19.0,0.32680359999999997
777,-19.0,0.32570829999999995
778,-21.0,0.3248191
779,-19.0,0.32344660000000003
780,-21.0,0.3222613
781,-19.0,0.32123709999999994
782,-19.0,0.320086
783,-20.0,0.31894389999999995
784,-21.0,0.31788189999999994
785,-20.0,0.3167506
786,-20.0,0.31552389999999997
787,-21.0,0.3142792
788,-20.0,0.3129463
789,-21.0,0.31191669999999994
790,-20.0,0.310663
791,-21.0,0.30970359999999997
792,-21.0,0.30880719999999995
793,-17.0,0.30769389999999996
794,-20.0,0.30666340000000003
795,-21.0,0.30570759999999997
796,-20.0,0.30465549999999997
797,-20.0,0.30353949999999996
798,-20.0,0.3026512
799,-20.0,0.3015388
800,-21.0,0.30065949999999997
801,-18.0,0.2991853
802,-18.0,0.2980305999999999
803,-20.0,0.29670129999999995
804,-19.0,0.2956365999999999
805,-21.0,0.2944593999999999
806,-19.0,0.29336320000000005
807,-15.0,0.2918305
808,-20.0,0.29084770000000004
809,-21.0,0.28988649999999994
810,-20.0,0.2887894
811,-20.0,0.28760949999999996
812,-21.0,0.2866059999999999
813,-19.0,0.2854063
814,-20.0,0.2842461999999999
815,-20.0,0.2829979
816,-20.0,0.2819224
817,-18.0,0.28075149999999993
818,-21.0,0.27964
819,-19.0,0.27831609999999996
820,-20.0,0.2769463
821,-20.0,0.275941
822,-21.0,0.27487360000000005
823,-20.0,0.27370630000000007
824,-18.0,0.27259750000000005
825,-21.0,0.2716588
826,-20.0,0.27039879999999994
827,-20.0,0.269335
828,-20.0,0.2682253
829,-20.0,0.2671696
830,-19.0,0.26597800000000005
831,-19.0,0.26498350000000004
832,-16.0,0.2637469
833,-20.0,0.2625931
834,-20.0,0.2612107
835,-19.0,0.2597752
836,-21.0,0.258787
837,-16.0,0.25754679999999996
838,-20.0,0.25666659999999997
839,-20.0,0.25549389999999994
840,-19.0,0.2543617
841,-21.0,0.2533069
842,-19.0,0.25229080000000004
843,-20.0,0.2512063
844,-21.0,0.2502883
845,-20.0,0.249112
846,-18.0,0.24787269999999995
847,-20.0,0.24675760000000002
848,-20.0,0.24568029999999996
849,-19.0,0.24450400000000005
850,-18.0,0.2433898
851,-19.0,0.24210189999999998
852,-19.0,0.2409985
853,-20.0,0.23992749999999996
854,-18.0,0.23863060000000003
855,-21.0,0.23747859999999998
856,-20.0,0.23620509999999995
857,-19.0,0.2346661
858,-19.0,0.23329539999999993
859,-21.0,0.23238910000000002
860,-20.0,0.23137029999999992
861,-18.0,0.23001129999999992
862,-19.0,0.2287441
863,-20.0,0.22772440000000005
864,-20.0,0.2267578
865,-19.0,0.2254527999999999
866,-17.0,0.2241208
867,-19.0,0.22288600000000003
868,-19.0,0.22163049999999995
869,-19.0,0.22043440000000003
870,-20.0,0.21938229999999992
871,-18.0,0.21783339999999995
872,-20.0,0.21679930000000003
873,-18.0,0.21539260000000005
874,-20.0,0.21437289999999998
875,-19.0,0.21283569999999996
876,-20.0,0.21160629999999991
877,-17.0,0.21031659999999996
878,-15.0,0.20886399999999994
879,-17.0,0.2076273999999999
880,-18.0,0.20615229999999996
881,-18.0,0.20473569999999996
882,-19.0,0.20367009999999997
883,-20.0,0.20240740000000002
884,-19.0,0.20127609999999996
885,-20.0,0.2001286
886,-19.0,0.19907379999999997
887,-18.0,0.1976895999999999
888,-19.0,0.19616049999999996
889,-18.0,0.1949356
890,-19.0,0.19366660000000002
891,-20.0,0.19237689999999996
892,-19.0,0.19107639999999992
893,-18.0,0.18993159999999998
894,-20.0,0.18862480000000004
895,-19.0,0.18730900000000006
896,-17.0,0.18586270000000005
897,-19.0,0.18462519999999993
898,-20.0,0.18322839999999996
899,-21.0,0.18208990000000003
900,-17.0,0.18071289999999995
901,-19.0,0.17942589999999992
902,-19.0,0.17820369999999996
903,-21.0,0.17713539999999994
904,-18.0,0.17573949999999994
905,-17.0,0.17414739999999995
906,-21.0,0.17292249999999998
907,-19.0,0.17175610000000008
908,-20.0,0.17039439999999995
909,-19.0,0.16907680000000003
910,-17.0,0.16744419999999993
911,-19.0,0.16595110000000002
912,-20.0,0.1648288
913,-19.0,0.16341670000000008
914,-17.0,0.16202169999999994
915,-18.0,0.16081839999999992
916,-20.0,0.15963850000000002
917,-19.0,0.15839380000000003
918,-20.0,0.15730299999999997
919,-21.0,0.15628779999999998
920,-19.0,0.1550764
921,-20.0,0.15409000000000006
922,-19.0,0.15287050000000002
923,-20.0,0.1518085
924,-21.0,0.15080320000000003
925,-19.0,0.1496808999999999
926,-18.0,0.1484938
927,-17.0,0.1472797
928,-19.0,0.14592340000000004
929,-18.0,0.1445923
930,-18.0,0.1431289
931,-18.0,0.1418608
932,-20.0,0.14050269999999998
933,-20.0,0.1393920999999999
934,-19.0,0.13819419999999993
935,-21.0,0.13713039999999999
936,-21.0,0.13616109999999992
937,-18.0,0.13499379999999994
938,-21.0,0.13393089999999996
939,-18.0,0.1326853
940,-17.0,0.13108600000000004
941,-20.0,0.12979989999999997
942,-19.0,0.12841120000000006
943,-19.0,0.12711879999999998
944,-17.0,0.12558250000000004
945,-19.0,0.12444310000000003
946,-18.0,0.12308499999999989
947,-18.0,0.12151990000000001
948,-18.0,0.11980630000000003
949,-20.0,0.1184788
950,-18.0,0.11696589999999996
951,-17.0,0.11544940000000004
952,-17.0,0.11410389999999992
953,-19.0,0.11283399999999999
954,-20.0,0.1114948
955,-20.0,0.10989549999999992
956,-20.0,0.10851219999999995
957,-20.0,0.10717480000000001
958,-18.0,0.10557279999999991
959,-16.0,0.10385830000000007
960,-16.0,0.10227520000000001
961,-15.0,0.10065879999999994
962,-20.0,0.09999999999999998
963,-16.0,0.09999999999999998
964,-16.0,0.09999999999999998
965,-19.0,0.09999999999999998
966,-20.0,0.09999999999999998
967,-19.0,0.09999999999999998
968,-19.0,0.09999999999999998
969,-15.0,0.09999999999999998
970,-18.0,0.09999999999999998
971,-19.0,0.09999999999999998
972,-21.0,0.09999999999999998
973,-17.0,0.09999999999999998
974,-20.0,0.09999999999999998
975,-17.0,0.09999999999999998
976,-19.0,0.09999999999999998
977,-17.0,0.09999999999999998
978,-15.0,0.09999999999999998
979,-19.0,0.09999999999999998
980,-18.0,0.09999999999999998
981,-16.0,0.09999999999999998
982,-20.0,0.09999999999999998
983,-12.0,0.09999999999999998
984,-20.0,0.09999999999999998
985,-20.0,0.09999999999999998
986,-20.0,0.09999999999999998
987,-18.0,0.09999999999999998
988,-19.0,0.09999999999999998
989,-16.0,0.09999999999999998
990,-19.0,0.09999999999999998
991,-15.0,0.09999999999999998
992,-20.0,0.09999999999999998
993,-17.0,0.09999999999999998
994,-17.0,0.09999999999999998
995,-20.0,0.09999999999999998
996,-20.0,0.09999999999999998
997,-19.0,0.09999999999999998
998,-19.0,0.09999999999999998
999,-20.0,0.09999999999999998
1000,-18.0,0.09999999999999998
1001,-16.0,0.09999999999999998
1002,-18.0,0.09999999999999998
1003,-18.0,0.09999999999999998
1004,-20.0,0.09999999999999998
1005,-18.0,0.09999999999999998
1006,-17.0,0.09999999999999998
1007,-17.0,0.09999999999999998
1008,-18.0,0.09999999999999998
1009,-18.0,0.09999999999999998
1010,-17.0,0.09999999999999998
1011,-17.0,0.09999999999999998
1012,-19.0,0.09999999999999998
1013,-19.0,0.09999999999999998
1014,-21.0,0.09999999999999998
1015,-18.0,0.09999999999999998
1016,-19.0,0.09999999999999998
1017,-19.0,0.09999999999999998
1018,-18.0,0.09999999999999998
1019,-17.0,0.09999999999999998
1020,-17.0,0.09999999999999998
1021,-16.0,0.09999999999999998
1022,-18.0,0.09999999999999998
1023,-17.0,0.09999999999999998
1024,-19.0,0.09999999999999998
1025,-18.0,0.09999999999999998
1026,-17.0,0.09999999999999998
1027,-19.0,0.09999999999999998
1028,-17.0,0.09999999999999998
1029,-20.0,0.09999999999999998
1030,-17.0,0.09999999999999998
1031,-18.0,0.09999999999999998
1032,-14.0,0.09999999999999998
1033,-20.0,0.09999999999999998
1034,-20.0,0.09999999999999998
1035,-19.0,0.09999999999999998
1036,-19.0,0.09999999999999998
1037,-15.0,0.09999999999999998
1038,-18.0,0.09999999999999998
1039,-19.0,0.09999999999999998
1040,-18.0,0.09999999999999998
1041,-17.0,0.09999999999999998
1042,-17.0,0.09999999999999998
1043,-18.0,0.09999999999999998
1044,-18.0,0.09999999999999998
1045,-19.0,0.09999999999999998
1046,-16.0,0.09999999999999998
1047,-17.0,0.09999999999999998
1048,-19.0,0.09999999999999998
1049,-15.0,0.09999999999999998
1050,-20.0,0.09999999999999998
1051,-15.0,0.09999999999999998
1052,-19.0,0.09999999999999998
1053,-20.0,0.09999999999999998
1054,-18.0,0.09999999999999998
1055,-18.0,0.09999999999999998
1056,-19.0,0.09999999999999998
1057,-18.0,0.09999999999999998
1058,-15.0,0.09999999999999998
1059,-19.0,0.09999999999999998
1060,-19.0,0.09999999999999998
1061,-20.0,0.09999999999999998
1062,-18.0,0.09999999999999998
1063,-18.0,0.09999999999999998
1064,-20.0,0.09999999999999998
1065,-18.0,0.09999999999999998
1066,-20.0,0.09999999999999998
1067,-19.0,0.09999999999999998
1068,-19.0,0.09999999999999998
1069,-17.0,0.09999999999999998
1070,-19.0,0.09999999999999998
1071,-18.0,0.09999999999999998
1072,-20.0,0.09999999999999998
1073,-16.0,0.09999999999999998
1074,-20.0,0.09999999999999998
1075,-17.0,0.09999999999999998
1076,-20.0,0.09999999999999998
1077,-19.0,0.09999999999999998
1078,-16.0,0.09999999999999998
1079,-19.0,0.09999999999999998
1080,-16.0,0.09999999999999998
1081,-18.0,0.09999999999999998
1082,-19.0,0.09999999999999998
1083,-18.0,0.09999999999999998
1084,-20.0,0.09999999999999998
1085,-18.0,0.09999999999999998
1086,-20.0,0.09999999999999998
1087,-17.0,0.09999999999999998
1088,-18.0,0.09999999999999998
1089,-20.0,0.09999999999999998
1090,-20.0,0.09999999999999998
1091,-19.0,0.09999999999999998
1092,-19.0,0.09999999999999998
1093,-21.0,0.09999999999999998
1094,-19.0,0.09999999999999998
1095,-15.0,0.09999999999999998
1096,-18.0,0.09999999999999998
1097,-18.0,0.09999999999999998
1098,-18.0,0.09999999999999998
1099,-19.0,0.09999999999999998
1100,-17.0,0.09999999999999998
1101,-19.0,0.09999999999999998
1102,-21.0,0.09999999999999998
1103,-17.0,0.09999999999999998
1104,-17.0,0.09999999999999998
1105,-18.0,0.09999999999999998
1106,-19.0,0.09999999999999998
1107,-17.0,0.09999999999999998
1108,-20.0,0.09999999999999998
1109,-20.0,0.09999999999999998
1110,-20.0,0.09999999999999998
1111,-20.0,0.09999999999999998
1112,-19.0,0.09999999999999998
1113,-19.0,0.09999999999999998
1114,-19.0,0.09999999999999998
1115,-20.0,0.09999999999999998
1116,-21.0,0.09999999999999998
1117,-19.0,0.09999999999999998
1118,-19.0,0.09999999999999998
1119,-17.0,0.09999999999999998
1120,-17.0,0.09999999999999998
1121,-19.0,0.09999999999999998
1122,-18.0,0.09999999999999998
1123,-20.0,0.09999999999999998
1124,-15.0,0.09999999999999998
1125,-20.0,0.09999999999999998
1126,-20.0,0.09999999999999998
1127,-16.0,0.09999999999999998
1128,-17.0,0.09999999999999998
1129,-18.0,0.09999999999999998
1130,-20.0,0.09999999999999998
1131,-21.0,0.09999999999999998
1132,-18.0,0.09999999999999998
1133,-20.0,0.09999999999999998
1134,-17.0,0.09999999999999998
1135,-18.0,0.09999999999999998
1136,-17.0,0.09999999999999998
1137,-20.0,0.09999999999999998
1138,-19.0,0.09999999999999998
1139,-19.0,0.09999999999999998
1140,-15.0,0.09999999999999998
1141,-15.0,0.09999999999999998
1142,-17.0,0.09999999999999998
1143,-15.0,0.09999999999999998
1144,-20.0,0.09999999999999998
1145,-18.0,0.09999999999999998
1146,-14.0,0.09999999999999998
1147,-21.0,0.09999999999999998
1148,-21.0,0.09999999999999998
1149,-20.0,0.09999999999999998
1150,-18.0,0.09999999999999998
1151,-18.0,0.09999999999999998
1152,-19.0,0.09999999999999998
1153,-21.0,0.09999999999999998
1154,-18.0,0.09999999999999998
1155,-19.0,0.09999999999999998
1156,-18.0,0.09999999999999998
1157,-19.0,0.09999999999999998
1158,-17.0,0.09999999999999998
1159,-19.0,0.09999999999999998
1160,-19.0,0.09999999999999998
1161,-15.0,0.09999999999999998
1162,-18.0,0.09999999999999998
1163,-18.0,0.09999999999999998
1164,-17.0,0.09999999999999998
1165,-19.0,0.09999999999999998
1166,-18.0,0.09999999999999998
1167,-15.0,0.09999999999999998
1168,-19.0,0.09999999999999998
1169,-17.0,0.09999999999999998
1170,-20.0,0.09999999999999998
1171,-19.0,0.09999999999999998
1172,-19.0,0.09999999999999998
1173,-21.0,0.09999999999999998
1174,-18.0,0.09999999999999998
1175,-20.0,0.09999999999999998
1176,-19.0,0.09999999999999998
1177,-20.0,0.09999999999999998
1178,-15.0,0.09999999999999998
1179,-16.0,0.09999999999999998
1180,-20.0,0.09999999999999998
1181,-17.0,0.09999999999999998
1182,-18.0,0.09999999999999998
1183,-20.0,0.09999999999999998
1184,-16.0,0.09999999999999998
1185,-16.0,0.09999999999999998
1186,-17.0,0.09999999999999998
1187,-16.0,0.09999999999999998
1188,-18.0,0.09999999999999998
1189,-16.0,0.09999999999999998
1190,-17.0,0.09999999999999998
1191,-18.0,0.09999999999999998
1192,-20.0,0.09999999999999998
1193,-21.0,0.09999999999999998
1194,-19.0,0.09999999999999998
1195,-16.0,0.09999999999999998
1196,-20.0,0.09999999999999998
1197,-16.0,0.09999999999999998
1198,-19.0,0.09999999999999998
1199,-18.0,0.09999999999999998
1200,-18.0,0.09999999999999998
1201,-16.0,0.09999999999999998
1202,-16.0,0.09999999999999998
1203,-18.0,0.09999999999999998
1204,-16.0,0.09999999999999998
1205,-17.0,0.09999999999999998
1206,-19.0,0.09999999999999998
1207,-16.0,0.09999999999999998
1208,-18.0,0.09999999999999998
1209,-17.0,0.09999999999999998
1210,-19.0,0.09999999999999998
1211,-16.0,0.09999999999999998
1212,-16.0,0.09999999999999998
1213,-17.0,0.09999999999999998
1214,-18.0,0.09999999999999998
1215,-16.0,0.09999999999999998
1216,-15.0,0.09999999999999998
1217,-20.0,0.09999999999999998
1218,-15.0,0.09999999999999998
1219,-14.0,0.09999999999999998
1220,-17.0,0.09999999999999998
1221,-16.0,0.09999999999999998
1222,-18.0,0.09999999999999998
1223,-18.0,0.09999999999999998
1224,-19.0,0.09999999999999998
1225,-17.0,0.09999999999999998
1226,-18.0,0.09999999999999998
1227,-20.0,0.09999999999999998
1228,-18.0,0.09999999999999998
1229,-18.0,0.09999999999999998
1230,-20.0,0.09999999999999998
1231,-16.0,0.09999999999999998
1232,-12.0,0.09999999999999998
1233,-17.0,0.09999999999999998
1234,-16.0,0.09999999999999998
1235,-18.0,0.09999999999999998
1236,-20.0,0.09999999999999998
1237,-19.0,0.09999999999999998
1238,-16.0,0.09999999999999998
1239,-19.0,0.09999999999999998
1240,-14.0,0.09999999999999998
1241,-17.0,0.09999999999999998
1242,-15.0,0.09999999999999998
1243,-18.0,0.09999999999999998
1244,-19.0,0.09999999999999998
1245,-19.0,0.09999999999999998
1246,-11.0,0.09999999999999998
1247,-13.0,0.09999999999999998
1248,-17.0,0.09999999999999998
1249,-20.0,0.09999999999999998
1250,-19.0,0.09999999999999998
1251,-13.0,0.09999999999999998
1252,-17.0,0.09999999999999998
1253,-14.0,0.09999999999999998
1254,-21.0,0.09999999999999998
1255,-15.0,0.09999999999999998
1256,-16.0,0.09999999999999998
1257,-18.0,0.09999999999999998
1258,-17.0,0.09999999999999998
1259,-17.0,0.09999999999999998
1260,-19.0,0.09999999999999998
1261,-14.0,0.09999999999999998
1262,-18.0,0.09999999999999998
1263,-17.0,0.09999999999999998
1264,-17.0,0.09999999999999998
1265,-19.0,0.09999999999999998
1266,-13.0,0.09999999999999998
1267,-18.0,0.09999999999999998
1268,-18.0,0.09999999999999998
1269,-15.0,0.09999999999999998
1270,-19.0,0.09999999999999998
1271,-19.0,0.09999999999999998
1272,-18.0,0.09999999999999998
1273,-19.0,0.09999999999999998
1274,-17.0,0.09999999999999998
1275,-18.0,0.09999999999999998
1276,-14.0,0.09999999999999998
1277,-18.0,0.09999999999999998
1278,-20.0,0.09999999999999998
1279,-18.0,0.09999999999999998
1280,-19.0,0.09999999999999998
1281,-18.0,0.09999999999999998
1282,-14.0,0.09999999999999998
1283,-17.0,0.09999999999999998
1284,-16.0,0.09999999999999998
1285,-21.0,0.09999999999999998
1286,-16.0,0.09999999999999998
1287,-17.0,0.09999999999999998
1288,-15.0,0.09999999999999998
1289,-20.0,0.09999999999999998
1290,-17.0,0.09999999999999998
1291,-21.0,0.09999999999999998
1292,-16.0,0.09999999999999998
1293,-19.0,0.09999999999999998
1294,-20.0,0.09999999999999998
1295,-18.0,0.09999999999999998
1296,-20.0,0.09999999999999998
1297,-17.0,0.09999999999999998
1298,-19.0,0.09999999999999998
1299,-18.0,0.09999999999999998
1300,-18.0,0.09999999999999998
1301,-16.0,0.09999999999999998
1302,-15.0,0.09999999999999998
1303,-19.0,0.09999999999999998
1304,-19.0,0.09999999999999998
1305,-18.0,0.09999999999999998
1306,-19.0,0.09999999999999998
1307,-16.0,0.09999999999999998
1308,-17.0,0.09999999999999998
1309,-16.0,0.09999999999999998
1310,-16.0,0.09999999999999998
1311,-19.0,0.09999999999999998
1312,-20.0,0.09999999999999998
1313,-18.0,0.09999999999999998
1314,-17.0,0.09999999999999998
1315,-17.0,0.09999999999999998
1316,-10.0,0.09999999999999998
1317,-20.0,0.09999999999999998
1318,-17.0,0.09999999999999998
1319,-19.0,0.09999999999999998
1320,-19.0,0.09999999999999998
1321,-17.0,0.09999999999999998
1322,-21.0,0.09999999999999998
1323,-19.0,0.09999999999999998
1324,-19.0,0.09999999999999998
1325,-19.0,0.09999999999999998
1326,-16.0,0.09999999999999998
1327,-19.0,0.09999999999999998
1328,-20.0,0.09999999999999998
1329,-20.0,0.09999999999999998
1330,-17.0,0.09999999999999998
1331,-16.0,0.09999999999999998
1332,-16.0,0.09999999999999998
1333,-18.0,0.09999999999999998
1334,-18.0,0.09999999999999998
1335,-19.0,0.09999999999999998
1336,-18.0,0.09999999999999998
1337,-14.0,0.09999999999999998
1338,-18.0,0.09999999999999998
1339,-19.0,0.09999999999999998
1340,-17.0,0.09999999999999998
1341,-16.0,0.09999999999999998
1342,-17.0,0.09999999999999998
1343,-20.0,0.09999999999999998
1344,-16.0,0.09999999999999998
1345,-19.0,0.09999999999999998
1346,-13.0,0.09999999999999998
1347,-20.0,0.09999999999999998
1348,-18.0,0.09999999999999998
1349,-18.0,0.09999999999999998
1350,-16.0,0.09999999999999998
1351,-16.0,0.09999999999999998
1352,-18.0,0.09999999999999998
1353,-19.0,0.09999999999999998
1354,-19.0,0.09999999999999998
1355,-16.0,0.09999999999999998
1356,-18.0,0.09999999999999998
1357,-16.0,0.09999999999999998
1358,-19.0,0.09999999999999998
1359,-18.0,0.09999999999999998
1360,-19.0,0.09999999999999998
1361,-18.0,0.09999999999999998
1362,-21.0,0.09999999999999998
1363,-16.0,0.09999999999999998
1364,-17.0,0.09999999999999998
1365,-17.0,0.09999999999999998
1366,-15.0,0.09999999999999998
1367,-20.0,0.09999999999999998
1368,-16.0,0.09999999999999998
1369,-15.0,0.09999999999999998
1370,-19.0,0.09999999999999998
1371,-16.0,0.09999999999999998
1372,-11.0,0.09999999999999998
1373,-18.0,0.09999999999999998
1374,-19.0,0.09999999999999998
1375,-19.0,0.09999999999999998
1376,-19.0,0.09999999999999998
1377,-15.0,0.09999999999999998
1378,-17.0,0.09999999999999998
1379,-20.0,0.09999999999999998
1380,-20.0,0.09999999999999998
1381,-16.0,0.09999999999999998
1382,-17.0,0.09999999999999998
1383,-19.0,0.09999999999999998
1384,-18.0,0.09999999999999998
1385,-20.0,0.09999999999999998
1386,-21.0,0.09999999999999998
1387,-18.0,0.09999999999999998
1388,-18.0,0.09999999999999998
1389,-19.0,0.09999999999999998
1390,-16.0,0.09999999999999998
1391,-18.0,0.09999999999999998
1392,-17.0,0.09999999999999998
1393,-19.0,0.09999999999999998
1394,-18.0,0.09999999999999998
1395,-18.0,0.09999999999999998
1396,-20.0,0.09999999999999998
1397,-19.0,0.09999999999999998
1398,-21.0,0.09999999999999998
1399,-19.0,0.09999999999999998
1400,-16.0,0.09999999999999998
1401,-20.0,0.09999999999999998
1402,-21.0,0.09999999999999998
1403,-20.0,0.09999999999999998
1404,-18.0,0.09999999999999998
1405,-16.0,0.09999999999999998
1406,-20.0,0.09999999999999998
1407,-17.0,0.09999999999999998
1408,-18.0,0.09999999999999998
1409,-18.0,0.09999999999999998
1410,-19.0,0.09999999999999998
1411,-18.0,0.09999999999999998
1412,-20.0,0.09999999999999998
1413,-17.0,0.09999999999999998
1414,-15.0,0.09999999999999998
1415,-15.0,0.09999999999999998
1416,-15.0,0.09999999999999998
1417,-19.0,0.09999999999999998
1418,-17.0,0.09999999999999998
1419,-17.0,0.09999999999999998
1420,-18.0,0.09999999999999998
1421,-21.0,0.09999999999999998
1422,-17.0,0.09999999999999998
1423,-19.0,0.09999999999999998
1424,-19.0,0.09999999999999998
1425,-16.0,0.09999999999999998
1426,-15.0,0.09999999999999998
1427,-19.0,0.09999999999999998
1428,-16.0,0.09999999999999998
1429,-17.0,0.09999999999999998
1430,-16.0,0.09999999999999998
1431,-18.0,0.09999999999999998
1432,-20.0,0.09999999999999998
1433,-19.0,0.09999999999999998
1434,-15.0,0.09999999999999998
1435,-16.0,0.09999999999999998
1436,-18.0,0.09999999999999998
1437,-17.0,0.09999999999999998
1438,-16.0,0.09999999999999998
1439,-19.0,0.09999999999999998
1440,-14.0,0.09999999999999998
1441,-20.0,0.09999999999999998
1442,-18.0,0.09999999999999998
1443,-21.0,0.09999999999999998
1444,-20.0,0.09999999999999998
1445,-16.0,0.09999999999999998
1446,-17.0,0.09999999999999998
1447,-12.0,0.09999999999999998
1448,-15.0,0.09999999999999998
1449,-18.0,0.09999999999999998
1450,-16.0,0.09999999999999998
1451,-17.0,0.09999999999999998
1452,-17.0,0.09999999999999998
1453,-18.0,0.09999999999999998
1454,-20.0,0.09999999999999998
1455,-19.0,0.09999999999999998
1456,-19.0,0.09999999999999998
1457,-17.0,0.09999999999999998
1458,-17.0,0.09999999999999998
1459,-16.0,0.09999999999999998
1460,-15.0,0.09999999999999998
1461,-21.0,0.09999999999999998
1462,-18.0,0.09999999999999998
1463,-19.0,0.09999999999999998
1464,-18.0,0.09999999999999998
1465,-17.0,0.09999999999999998
1466,-19.0,0.09999999999999998
1467,-20.0,0.09999999999999998
1468,-19.0,0.09999999999999998
1469,-15.0,0.09999999999999998
1470,-17.0,0.09999999999999998
1471,-21.0,0.09999999999999998
1472,-19.0,0.09999999999999998
1473,-16.0,0.09999999999999998
1474,-20.0,0.09999999999999998
1475,-16.0,0.09999999999999998
1476,-17.0,0.09999999999999998
1477,-20.0,0.09999999999999998
1478,-17.0,0.09999999999999998
1479,-18.0,0.09999999999999998
1480,-18.0,0.09999999999999998
1481,-18.0,0.09999999999999998
1482,-15.0,0.09999999999999998
1483,-16.0,0.09999999999999998
1484,-17.0,0.09999999999999998
1485,-20.0,0.09999999999999998
1486,-17.0,0.09999999999999998
1487,-19.0,0.09999999999999998
1488,-17.0,0.09999999999999998
1489,-20.0,0.09999999999999998
1490,-20.0,0.09999999999999998
1491,-16.0,0.09999999999999998
1492,-17.0,0.09999999999999998
1493,-18.0,0.09999999999999998
1494,-17.0,0.09999999999999998
1495,-20.0,0.09999999999999998
1496,-19.0,0.09999999999999998
1497,-16.0,0.09999999999999998
1498,-18.0,0.09999999999999998
1499,-17.0,0.09999999999999998
1500,-16.0,0.09999999999999998
1501,-17.0,0.09999999999999998
1502,-15.0,0.09999999999999998
1503,-14.0,0.09999999999999998
1504,-15.0,0.09999999999999998
1505,-17.0,0.09999999999999998
1506,-17.0,0.09999999999999998
1507,-20.0,0.09999999999999998
1508,-16.0,0.09999999999999998
1509,-17.0,0.09999999999999998
1510,-20.0,0.09999999999999998
1511,-16.0,0.09999999999999998
1512,-20.0,0.09999999999999998
1513,-17.0,0.09999999999999998
1514,-21.0,0.09999999999999998
1515,-16.0,0.09999999999999998
1516,-16.0,0.09999999999999998
1517,-17.0,0.09999999999999998
1518,-8.0,0.09999999999999998
1519,-16.0,0.09999999999999998
1520,-15.0,0.09999999999999998
1521,-13.0,0.09999999999999998
1522,-14.0,0.09999999999999998
1523,-18.0,0.09999999999999998
1524,-17.0,0.09999999999999998
1525,-18.0,0.09999999999999998
1526,-16.0,0.09999999999999998
1527,-17.0,0.09999999999999998
1528,-16.0,0.09999999999999998
1529,-18.0,0.09999999999999998
1530,-18.0,0.09999999999999998
1531,-17.0,0.09999999999999998
1532,-17.0,0.09999999999999998
1533,-21.0,0.09999999999999998
1534,-13.0,0.09999999999999998
1535,-15.0,0.09999999999999998
1536,-16.0,0.09999999999999998
1537,-20.0,0.09999999999999998
1538,-18.0,0.09999999999999998
1539,-14.0,0.09999999999999998
1540,-19.0,0.09999999999999998
1541,-20.0,0.09999999999999998
1542,-16.0,0.09999999999999998
1543,-18.0,0.09999999999999998
1544,-19.0,0.09999999999999998
1545,-18.0,0.09999999999999998
1546,-18.0,0.09999999999999998
1547,-17.0,0.09999999999999998
1548,-15.0,0.09999999999999998
1549,-12.0,0.09999999999999998
1550,-18.0,0.09999999999999998
1551,-13.0,0.09999999999999998
1552,-15.0,0.09999999999999998
1553,-15.0,0.09999999999999998
1554,-14.0,0.09999999999999998
1555,-16.0,0.09999999999999998
1556,-19.0,0.09999999999999998
1557,-20.0,0.09999999999999998
1558,-19.0,0.09999999999999998
1559,-13.0,0.09999999999999998
1560,-17.0,0.09999999999999998
1561,-19.0,0.09999999999999998
1562,-17.0,0.09999999999999998
1563,-17.0,0.09999999999999998
1564,-13.0,0.09999999999999998
1565,-18.0,0.09999999999999998
1566,-15.0,0.09999999999999998
1567,-15.0,0.09999999999999998
1568,-18.0,0.09999999999999998
1569,-18.0,0.09999999999999998
1570,-18.0,0.09999999999999998
1571,-17.0,0.09999999999999998
1572,-18.0,0.09999999999999998
1573,-15.0,0.09999999999999998
1574,-14.0,0.09999999999999998
1575,-17.0,0.09999999999999998
1576,-18.0,0.09999999999999998
1577,-17.0,0.09999999999999998
1578,-18.0,0.09999999999999998
1579,-18.0,0.09999999999999998
1580,-16.0,0.09999999999999998
1581,-18.0,0.09999999999999998
1582,-18.0,0.09999999999999998
1583,-17.0,0.09999999999999998
1584,-13.0,0.09999999999999998
1585,-17.0,0.09999999999999998
1586,-16.0,0.09999999999999998
1587,-19.0,0.09999999999999998
1588,-18.0,0.09999999999999998
1589,-15.0,0.09999999999999998
1590,-18.0,0.09999999999999998
1591,-20.0,0.09999999999999998
1592,-18.0,0.09999999999999998
1593,-19.0,0.09999999999999998
1594,-18.0,0.09999999999999998
1595,-18.0,0.09999999999999998
1596,-15.0,0.09999999999999998
1597,-17.0,0.09999999999999998
1598,-15.0,0.09999999999999998
1599,-20.0,0.09999999999999998
1600,-18.0,0.09999999999999998
1601,-18.0,0.09999999999999998
1602,-13.0,0.09999999999999998
1603,-16.0,0.09999999999999998
1604,-12.0,0.09999999999999998
1605,-15.0,0.09999999999999998
1606,-17.0,0.09999999999999998
1607,-14.0,0.09999999999999998
1608,-17.0,0.09999999999999998
1609,-18.0,0.09999999999999998
1610,-16.0,0.09999999999999998
1611,-21.0,0.09999999999999998
1612,-18.0,0.09999999999999998
1613,-18.0,0.09999999999999998
1614,-12.0,0.09999999999999998
1615,-19.0,0.09999999999999998
1616,-16.0,0.09999999999999998
1617,-18.0,0.09999999999999998
1618,-16.0,0.09999999999999998
1619,-16.0,0.09999999999999998
1620,-15.0,0.09999999999999998
1621,-16.0,0.09999999999999998
1622,-18.0,0.09999999999999998
1623,-15.0,0.09999999999999998
1624,-14.0,0.09999999999999998
1625,-14.0,0.09999999999999998
1626,-12.0,0.09999999999999998
1627,-19.0,0.09999999999999998
1628,-19.0,0.09999999999999998
1629,-15.0,0.09999999999999998
1630,-18.0,0.09999999999999998
1631,-16.0,0.09999999999999998
1632,-21.0,0.09999999999999998
1633,-14.0,0.09999999999999998
1634,-14.0,0.09999999999999998
1635,-14.0,0.09999999999999998
1636,-14.0,0.09999999999999998
1637,-14.0,0.09999999999999998
1638,-15.0,0.09999999999999998
1639,-17.0,0.09999999999999998
1640,-18.0,0.09999999999999998
1641,-20.0,0.09999999999999998
1642,-19.0,0.09999999999999998
1643,-15.0,0.09999999999999998
1644,-18.0,0.09999999999999998
1645,-20.0,0.09999999999999998
1646,-15.0,0.09999999999999998
1647,-14.0,0.09999999999999998
1648,-15.0,0.09999999999999998
1649,-17.0,0.09999999999999998
1650,-18.0,0.09999999999999998
1651,-18.0,0.09999999999999998
1652,-12.0,0.09999999999999998
1653,-17.0,0.09999999999999998
1654,-16.0,0.09999999999999998
1655,-9.0,0.09999999999999998
1656,-19.0,0.09999999999999998
1657,-17.0,0.09999999999999998
1658,-17.0,0.09999999999999998
1659,-16.0,0.09999999999999998
1660,-12.0,0.09999999999999998
1661,-13.0,0.09999999999999998
1662,-20.0,0.09999999999999998
1663,-17.0,0.09999999999999998
1664,-15.0,0.09999999999999998
1665,-18.0,0.09999999999999998
1666,-15.0,0.09999999999999998
1667,-20.0,0.09999999999999998
1668,-16.0,0.09999999999999998
1669,-18.0,0.09999999999999998
1670,-18.0,0.09999999999999998
1671,-17.0,0.09999999999999998
1672,-19.0,0.09999999999999998
1673,-18.0,0.09999999999999998
1674,-17.0,0.09999999999999998
1675,-15.0,0.09999999999999998
1676,-17.0,0.09999999999999998
1677,-17.0,0.09999999999999998
1678,-9.0,0.09999999999999998
1679,-11.0,0.09999999999999998
1680,-9.0,0.09999999999999998
1681,-13.0,0.09999999999999998
1682,-16.0,0.09999999999999998
1683,-15.0,0.09999999999999998
1684,-17.0,0.09999999999999998
1685,-15.0,0.09999999999999998
1686,-14.0,0.09999999999999998
1687,-18.0,0.09999999999999998
1688,-16.0,0.09999999999999998
1689,-17.0,0.09999999999999998
1690,-16.0,0.09999999999999998
1691,-16.0,0.09999999999999998
1692,-19.0,0.09999999999999998
1693,-21.0,0.09999999999999998
1694,-8.0,0.09999999999999998
1695,-15.0,0.09999999999999998
1696,-14.0,0.09999999999999998
1697,-16.0,0.09999999999999998
1698,-18.0,0.09999999999999998
1699,-16.0,0.09999999999999998
1700,-19.0,0.09999999999999998
1701,-16.0,0.09999999999999998
1702,-17.0,0.09999999999999998
1703,-19.0,0.09999999999999998
1704,-18.0,0.09999999999999998
1705,-16.0,0.09999999999999998
1706,-16.0,0.09999999999999998
1707,-13.0,0.09999999999999998
1708,-20.0,0.09999999999999998
1709,-16.0,0.09999999999999998
1710,-16.0,0.09999999999999998
1711,-15.0,0.09999999999999998
1712,-14.0,0.09999999999999998
1713,-17.0,0.09999999999999998
1714,-19.0,0.09999999999999998
1715,-13.0,0.09999999999999998
1716,-15.0,0.09999999999999998
1717,-15.0,0.09999999999999998
1718,-19.0,0.09999999999999998
1719,-16.0,0.09999999999999998
1720,-16.0,0.09999999999999998
1721,-15.0,0.09999999999999998
1722,-14.0,0.09999999999999998
1723,-15.0,0.09999999999999998
1724,-10.0,0.09999999999999998
1725,-14.0,0.09999999999999998
1726,-17.0,0.09999999999999998
1727,-16.0,0.09999999999999998
1728,-16.0,0.09999999999999998
1729,-12.0,0.09999999999999998
1730,-13.0,0.09999999999999998
1731,-11.0,0.09999999999999998
1732,-13.0,0.09999999999999998
1733,-17.0,0.09999999999999998
1734,-17.0,0.09999999999999998
1735,-20.0,0.09999999999999998
1736,-14.0,0.09999999999999998
1737,-13.0,0.09999999999999998
1738,-13.0,0.09999999999999998
1739,-14.0,0.09999999999999998
1740,-16.0,0.09999999999999998
1741,-19.0,0.09999999999999998
1742,-19.0,0.09999999999999998
1743,-16.0,0.09999999999999998
1744,-13.0,0.09999999999999998
1745,-17.0,0.09999999999999998
1746,-21.0,0.09999999999999998
1747,-18.0,0.09999999999999998
1748,-13.0,0.09999999999999998
1749,-19.0,0.09999999999999998
1750,-12.0,0.09999999999999998
1751,-16.0,0.09999999999999998
1752,-16.0,0.09999999999999998
1753,-11.0,0.09999999999999998
1754,-9.0,0.09999999999999998
1755,-17.0,0.09999999999999998
1756,-16.0,0.09999999999999998
1757,-19.0,0.09999999999999998
1758,-20.0,0.09999999999999998
1759,-17.0,0.09999999999999998
1760,-18.0,0.09999999999999998
1761,-12.0,0.09999999999999998
1762,-13.0,0.09999999999999998
1763,-19.0,0.09999999999999998
1764,-15.0,0.09999999999999998
1765,-17.0,0.09999999999999998
1766,-16.0,0.09999999999999998
1767,-16.0,0.09999999999999998
1768,-18.0,0.09999999999999998
1769,-13.0,0.09999999999999998
1770,-20.0,0.09999999999999998
1771,-17.0,0.09999999999999998
1772,-19.0,0.09999999999999998
1773,-19.0,0.09999999999999998
1774,-14.0,0.09999999999999998
1775,-18.0,0.09999999999999998
1776,-18.0,0.09999999999999998
1777,-15.0,0.09999999999999998
1778,-17.0,0.09999999999999998
1779,-18.0,0.09999999999999998
1780,-15.0,0.09999999999999998
1781,-18.0,0.09999999999999998
1782,-16.0,0.09999999999999998
1783,-14.0,0.09999999999999998
1784,-13.0,0.09999999999999998
1785,-17.0,0.09999999999999998
1786,-17.0,0.09999999999999998
1787,-16.0,0.09999999999999998
1788,-19.0,0.09999999999999998
1789,-16.0,0.09999999999999998
1790,-14.0,0.09999999999999998
1791,-17.0,0.09999999999999998
1792,-14.0,0.09999999999999998
1793,-16.0,0.09999999999999998
1794,-15.0,0.09999999999999998
1795,-18.0,0.09999999999999998
1796,-13.0,0.09999999999999998
1797,-13.0,0.09999999999999998
1798,-17.0,0.09999999999999998
1799,-13.0,0.09999999999999998
1800,-21.0,0.09999999999999998
1801,-18.0,0.09999999999999998
1802,-15.0,0.09999999999999998
1803,-20.0,0.09999999999999998
1804,-19.0,0.09999999999999998
1805,-14.0,0.09999999999999998
1806,-19.0,0.09999999999999998
1807,-16.0,0.09999999999999998
1808,-16.0,0.09999999999999998
1809,-20.0,0.09999999999999998
1810,-14.0,0.09999999999999998
1811,-12.0,0.09999999999999998
1812,-13.0,0.09999999999999998
1813,-11.0,0.09999999999999998
1814,-15.0,0.09999999999999998
1815,-17.0,0.09999999999999998
1816,-18.0,0.09999999999999998
1817,-11.0,0.09999999999999998
1818,-16.0,0.09999999999999998
1819,-16.0,0.09999999999999998
1820,-11.0,0.09999999999999998
1821,-17.0,0.09999999999999998
1822,-13.0,0.09999999999999998
1823,-14.0,0.09999999999999998
1824,-13.0,0.09999999999999998
1825,-15.0,0.09999999999999998
1826,-16.0,0.09999999999999998
1827,-15.0,0.09999999999999998
1828,-13.0,0.09999999999999998
1829,-16.0,0.09999999999999998
1830,-15.0,0.09999999999999998
1831,-17.0,0.09999999999999998
1832,-20.0,0.09999999999999998
1833,-11.0,0.09999999999999998
1834,-14.0,0.09999999999999998
1835,-18.0,0.09999999999999998
1836,-19.0,0.09999999999999998
1837,-11.0,0.09999999999999998
1838,-14.0,0.09999999999999998
1839,-12.0,0.09999999999999998
1840,-16.0,0.09999999999999998
1841,-12.0,0.09999999999999998
1842,-12.0,0.09999999999999998
1843,-16.0,0.09999999999999998
1844,-16.0,0.09999999999999998
1845,-14.0,0.09999999999999998
1846,-13.0,0.09999999999999998
1847,-15.0,0.09999999999999998
1848,-13.0,0.09999999999999998
1849,-15.0,0.09999999999999998
1850,-11.0,0.09999999999999998
1851,-18.0,0.09999999999999998
1852,-16.0,0.09999999999999998
1853,-9.0,0.09999999999999998
1854,-17.0,0.09999999999999998
1855,-13.0,0.09999999999999998
1856,-15.0,0.09999999999999998
1857,-18.0,0.09999999999999998
1858,-14.0,0.09999999999999998
1859,-14.0,0.09999999999999998
1860,-18.0,0.09999999999999998
1861,-14.0,0.09999999999999998
1862,-16.0,0.09999999999999998
1863,-9.0,0.09999999999999998
1864,-15.0,0.09999999999999998
1865,-19.0,0.09999999999999998
1866,-13.0,0.09999999999999998
1867,-15.0,0.09999999999999998
1868,-14.0,0.09999999999999998
1869,-18.0,0.09999999999999998
1870,-9.0,0.09999999999999998
1871,-15.0,0.09999999999999998
1872,-13.0,0.09999999999999998
1873,-17.0,0.09999999999999998
1874,-15.0,0.09999999999999998
1875,-16.0,0.09999999999999998
1876,-15.0,0.09999999999999998
1877,-12.0,0.09999999999999998
1878,-11.0,0.09999999999999998
1879,-15.0,0.09999999999999998
1880,-13.0,0.09999999999999998
1881,-9.0,0.09999999999999998
1882,-12.0,0.09999999999999998
1883,-17.0,0.09999999999999998
1884,-14.0,0.09999999999999998
1885,-8.0,0.09999999999999998
1886,-17.0,0.09999999999999998
1887,-17.0,0.09999999999999998
1888,-16.0,0.09999999999999998
1889,-11.0,0.09999999999999998
1890,-13.0,0.09999999999999998
1891,-15.0,0.09999999999999998
1892,-16.0,0.09999999999999998
1893,-14.0,0.09999999999999998
1894,-15.0,0.09999999999999998
1895,-16.0,0.09999999999999998
1896,-12.0,0.09999999999999998
1897,-17.0,0.09999999999999998
1898,-12.0,0.09999999999999998
1899,-11.0,0.09999999999999998
1900,-16.0,0.09999999999999998
1901,-18.0,0.09999999999999998
1902,-11.0,0.09999999999999998
1903,-15.0,0.09999999999999998
1904,-14.0,0.09999999999999998
1905,-18.0,0.09999999999999998
1906,-9.0,0.09999999999999998
1907,-19.0,0.09999999999999998
1908,-11.0,0.09999999999999998
1909,-16.0,0.09999999999999998
1910,-13.0,0.09999999999999998
1911,-15.0,0.09999999999999998
1912,-14.0,0.09999999999999998
1913,-13.0,0.09999999999999998
1914,-8.0,0.09999999999999998
1915,-6.0,0.09999999999999998
1916,-13.0,0.09999999999999998
1917,-14.0,0.09999999999999998
1918,-14.0,0.09999999999999998
1919,-16.0,0.09999999999999998
1920,-15.0,0.09999999999999998
1921,-15.0,0.09999999999999998
1922,-19.0,0.09999999999999998
1923,-7.0,0.09999999999999998
1924,-11.0,0.09999999999999998
1925,-13.0,0.09999999999999998
1926,-12.0,0.09999999999999998
1927,-19.0,0.09999999999999998
1928,-13.0,0.09999999999999998
1929,-10.0,0.09999999999999998
1930,-13.0,0.09999999999999998
1931,-17.0,0.09999999999999998
1932,-13.0,0.09999999999999998
1933,-15.0,0.09999999999999998
1934,-14.0,0.09999999999999998
1935,-14.0,0.09999999999999998
1936,-17.0,0.09999999999999998
1937,-13.0,0.09999999999999998
1938,-11.0,0.09999999999999998
1939,-14.0,0.09999999999999998
1940,-15.0,0.09999999999999998
1941,-9.0,0.09999999999999998
1942,-9.0,0.09999999999999998
1943,-15.0,0.09999999999999998
1944,-18.0,0.09999999999999998
1945,-19.0,0.09999999999999998
1946,-12.0,0.09999999999999998
1947,-12.0,0.09999999999999998
1948,-18.0,0.09999999999999998
1949,-16.0,0.09999999999999998
1950,-18.0,0.09999999999999998
1951,-10.0,0.09999999999999998
1952,-13.0,0.09999999999999998
1953,-10.0,0.09999999999999998
1954,-12.0,0.09999999999999998
1955,-19.0,0.09999999999999998
1956,-18.0,0.09999999999999998
1957,-16.0,0.09999999999999998
1958,-13.0,0.09999999999999998
1959,-16.0,0.09999999999999998
1960,-18.0,0.09999999999999998
1961,-12.0,0.09999999999999998
1962,-15.0,0.09999999999999998
1963,-11.0,0.09999999999999998
1964,-15.0,0.09999999999999998
1965,-15.0,0.09999999999999998
1966,-13.0,0.09999999999999998
1967,-15.0,0.09999999999999998
1968,-18.0,0.09999999999999998
1969,-10.0,0.09999999999999998
1970,-12.0,0.09999999999999998
1971,-16.0,0.09999999999999998
1972,-15.0,0.09999999999999998
1973,-7.0,0.09999999999999998
1974,-15.0,0.09999999999999998
1975,-11.0,0.09999999999999998
1976,-10.0,0.09999999999999998
1977,-15.0,0.09999999999999998
1978,-14.0,0.09999999999999998
1979,-9.0,0.09999999999999998
1980,-14.0,0.09999999999999998
1981,-15.0,0.09999999999999998
1982,-13.0,0.09999999999999998
1983,-17.0,0.09999999999999998
1984,-13.0,0.09999999999999998
1985,-16.0,0.09999999999999998
1986,-13.0,0.09999999999999998
1987,-16.0,0.09999999999999998
1988,-4.0,0.09999999999999998
1989,-11.0,0.09999999999999998
1990,-15.0,0.09999999999999998
1991,-18.0,0.09999999999999998
1992,-20.0,0.09999999999999998
1993,-19.0,0.09999999999999998
1994,-13.0,0.09999999999999998
1995,-11.0,0.09999999999999998
1996,-13.0,0.09999999999999998
1997,-14.0,0.09999999999999998
1998,-14.0,0.09999999999999998
1999,-10.0,0.09999999999999998
2000,-15.0,0.09999999999999998
2001,-10.0,0.09999999999999998
2002,-18.0,0.09999999999999998
2003,-16.0,0.09999999999999998
2004,-13.0,0.09999999999999998
2005,-12.0,0.09999999999999998
2006,-15.0,0.09999999999999998
2007,-15.0,0.09999999999999998
2008,-14.0,0.09999999999999998
2009,-17.0,0.09999999999999998
2010,-14.0,0.09999999999999998
2011,-16.0,0.09999999999999998
2012,-16.0,0.09999999999999998
2013,-9.0,0.09999999999999998
2014,-13.0,0.09999999999999998
2015,-15.0,0.09999999999999998
2016,-14.0,0.09999999999999998
2017,-15.0,0.09999999999999998
2018,-13.0,0.09999999999999998
2019,-15.0,0.09999999999999998
2020,-18.0,0.09999999999999998
2021,-13.0,0.09999999999999998
2022,-10.0,0.09999999999999998
2023,-16.0,0.09999999999999998
2024,-11.0,0.09999999999999998
2025,-13.0,0.09999999999999998
2026,-11.0,0.09999999999999998
2027,-12.0,0.09999999999999998
2028,-14.0,0.09999999999999998
2029,-14.0,0.09999999999999998
2030,-17.0,0.09999999999999998
2031,-17.0,0.09999999999999998
2032,-12.0,0.09999999999999998
2033,-13.0,0.09999999999999998
2034,-16.0,0.09999999999999998
2035,-15.0,0.09999999999999998
2036,-14.0,0.09999999999999998
2037,-18.0,0.09999999999999998
2038,-13.0,0.09999999999999998
2039,-18.0,0.09999999999999998
2040,-15.0,0.09999999999999998
2041,-15.0,0.09999999999999998
2042,-9.0,0.09999999999999998
2043,-14.0,0.09999999999999998
2044,-15.0,0.09999999999999998
2045,-11.0,0.09999999999999998
2046,-8.0,0.09999999999999998
2047,-15.0,0.09999999999999998
2048,-15.0,0.09999999999999998
2049,-13.0,0.09999999999999998
2050,-13.0,0.09999999999999998
2051,-20.0,0.09999999999999998
2052,-16.0,0.09999999999999998
2053,-10.0,0.09999999999999998
2054,-7.0,0.09999999999999998
2055,-10.0,0.09999999999999998
2056,-17.0,0.09999999999999998
2057,-12.0,0.09999999999999998
2058,-16.0,0.09999999999999998
2059,-11.0,0.09999999999999998
2060,-17.0,0.09999999999999998
2061,-16.0,0.09999999999999998
2062,-7.0,0.09999999999999998
2063,-13.0,0.09999999999999998
2064,-17.0,0.09999999999999998
2065,-15.0,0.09999999999999998
2066,-14.0,0.09999999999999998
2067,-12.0,0.09999999999999998
2068,-8.0,0.09999999999999998
2069,-13.0,0.09999999999999998
2070,-7.0,0.09999999999999998
2071,-13.0,0.09999999999999998
2072,-8.0,0.09999999999999998
2073,-19.0,0.09999999999999998
2074,-9.0,0.09999999999999998
2075,-16.0,0.09999999999999998
2076,-18.0,0.09999999999999998
2077,-14.0,0.09999999999999998
2078,-8.0,0.09999999999999998
2079,-17.0,0.09999999999999998
2080,-13.0,0.09999999999999998
2081,-18.0,0.09999999999999998
2082,-12.0,0.09999999999999998
2083,-11.0,0.09999999999999998
2084,-16.0,0.09999999999999998
2085,-8.0,0.09999999999999998
2086,-18.0,0.09999999999999998
2087,-13.0,0.09999999999999998
2088,-15.0,0.09999999999999998
2089,-12.0,0.09999999999999998
2090,-17.0,0.09999999999999998
2091,-14.0,0.09999999999999998
2092,-14.0,0.09999999999999998
2093,-12.0,0.09999999999999998
2094,-11.0,0.09999999999999998
2095,-18.0,0.09999999999999998
2096,-11.0,0.09999999999999998
2097,-16.0,0.09999999999999998
2098,-14.0,0.09999999999999998
2099,-13.0,0.09999999999999998
2100,-13.0,0.09999999999999998
2101,-16.0,0.09999999999999998
2102,-9.0,0.09999999999999998
2103,-12.0,0.09999999999999998
2104,-13.0,0.09999999999999998
2105,-11.0,0.09999999999999998
2106,-13.0,0.09999999999999998
2107,-14.0,0.09999999999999998
2108,-17.0,0.09999999999999998
2109,-17.0,0.09999999999999998
2110,-14.0,0.09999999999999998
2111,-16.0,0.09999999999999998
2112,-11.0,0.09999999999999998
2113,-16.0,0.09999999999999998
2114,-15.0,0.09999999999999998
2115,-13.0,0.09999999999999998
2116,-16.0,0.09999999999999998
2117,-15.0,0.09999999999999998
2118,-10.0,0.09999999999999998
2119,-18.0,0.09999999999999998
2120,-17.0,0.09999999999999998
2121,-11.0,0.09999999999999998
2122,-14.0,0.09999999999999998
2123,-13.0,0.09999999999999998
2124,-15.0,0.09999999999999998
2125,-12.0,0.09999999999999998
2126,-12.0,0.09999999999999998
2127,-18.0,0.09999999999999998
2128,-15.0,0.09999999999999998
2129,-15.0,0.09999999999999998
2130,-15.0,0.09999999999999998
2131,-16.0,0.09999999999999998
2132,-11.0,0.09999999999999998
2133,-13.0,0.09999999999999998
2134,-11.0,0.09999999999999998
2135,-17.0,0.09999999999999998
2136,-17.0,0.09999999999999998
2137,-7.0,0.09999999999999998
2138,-15.0,0.09999999999999998
2139,-11.0,0.09999999999999998
2140,-16.0,0.09999999999999998
2141,-17.0,0.09999999999999998
2142,-11.0,0.09999999999999998
2143,-12.0,0.09999999999999998
2144,-13.0,0.09999999999999998
2145,-18.0,0.09999999999999998
2146,-17.0,0.09999999999999998
2147,-9.0,0.09999999999999998
2148,-18.0,0.09999999999999998
2149,-18.0,0.09999999999999998
2150,-15.0,0.09999999999999998
2151,-9.0,0.09999999999999998
2152,-13.0,0.09999999999999998
2153,-11.0,0.09999999999999998
2154,-18.0,0.09999999999999998
2155,-14.0,0.09999999999999998
2156,-15.0,0.09999999999999998
2157,-12.0,0.09999999999999998
2158,-13.0,0.09999999999999998
2159,-20.0,0.09999999999999998
2160,-9.0,0.09999999999999998
2161,-18.0,0.09999999999999998
2162,-17.0,0.09999999999999998
2163,-9.0,0.09999999999999998
2164,-18.0,0.09999999999999998
2165,-10.0,0.09999999999999998
2166,-14.0,0.09999999999999998
2167,-15.0,0.09999999999999998
2168,-15.0,0.09999999999999998
2169,-8.0,0.09999999999999998
2170,-18.0,0.09999999999999998
2171,-16.0,0.09999999999999998
2172,-8.0,0.09999999999999998
2173,-16.0,0.09999999999999998
2174,-19.0,0.09999999999999998
2175,-20.0,0.09999999999999998
2176,-15.0,0.09999999999999998
2177,-10.0,0.09999999999999998
2178,-18.0,0.09999999999999998
2179,-13.0,0.09999999999999998
2180,-10.0,0.09999999999999998
2181,-16.0,0.09999999999999998
2182,-14.0,0.09999999999999998
2183,-13.0,0.09999999999999998
2184,-19.0,0.09999999999999998
2185,-11.0,0.09999999999999998
2186,-13.0,0.09999999999999998
2187,-12.0,0.09999999999999998
2188,-10.0,0.09999999999999998
2189,-15.0,0.09999999999999998
2190,-17.0,0.09999999999999998
2191,-16.0,0.09999999999999998
2192,-15.0,0.09999999999999998
2193,-11.0,0.09999999999999998
2194,-12.0,0.09999999999999998
2195,-9.0,0.09999999999999998
2196,-14.0,0.09999999999999998
2197,-8.0,0.09999999999999998
2198,-18.0,0.09999999999999998
2199,-14.0,0.09999999999999998
2200,-12.0,0.09999999999999998
2201,-12.0,0.09999999999999998
2202,-13.0,0.09999999999999998
2203,-15.0,0.09999999999999998
2204,-15.0,0.09999999999999998
2205,-17.0,0.09999999999999998
2206,-13.0,0.09999999999999998
2207,-10.0,0.09999999999999998
2208,-14.0,0.09999999999999998
2209,-11.0,0.09999999999999998
2210,-10.0,0.09999999999999998
2211,-15.0,0.09999999999999998
2212,-11.0,0.09999999999999998
2213,-15.0,0.09999999999999998
2214,-13.0,0.09999999999999998
2215,-13.0,0.09999999999999998
2216,-15.0,0.09999999999999998
2217,-15.0,0.09999999999999998
2218,-15.0,0.09999999999999998
2219,-10.0,0.09999999999999998
2220,-7.0,0.09999999999999998
2221,-10.0,0.09999999999999998
2222,-10.0,0.09999999999999998
2223,-18.0,0.09999999999999998
2224,-11.0,0.09999999999999998
2225,-12.0,0.09999999999999998
2226,-10.0,0.09999999999999998
2227,-13.0,0.09999999999999998
2228,-14.0,0.09999999999999998
2229,-14.0,0.09999999999999998
2230,-13.0,0.09999999999999998
2231,-15.0,0.09999999999999998
2232,-14.0,0.09999999999999998
2233,-14.0,0.09999999999999998
2234,-10.0,0.09999999999999998
2235,-12.0,0.09999999999999998
2236,-10.0,0.09999999999999998
2237,-18.0,0.09999999999999998
2238,-15.0,0.09999999999999998
2239,-12.0,0.09999999999999998
2240,-15.0,0.09999999999999998
2241,-14.0,0.09999999999999998
2242,-8.0,0.09999999999999998
2243,-11.0,0.09999999999999998
2244,-12.0,0.09999999999999998
2245,-6.0,0.09999999999999998
2246,-13.0,0.09999999999999998
2247,-14.0,0.09999999999999998
2248,-14.0,0.09999999999999998
2249,-8.0,0.09999999999999998
2250,-7.0,0.09999999999999998
2251,-10.0,0.09999999999999998
2252,-8.0,0.09999999999999998
2253,-11.0,0.09999999999999998
2254,-16.0,0.09999999999999998
2255,-13.0,0.09999999999999998
2256,-13.0,0.09999999999999998
2257,-16.0,0.09999999999999998
2258,-12.0,0.09999999999999998
2259,-11.0,0.09999999999999998
2260,-10.0,0.09999999999999998
2261,-15.0,0.09999999999999998
2262,-13.0,0.09999999999999998
2263,-17.0,0.09999999999999998
2264,-7.0,0.09999999999999998
2265,-11.0,0.09999999999999998
2266,-6.0,0.09999999999999998
2267,-13.0,0.09999999999999998
2268,-16.0,0.09999999999999998
2269,-15.0,0.09999999999999998
2270,-8.0,0.09999999999999998
2271,-14.0,0.09999999999999998
2272,-16.0,0.09999999999999998
2273,-7.0,0.09999999999999998
2274,-12.0,0.09999999999999998
2275,-11.0,0.09999999999999998
2276,-9.0,0.09999999999999998
2277,-10.0,0.09999999999999998
2278,-11.0,0.09999999999999998
2279,-10.0,0.09999999999999998
2280,-17.0,0.09999999999999998
2281,-15.0,0.09999999999999998
2282,-15.0,0.09999999999999998
2283,-17.0,0.09999999999999998
2284,-15.0,0.09999999999999998
2285,-20.0,0.09999999999999998
2286,-11.0,0.09999999999999998
2287,-10.0,0.09999999999999998
2288,-17.0,0.09999999999999998
2289,-11.0,0.09999999999999998
2290,-15.0,0.09999999999999998
2291,-11.0,0.09999999999999998
2292,-13.0,0.09999999999999998
2293,-16.0,0.09999999999999998
2294,-14.0,0.09999999999999998
2295,-13.0,0.09999999999999998
2296,-15.0,0.09999999999999998
2297,-7.0,0.09999999999999998
2298,-13.0,0.09999999999999998
2299,-14.0,0.09999999999999998
2300,-8.0,0.09999999999999998
2301,-17.0,0.09999999999999998
2302,-9.0,0.09999999999999998
2303,-14.0,0.09999999999999998
2304,-12.0,0.09999999999999998
2305,-14.0,0.09999999999999998
2306,-13.0,0.09999999999999998
2307,-15.0,0.09999999999999998
2308,-13.0,0.09999999999999998
2309,-14.0,0.09999999999999998
2310,-11.0,0.09999999999999998
2311,-17.0,0.09999999999999998
2312,-18.0,0.09999999999999998
2313,-10.0,0.09999999999999998
2314,-17.0,0.09999999999999998
2315,-13.0,0.09999999999999998
2316,-13.0,0.09999999999999998
2317,-16.0,0.09999999999999998
2318,-5.0,0.09999999999999998
2319,-18.0,0.09999999999999998
2320,-16.0,0.09999999999999998
2321,-16.0,0.09999999999999998
2322,-17.0,0.09999999999999998
2323,-9.0,0.09999999999999998
2324,-14.0,0.09999999999999998
2325,-14.0,0.09999999999999998
2326,-14.0,0.09999999999999998
2327,-15.0,0.09999999999999998
2328,-10.0,0.09999999999999998
2329,-13.0,0.09999999999999998
2330,-9.0,0.09999999999999998
2331,-15.0,0.09999999999999998
2332,-7.0,0.09999999999999998
2333,-15.0,0.09999999999999998
2334,-18.0,0.09999999999999998
2335,-14.0,0.09999999999999998
2336,-15.0,0.09999999999999998
2337,-14.0,0.09999999999999998
2338,-11.0,0.09999999999999998
2339,-11.0,0.09999999999999998
2340,-13.0,0.09999999999999998
2341,-19.0,0.09999999999999998
2342,-13.0,0.09999999999999998
2343,-14.0,0.09999999999999998
2344,-14.0,0.09999999999999998
2345,-1.0,0.09999999999999998
2346,-10.0,0.09999999999999998
2347,-13.0,0.09999999999999998
2348,-11.0,0.09999999999999998
2349,-16.0,0.09999999999999998
2350,-10.0,0.09999999999999998
2351,-8.0,0.09999999999999998
2352,-14.0,0.09999999999999998
2353,-15.0,0.09999999999999998
2354,-15.0,0.09999999999999998
2355,3.0,0.09999999999999998
2356,-13.0,0.09999999999999998
2357,-13.0,0.09999999999999998
2358,-16.0,0.09999999999999998
2359,-9.0,0.09999999999999998
2360,-14.0,0.09999999999999998
2361,-13.0,0.09999999999999998
2362,-14.0,0.09999999999999998
2363,-13.0,0.09999999999999998
2364,-14.0,0.09999999999999998
2365,-15.0,0.09999999999999998
2366,-15.0,0.09999999999999998
2367,-17.0,0.09999999999999998
2368,-13.0,0.09999999999999998
2369,-14.0,0.09999999999999998
2370,-16.0,0.09999999999999998
2371,-15.0,0.09999999999999998
2372,-13.0,0.09999999999999998
2373,-12.0,0.09999999999999998
2374,-13.0,0.09999999999999998
2375,-12.0,0.09999999999999998
2376,-12.0,0.09999999999999998
2377,-10.0,0.09999999999999998
2378,-14.0,0.09999999999999998
2379,-5.0,0.09999999999999998
2380,-10.0,0.09999999999999998
2381,-12.0,0.09999999999999998
2382,-11.0,0.09999999999999998
2383,-10.0,0.09999999999999998
2384,-9.0,0.09999999999999998
2385,-9.0,0.09999999999999998
2386,-12.0,0.09999999999999998
2387,-12.0,0.09999999999999998
2388,-14.0,0.09999999999999998
2389,-13.0,0.09999999999999998
2390,-12.0,0.09999999999999998
2391,-12.0,0.09999999999999998
2392,-10.0,0.09999999999999998
2393,-10.0,0.09999999999999998
2394,-5.0,0.09999999999999998
2395,-13.0,0.09999999999999998
2396,-9.0,0.09999999999999998
2397,-7.0,0.09999999999999998
2398,-10.0,0.09999999999999998
2399,-8.0,0.09999999999999998
2400,-14.0,0.09999999999999998
2401,-3.0,0.09999999999999998
2402,-13.0,0.09999999999999998
2403,-15.0,0.09999999999999998
2404,-16.0,0.09999999999999998
2405,-12.0,0.09999999999999998
2406,-14.0,0.09999999999999998
2407,-11.0,0.09999999999999998
2408,-6.0,0.09999999999999998
2409,-17.0,0.09999999999999998
2410,-12.0,0.09999999999999998
2411,-4.0,0.09999999999999998
2412,-18.0,0.09999999999999998
2413,-15.0,0.09999999999999998
2414,-17.0,0.09999999999999998
2415,-8.0,0.09999999999999998
2416,-13.0,0.09999999999999998
2417,-14.0,0.09999999999999998
2418,-18.0,0.09999999999999998
2419,-11.0,0.09999999999999998
2420,-9.0,0.09999999999999998
2421,-13.0,0.09999999999999998
2422,-16.0,0.09999999999999998
2423,-7.0,0.09999999999999998
2424,-7.0,0.09999999999999998
2425,-12.0,0.09999999999999998
2426,-7.0,0.09999999999999998
2427,-4.0,0.09999999999999998
2428,-15.0,0.09999999999999998
2429,-17.0,0.09999999999999998
2430,-13.0,0.09999999999999998
2431,-12.0,0.09999999999999998
2432,-13.0,0.09999999999999998
2433,-4.0,0.09999999999999998
2434,-17.0,0.09999999999999998
2435,-11.0,0.09999999999999998
2436,-13.0,0.09999999999999998
2437,-7.0,0.09999999999999998
2438,-16.0,0.09999999999999998
2439,-18.0,0.09999999999999998
2440,-14.0,0.09999999999999998
2441,-8.0,0.09999999999999998
2442,-12.0,0.09999999999999998
2443,-11.0,0.09999999999999998
2444,-17.0,0.09999999999999998
2445,-16.0,0.09999999999999998
2446,-14.0,0.09999999999999998
2447,-9.0,0.09999999999999998
2448,-13.0,0.09999999999999998
2449,-11.0,0.09999999999999998
2450,-10.0,0.09999999999999998
2451,-15.0,0.09999999999999998
2452,-18.0,0.09999999999999998
2453,-11.0,0.09999999999999998
2454,-11.0,0.09999999999999998
2455,-12.0,0.09999999999999998
2456,-16.0,0.09999999999999998
2457,-12.0,0.09999999999999998
2458,-11.0,0.09999999999999998
2459,-10.0,0.09999999999999998
2460,-15.0,0.09999999999999998
2461,-11.0,0.09999999999999998
2462,-12.0,0.09999999999999998
2463,-15.0,0.09999999999999998
2464,-11.0,0.09999999999999998
2465,-18.0,0.09999999999999998
2466,-16.0,0.09999999999999998
2467,-17.0,0.09999999999999998
2468,-9.0,0.09999999999999998
2469,-7.0,0.09999999999999998
2470,-6.0,0.09999999999999998
2471,-11.0,0.09999999999999998
2472,-9.0,0.09999999999999998
2473,-10.0,0.09999999999999998
2474,-13.0,0.09999999999999998
2475,-12.0,0.09999999999999998
2476,-12.0,0.09999999999999998
2477,-10.0,0.09999999999999998
2478,-16.0,0.09999999999999998
2479,-11.0,0.09999999999999998
2480,-3.0,0.09999999999999998
2481,-9.0,0.09999999999999998
2482,-14.0,0.09999999999999998
2483,-17.0,0.09999999999999998
2484,-11.0,0.09999999999999998
2485,-10.0,0.09999999999999998
2486,-17.0,0.09999999999999998
2487,-9.0,0.09999999999999998
2488,-6.0,0.09999999999999998
2489,-14.0,0.09999999999999998
2490,-11.0,0.09999999999999998
2491,-10.0,0.09999999999999998
2492,-13.0,0.09999999999999998
2493,-14.0,0.09999999999999998
2494,-13.0,0.09999999999999998
2495,-16.0,0.09999999999999998
2496,-12.0,0.09999999999999998
2497,-9.0,0.09999999999999998
2498,-14.0,0.09999999999999998
2499,-11.0,0.09999999999999998
2500,-16.0,0.09999999999999998
2501,-14.0,0.09999999999999998
2502,-15.0,0.09999999999999998
2503,-10.0,0.09999999999999998
2504,-15.0,0.09999999999999998
2505,-9.0,0.09999999999999998
2506,-11.0,0.09999999999999998
2507,-17.0,0.09999999999999998
2508,-11.0,0.09999999999999998
2509,-1.0,0.09999999999999998
2510,-13.0,0.09999999999999998
2511,-13.0,0.09999999999999998
2512,-11.0,0.09999999999999998
2513,-13.0,0.09999999999999998
2514,-11.0,0.09999999999999998
2515,-13.0,0.09999999999999998
2516,-14.0,0.09999999999999998
2517,-16.0,0.09999999999999998
2518,-18.0,0.09999999999999998
2519,-16.0,0.09999999999999998
2520,-13.0,0.09999999999999998
2521,-13.0,0.09999999999999998
2522,-15.0,0.09999999999999998
2523,-15.0,0.09999999999999998
2524,-4.0,0.09999999999999998
2525,-14.0,0.09999999999999998
2526,-16.0,0.09999999999999998
2527,-8.0,0.09999999999999998
2528,-13.0,0.09999999999999998
2529,-10.0,0.09999999999999998
2530,-13.0,0.09999999999999998
2531,-14.0,0.09999999999999998
2532,-7.0,0.09999999999999998
2533,-9.0,0.09999999999999998
2534,-16.0,0.09999999999999998
2535,-15.0,0.09999999999999998
2536,-7.0,0.09999999999999998
2537,-11.0,0.09999999999999998
2538,-11.0,0.09999999999999998
2539,-14.0,0.09999999999999998
2540,1.0,0.09999999999999998
2541,-17.0,0.09999999999999998
2542,-4.0,0.09999999999999998
2543,-14.0,0.09999999999999998
2544,-15.0,0.09999999999999998
2545,-5.0,0.09999999999999998
2546,-9.0,0.09999999999999998
2547,-6.0,0.09999999999999998
2548,-12.0,0.09999999999999998
2549,-13.0,0.09999999999999998
2550,-10.0,0.09999999999999998
2551,-12.0,0.09999999999999998
2552,-14.0,0.09999999999999998
2553,-9.0,0.09999999999999998
2554,-8.0,0.09999999999999998
2555,-9.0,0.09999999999999998
2556,-9.0,0.09999999999999998
2557,-11.0,0.09999999999999998
2558,-13.0,0.09999999999999998
2559,-11.0,0.09999999999999998
2560,-13.0,0.09999999999999998
2561,-10.0,0.09999999999999998
2562,-14.0,0.09999999999999998
2563,-12.0,0.09999999999999998
2564,-17.0,0.09999999999999998
2565,-10.0,0.09999999999999998
2566,-3.0,0.09999999999999998
2567,-12.0,0.09999999999999998
2568,-11.0,0.09999999999999998
2569,-5.0,0.09999999999999998
2570,-7.0,0.09999999999999998
2571,-4.0,0.09999999999999998
2572,-11.0,0.09999999999999998
2573,-10.0,0.09999999999999998
2574,-13.0,0.09999999999999998
2575,-15.0,0.09999999999999998
2576,-5.0,0.09999999999999998
2577,-10.0,0.09999999999999998
2578,-11.0,0.09999999999999998
2579,-11.0,0.09999999999999998
2580,-13.0,0.09999999999999998
2581,3.0,0.09999999999999998
2582,-17.0,0.09999999999999998
2583,-13.0,0.09999999999999998
2584,-6.0,0.09999999999999998
2585,-13.0,0.09999999999999998
2586,-14.0,0.09999999999999998
2587,-13.0,0.09999999999999998
2588,-14.0,0.09999999999999998
2589,-15.0,0.09999999999999998
2590,-14.0,0.09999999999999998
2591,-6.0,0.09999999999999998
2592,-15.0,0.09999999999999998
2593,-10.0,0.09999999999999998
2594,-14.0,0.09999999999999998
2595,-12.0,0.09999999999999998
2596,-12.0,0.09999999999999998
2597,-10.0,0.09999999999999998
2598,-10.0,0.09999999999999998
2599,-13.0,0.09999999999999998
2600,-14.0,0.09999999999999998
2601,-13.0,0.09999999999999998
2602,-15.0,0.09999999999999998
2603,-15.0,0.09999999999999998
2604,-12.0,0.09999999999999998
2605,-14.0,0.09999999999999998
2606,-10.0,0.09999999999999998
2607,-12.0,0.09999999999999998
2608,-14.0,0.09999999999999998
2609,-14.0,0.09999999999999998
2610,-13.0,0.09999999999999998
2611,-11.0,0.09999999999999998
2612,-8.0,0.09999999999999998
2613,-6.0,0.09999999999999998
2614,-13.0,0.09999999999999998
2615,-9.0,0.09999999999999998
2616,-15.0,0.09999999999999998
2617,-5.0,0.09999999999999998
2618,-13.0,0.09999999999999998
2619,-12.0,0.09999999999999998
2620,-10.0,0.09999999999999998
2621,-7.0,0.09999999999999998
2622,-13.0,0.09999999999999998
2623,-6.0,0.09999999999999998
2624,-11.0,0.09999999999999998
2625,-14.0,0.09999999999999998
2626,-15.0,0.09999999999999998
2627,-9.0,0.09999999999999998
2628,-8.0,0.09999999999999998
2629,-20.0,0.09999999999999998
2630,-11.0,0.09999999999999998
2631,-9.0,0.09999999999999998
2632,-14.0,0.09999999999999998
2633,-10.0,0.09999999999999998
2634,-15.0,0.09999999999999998
2635,-13.0,0.09999999999999998
2636,-14.0,0.09999999999999998
2637,-8.0,0.09999999999999998
2638,-7.0,0.09999999999999998
2639,-17.0,0.09999999999999998
2640,-18.0,0.09999999999999998
2641,-13.0,0.09999999999999998
2642,-15.0,0.09999999999999998
2643,-12.0,0.09999999999999998
2644,-5.0,0.09999999999999998
2645,-16.0,0.09999999999999998
2646,-18.0,0.09999999999999998
2647,-13.0,0.09999999999999998
2648,-15.0,0.09999999999999998
2649,-6.0,0.09999999999999998
2650,-16.0,0.09999999999999998
2651,-9.0,0.09999999999999998
2652,-15.0,0.09999999999999998
2653,-14.0,0.09999999999999998
2654,-12.0,0.09999999999999998
2655,-8.0,0.09999999999999998
2656,-15.0,0.09999999999999998
2657,-9.0,0.09999999999999998
2658,-14.0,0.09999999999999998
2659,-15.0,0.09999999999999998
2660,-12.0,0.09999999999999998
2661,-16.0,0.09999999999999998
2662,-9.0,0.09999999999999998
2663,-16.0,0.09999999999999998
2664,-12.0,0.09999999999999998
2665,-12.0,0.09999999999999998
2666,-13.0,0.09999999999999998
2667,-9.0,0.09999999999999998
2668,-9.0,0.09999999999999998
2669,-10.0,0.09999999999999998
2670,-8.0,0.09999999999999998
2671,-7.0,0.09999999999999998
2672,-14.0,0.09999999999999998
2673,-14.0,0.09999999999999998
2674,-7.0,0.09999999999999998
2675,-7.0,0.09999999999999998
2676,-6.0,0.09999999999999998
2677,-8.0,0.09999999999999998
2678,-6.0,0.09999999999999998
2679,-10.0,0.09999999999999998
2680,-14.0,0.09999999999999998
2681,-9.0,0.09999999999999998
2682,-18.0,0.09999999999999998
2683,-12.0,0.09999999999999998
2684,-12.0,0.09999999999999998
2685,-16.0,0.09999999999999998
2686,-12.0,0.09999999999999998
2687,-6.0,0.09999999999999998
2688,-17.0,0.09999999999999998
2689,-10.0,0.09999999999999998
2690,-15.0,0.09999999999999998
2691,-13.0,0.09999999999999998
2692,-10.0,0.09999999999999998
2693,-15.0,0.09999999999999998
2694,-12.0,0.09999999999999998
2695,-10.0,0.09999999999999998
2696,-15.0,0.09999999999999998
2697,-10.0,0.09999999999999998
2698,-10.0,0.09999999999999998
2699,-13.0,0.09999999999999998
2700,-7.0,0.09999999999999998
2701,-14.0,0.09999999999999998
2702,-8.0,0.09999999999999998
2703,-5.0,0.09999999999999998
2704,-13.0,0.09999999999999998
2705,-11.0,0.09999999999999998
2706,-15.0,0.09999999999999998
2707,-11.0,0.09999999999999998
2708,-10.0,0.09999999999999998
2709,-13.0,0.09999999999999998
2710,-7.0,0.09999999999999998
2711,-12.0,0.09999999999999998
2712,-15.0,0.09999999999999998
2713,-8.0,0.09999999999999998
2714,-14.0,0.09999999999999998
2715,-9.0,0.09999999999999998
2716,-16.0,0.09999999999999998
2717,-12.0,0.09999999999999998
2718,-14.0,0.09999999999999998
2719,-15.0,0.09999999999999998
2720,-11.0,0.09999999999999998
2721,-11.0,0.09999999999999998
2722,-14.0,0.09999999999999998
2723,-17.0,0.09999999999999998
2724,-10.0,0.09999999999999998
2725,-15.0,0.09999999999999998
2726,-8.0,0.09999999999999998
2727,-8.0,0.09999999999999998
2728,-7.0,0.09999999999999998
2729,-14.0,0.09999999999999998
2730,-15.0,0.09999999999999998
2731,-16.0,0.09999999999999998
2732,-8.0,0.09999999999999998
2733,-8.0,0.09999999999999998
2734,-9.0,0.09999999999999998
2735,-16.0,0.09999999999999998
2736,-16.0,0.09999999999999998
2737,-14.0,0.09999999999999998
2738,-12.0,0.09999999999999998
2739,-13.0,0.09999999999999998
2740,-10.0,0.09999999999999998
2741,-10.0,0.09999999999999998
2742,-10.0,0.09999999999999998
2743,-10.0,0.09999999999999998
2744,-15.0,0.09999999999999998
2745,-15.0,0.09999999999999998
2746,-13.0,0.09999999999999998
2747,-14.0,0.09999999999999998
2748,-8.0,0.09999999999999998
2749,-15.0,0.09999999999999998
2750,-5.0,0.09999999999999998
2751,-10.0,0.09999999999999998
2752,-10.0,0.09999999999999998
2753,-10.0,0.09999999999999998
2754,-13.0,0.09999999999999998
2755,-14.0,0.09999999999999998
2756,-12.0,0.09999999999999998
2757,-15.0,0.09999999999999998
2758,-13.0,0.09999999999999998
2759,-12.0,0.09999999999999998
2760,-10.0,0.09999999999999998
2761,-10.0,0.09999999999999998
2762,-10.0,0.09999999999999998
2763,-9.0,0.09999999999999998
2764,-12.0,0.09999999999999998
2765,-12.0,0.09999999999999998
2766,-10.0,0.09999999999999998
2767,-7.0,0.09999999999999998
2768,-15.0,0.09999999999999998
2769,-10.0,0.09999999999999998
2770,-11.0,0.09999999999999998
2771,-13.0,0.09999999999999998
2772,-10.0,0.09999999999999998
2773,-6.0,0.09999999999999998
2774,-16.0,0.09999999999999998
2775,-16.0,0.09999999999999998
2776,-7.0,0.09999999999999998
2777,-14.0,0.09999999999999998
2778,-10.0,0.09999999999999998
2779,-13.0,0.09999999999999998
2780,-2.0,0.09999999999999998
2781,-13.0,0.09999999999999998
2782,-11.0,0.09999999999999998
2783,-6.0,0.09999999999999998
2784,-12.0,0.09999999999999998
2785,-14.0,0.09999999999999998
2786,-11.0,0.09999999999999998
2787,-15.0,0.09999999999999998
2788,-12.0,0.09999999999999998
2789,-9.0,0.09999999999999998
2790,-8.0,0.09999999999999998
2791,-5.0,0.09999999999999998
2792,-13.0,0.09999999999999998
2793,-12.0,0.09999999999999998
2794,-9.0,0.09999999999999998
2795,-13.0,0.09999999999999998
2796,-8.0,0.09999999999999998
2797,-12.0,0.09999999999999998
2798,-14.0,0.09999999999999998
2799,-16.0,0.09999999999999998
2800,-8.0,0.09999999999999998
2801,-8.0,0.09999999999999998
2802,-7.0,0.09999999999999998
2803,-8.0,0.09999999999999998
2804,-14.0,0.09999999999999998
2805,-10.0,0.09999999999999998
2806,-9.0,0.09999999999999998
2807,-6.0,0.09999999999999998
2808,-12.0,0.09999999999999998
2809,-4.0,0.09999999999999998
2810,-6.0,0.09999999999999998
2811,-16.0,0.09999999999999998
2812,-3.0,0.09999999999999998
2813,-14.0,0.09999999999999998
2814,-8.0,0.09999999999999998
2815,-8.0,0.09999999999999998
2816,-9.0,0.09999999999999998
2817,-14.0,0.09999999999999998
2818,-10.0,0.09999999999999998
2819,-14.0,0.09999999999999998
2820,-7.0,0.09999999999999998
2821,-12.0,0.09999999999999998
2822,-12.0,0.09999999999999998
2823,-10.0,0.09999999999999998
2824,-14.0,0.09999999999999998
2825,-7.0,0.09999999999999998
2826,-16.0,0.09999999999999998
2827,-13.0,0.09999999999999998
2828,-3.0,0.09999999999999998
2829,-12.0,0.09999999999999998
2830,-5.0,0.09999999999999998
2831,-6.0,0.09999999999999998
2832,-14.0,0.09999999999999998
2833,-16.0,0.09999999999999998
2834,-14.0,0.09999999999999998
2835,4.0,0.09999999999999998
2836,4.0,0.09999999999999998
2837,-16.0,0.09999999999999998
2838,-8.0,0.09999999999999998
2839,-2.0,0.09999999999999998
2840,-9.0,0.09999999999999998
2841,-10.0,0.09999999999999998
2842,-14.0,0.09999999999999998
2843,-10.0,0.09999999999999998
2844,-14.0,0.09999999999999998
2845,-10.0,0.09999999999999998
2846,-7.0,0.09999999999999998
2847,-11.0,0.09999999999999998
2848,-8.0,0.09999999999999998
2849,-9.0,0.09999999999999998
2850,-13.0,0.09999999999999998
2851,-7.0,0.09999999999999998
2852,-16.0,0.09999999999999998
2853,-9.0,0.09999999999999998
2854,-3.0,0.09999999999999998
2855,-12.0,0.09999999999999998
2856,-10.0,0.09999999999999998
2857,-16.0,0.09999999999999998
2858,-8.0,0.09999999999999998
2859,-14.0,0.09999999999999998
2860,-12.0,0.09999999999999998
2861,-10.0,0.09999999999999998
2862,-11.0,0.09999999999999998
2863,-6.0,0.09999999999999998
2864,-8.0,0.09999999999999998
2865,-4.0,0.09999999999999998
2866,-8.0,0.09999999999999998
2867,-3.0,0.09999999999999998
2868,-6.0,0.09999999999999998
2869,-9.0,0.09999999999999998
2870,-12.0,0.09999999999999998
2871,-6.0,0.09999999999999998
2872,-7.0,0.09999999999999998
2873,-3.0,0.09999999999999998
2874,-17.0,0.09999999999999998
2875,-12.0,0.09999999999999998
2876,-9.0,0.09999999999999998
2877,-8.0,0.09999999999999998
2878,-9.0,0.09999999999999998
2879,-10.0,0.09999999999999998
2880,-4.0,0.09999999999999998
2881,-5.0,0.09999999999999998
2882,-15.0,0.09999999999999998
2883,-10.0,0.09999999999999998
2884,-11.0,0.09999999999999998
2885,-13.0,0.09999999999999998
2886,-12.0,0.09999999999999998
2887,-15.0,0.09999999999999998
2888,-14.0,0.09999999999999998
2889,-10.0,0.09999999999999998
2890,-11.0,0.09999999999999998
2891,-8.0,0.09999999999999998
2892,-11.0,0.09999999999999998
2893,-10.0,0.09999999999999998
2894,-12.0,0.09999999999999998
2895,-5.0,0.09999999999999998
2896,-5.0,0.09999999999999998
2897,-4.0,0.09999999999999998
2898,-11.0,0.09999999999999998
2899,-12.0,0.09999999999999998
2900,-10.0,0.09999999999999998
2901,-2.0,0.09999999999999998
2902,-11.0,0.09999999999999998
2903,-13.0,0.09999999999999998
2904,-16.0,0.09999999999999998
2905,-14.0,0.09999999999999998
2906,-7.0,0.09999999999999998
2907,-11.0,0.09999999999999998
2908,-9.0,0.09999999999999998
2909,-7.0,0.09999999999999998
2910,-11.0,0.09999999999999998
2911,-5.0,0.09999999999999998
2912,-12.0,0.09999999999999998
2913,-11.0,0.09999999999999998
2914,-12.0,0.09999999999999998
2915,-10.0,0.09999999999999998
2916,-4.0,0.09999999999999998
2917,-17.0,0.09999999999999998
2918,-7.0,0.09999999999999998
2919,-9.0,0.09999999999999998
2920,-7.0,0.09999999999999998
2921,-14.0,0.09999999999999998
2922,-16.0,0.09999999999999998
2923,-11.0,0.09999999999999998
2924,-8.0,0.09999999999999998
2925,2.0,0.09999999999999998
2926,-4.0,0.09999999999999998
2927,-1.0,0.09999999999999998
2928,-12.0,0.09999999999999998
2929,-13.0,0.09999999999999998
2930,-11.0,0.09999999999999998
2931,-14.0,0.09999999999999998
2932,-6.0,0.09999999999999998
2933,3.0,0.09999999999999998
2934,-3.0,0.09999999999999998
2935,-11.0,0.09999999999999998
2936,-11.0,0.09999999999999998
2937,-14.0,0.09999999999999998
2938,-6.0,0.09999999999999998
2939,3.0,0.09999999999999998
2940,-14.0,0.09999999999999998
2941,2.0,0.09999999999999998
2942,-6.0,0.09999999999999998
2943,-13.0,0.09999999999999998
2944,-14.0,0.09999999999999998
2945,-8.0,0.09999999999999998
2946,2.0,0.09999999999999998
2947,-12.0,0.09999999999999998
2948,-10.0,0.09999999999999998
2949,-17.0,0.09999999999999998
2950,-14.0,0.09999999999999998
2951,-17.0,0.09999999999999998
2952,-10.0,0.09999999999999998
2953,-10.0,0.09999999999999998
2954,-8.0,0.09999999999999998
2955,-3.0,0.09999999999999998
2956,-7.0,0.09999999999999998
2957,-12.0,0.09999999999999998
2958,-9.0,0.09999999999999998
2959,-12.0,0.09999999999999998
2960,-7.0,0.09999999999999998
2961,-10.0,0.09999999999999998
2962,-10.0,0.09999999999999998
2963,-11.0,0.09999999999999998
2964,-2.0,0.09999999999999998
2965,-11.0,0.09999999999999998
2966,-5.0,0.09999999999999998
2967,-6.0,0.09999999999999998
2968,-9.0,0.09999999999999998
2969,-10.0,0.09999999999999998
2970,-14.0,0.09999999999999998
2971,-20.0,0.09999999999999998
2972,-6.0,0.09999999999999998
2973,-10.0,0.09999999999999998
2974,-14.0,0.09999999999999998
2975,-15.0,0.09999999999999998
2976,-12.0,0.09999999999999998
2977,-8.0,0.09999999999999998
2978,-11.0,0.09999999999999998
2979,-14.0,0.09999999999999998
2980,-13.0,0.09999999999999998
2981,-17.0,0.09999999999999998
2982,-6.0,0.09999999999999998
2983,-11.0,0.09999999999999998
2984,-14.0,0.09999999999999998
2985,-16.0,0.09999999999999998
2986,-4.0,0.09999999999999998
2987,-17.0,0.09999999999999998
2988,-6.0,0.09999999999999998
2989,-11.0,0.09999999999999998
2990,-15.0,0.09999999999999998
2991,6.0,0.09999999999999998
2992,-6.0,0.09999999999999998
2993,-10.0,0.09999999999999998
2994,-7.0,0.09999999999999998
2995,-17.0,0.09999999999999998
2996,-16.0,0.09999999999999998
2997,-6.0,0.09999999999999998
2998,-8.0,0.09999999999999998
2999,-9.0,0.09999999999999998
3000,-11.0,0.09999999999999998
3001,-8.0,0.09999999999999998
3002,-8.0,0.09999999999999998
3003,-12.0,0.09999999999999998
3004,-9.0,0.09999999999999998
3005,-13.0,0.09999999999999998
3006,-14.0,0.09999999999999998
3007,-12.0,0.09999999999999998
3008,-15.0,0.09999999999999998
3009,-7.0,0.09999999999999998
3010,-14.0,0.09999999999999998
3011,-7.0,0.09999999999999998
3012,-9.0,0.09999999999999998
3013,-4.0,0.09999999999999998
3014,-8.0,0.09999999999999998
3015,-9.0,0.09999999999999998
3016,-5.0,0.09999999999999998
3017,-14.0,0.09999999999999998
3018,-11.0,0.09999999999999998
3019,-11.0,0.09999999999999998
3020,-10.0,0.09999999999999998
3021,-11.0,0.09999999999999998
3022,-13.0,0.09999999999999998
3023,-15.0,0.09999999999999998
3024,-4.0,0.09999999999999998
3025,-13.0,0.09999999999999998
3026,-8.0,0.09999999999999998
3027,3.0,0.09999999999999998
3028,-11.0,0.09999999999999998
3029,-14.0,0.09999999999999998
3030,-8.0,0.09999999999999998
3031,-10.0,0.09999999999999998
3032,-5.0,0.09999999999999998
3033,-13.0,0.09999999999999998
3034,-11.0,0.09999999999999998
3035,-8.0,0.09999999999999998
3036,-10.0,0.09999999999999998
3037,-15.0,0.09999999999999998
3038,-4.0,0.09999999999999998
3039,-6.0,0.09999999999999998
3040,-13.0,0.09999999999999998
3041,-4.0,0.09999999999999998
3042,-8.0,0.09999999999999998
3043,-6.0,0.09999999999999998
3044,-13.0,0.09999999999999998
3045,-12.0,0.09999999999999998
3046,-7.0,0.09999999999999998
3047,-8.0,0.09999999999999998
3048,-11.0,0.09999999999999998
3049,-14.0,0.09999999999999998
3050,-12.0,0.09999999999999998
3051,-7.0,0.09999999999999998
3052,-13.0,0.09999999999999998
3053,3.0,0.09999999999999998
3054,-12.0,0.09999999999999998
3055,-8.0,0.09999999999999998
3056,-15.0,0.09999999999999998
3057,-4.0,0.09999999999999998
3058,-9.0,0.09999999999999998
3059,-6.0,0.09999999999999998
3060,-3.0,0.09999999999999998
3061,-6.0,0.09999999999999998
3062,-10.0,0.09999999999999998
3063,-15.0,0.09999999999999998
3064,-13.0,0.09999999999999998
3065,-10.0,0.09999999999999998
3066,-12.0,0.09999999999999998
3067,-5.0,0.09999999999999998
3068,-8.0,0.09999999999999998
3069,-15.0,0.09999999999999998
3070,-8.0,0.09999999999999998
3071,-8.0,0.09999999999999998
3072,-21.0,0.09999999999999998
3073,-9.0,0.09999999999999998
3074,-13.0,0.09999999999999998
3075,-17.0,0.09999999999999998
3076,-15.0,0.09999999999999998
3077,-6.0,0.09999999999999998
3078,-12.0,0.09999999999999998
3079,-8.0,0.09999999999999998
3080,-9.0,0.09999999999999998
3081,-11.0,0.09999999999999998
3082,-10.0,0.09999999999999998
3083,-9.0,0.09999999999999998
3084,-10.0,0.09999999999999998
3085,2.0,0.09999999999999998
3086,-10.0,0.09999999999999998
3087,-12.0,0.09999999999999998
3088,-16.0,0.09999999999999998
3089,-16.0,0.09999999999999998
3090,-2.0,0.09999999999999998
3091,-13.0,0.09999999999999998
3092,-16.0,0.09999999999999998
3093,-12.0,0.09999999999999998
3094,2.0,0.09999999999999998
3095,-13.0,0.09999999999999998
3096,-17.0,0.09999999999999998
3097,-12.0,0.09999999999999998
3098,-6.0,0.09999999999999998
3099,-5.0,0.09999999999999998
3100,-10.0,0.09999999999999998
3101,-6.0,0.09999999999999998
3102,-15.0,0.09999999999999998
3103,-11.0,0.09999999999999998
3104,-13.0,0.09999999999999998
3105,-14.0,0.09999999999999998
3106,-8.0,0.09999999999999998
3107,-11.0,0.09999999999999998
3108,-9.0,0.09999999999999998
3109,-9.0,0.09999999999999998
3110,-7.0,0.09999999999999998
3111,-1.0,0.09999999999999998
3112,-15.0,0.09999999999999998
3113,-9.0,0.09999999999999998
3114,-11.0,0.09999999999999998
3115,-9.0,0.09999999999999998
3116,-15.0,0.09999999999999998
3117,-9.0,0.09999999999999998
3118,-6.0,0.09999999999999998
3119,-12.0,0.09999999999999998
3120,-13.0,0.09999999999999998
3121,-12.0,0.09999999999999998
3122,-8.0,0.09999999999999998
3123,-10.0,0.09999999999999998
3124,-15.0,0.09999999999999998
3125,-7.0,0.09999999999999998
3126,-7.0,0.09999999999999998
3127,-11.0,0.09999999999999998
3128,-9.0,0.09999999999999998
3129,-11.0,0.09999999999999998
3130,-12.0,0.09999999999999998
3131,1.0,0.09999999999999998
3132,-15.0,0.09999999999999998
3133,-19.0,0.09999999999999998
3134,-9.0,0.09999999999999998
3135,-8.0,0.09999999999999998
3136,-6.0,0.09999999999999998
3137,-15.0,0.09999999999999998
3138,-12.0,0.09999999999999998
3139,-11.0,0.09999999999999998
3140,-12.0,0.09999999999999998
3141,-12.0,0.09999999999999998
3142,-9.0,0.09999999999999998
3143,-14.0,0.09999999999999998
3144,-11.0,0.09999999999999998
3145,-11.0,0.09999999999999998
3146,-10.0,0.09999999999999998
3147,-7.0,0.09999999999999998
3148,-9.0,0.09999999999999998
3149,-10.0,0.09999999999999998
3150,-11.0,0.09999999999999998
3151,-9.0,0.09999999999999998
3152,-10.0,0.09999999999999998
3153,-12.0,0.09999999999999998
3154,-3.0,0.09999999999999998
3155,-12.0,0.09999999999999998
3156,-9.0,0.09999999999999998
3157,-14.0,0.09999999999999998
3158,-1.0,0.09999999999999998
3159,-11.0,0.09999999999999998
3160,-9.0,0.09999999999999998
3161,-10.0,0.09999999999999998
3162,-7.0,0.09999999999999998
3163,-7.0,0.09999999999999998
3164,-6.0,0.09999999999999998
3165,-13.0,0.09999999999999998
3166,-2.0,0.09999999999999998
3167,1.0,0.09999999999999998
3168,-4.0,0.09999999999999998
3169,-5.0,0.09999999999999998
3170,-8.0,0.09999999999999998
3171,-7.0,0.09999999999999998
3172,-14.0,0.09999999999999998
3173,-10.0,0.09999999999999998
3174,-13.0,0.09999999999999998
3175,-9.0,0.09999999999999998
3176,-11.0,0.09999999999999998
3177,-12.0,0.09999999999999998
3178,-9.0,0.09999999999999998
3179,-2.0,0.09999999999999998
3180,-15.0,0.09999999999999998
3181,-7.0,0.09999999999999998
3182,-13.0,0.09999999999999998
3183,-16.0,0.09999999999999998
3184,-8.0,0.09999999999999998
3185,-5.0,0.09999999999999998
3186,-7.0,0.09999999999999998
3187,-8.0,0.09999999999999998
3188,-12.0,0.09999999999999998
3189,-18.0,0.09999999999999998
3190,-9.0,0.09999999999999998
3191,-8.0,0.09999999999999998
3192,-10.0,0.09999999999999998
3193,-4.0,0.09999999999999998
3194,-9.0,0.09999999999999998
3195,-7.0,0.09999999999999998
3196,-8.0,0.09999999999999998
3197,-10.0,0.09999999999999998
3198,-3.0,0.09999999999999998
3199,-11.0,0.09999999999999998
3200,-7.0,0.09999999999999998
3201,-8.0,0.09999999999999998
3202,-8.0,0.09999999999999998
3203,-7.0,0.09999999999999998
3204,-5.0,0.09999999999999998
3205,-9.0,0.09999999999999998
3206,-12.0,0.09999999999999998
3207,-13.0,0.09999999999999998
3208,-12.0,0.09999999999999998
3209,-6.0,0.09999999999999998
3210,-11.0,0.09999999999999998
3211,-15.0,0.09999999999999998
3212,-11.0,0.09999999999999998
3213,-10.0,0.09999999999999998
3214,-9.0,0.09999999999999998
3215,-5.0,0.09999999999999998
3216,-6.0,0.09999999999999998
3217,-5.0,0.09999999999999998
3218,-7.0,0.09999999999999998
3219,-14.0,0.09999999999999998
3220,-4.0,0.09999999999999998
3221,-10.0,0.09999999999999998
3222,-10.0,0.09999999999999998
3223,-14.0,0.09999999999999998
3224,-2.0,0.09999999999999998
3225,-10.0,0.09999999999999998
3226,-12.0,0.09999999999999998
3227,-1.0,0.09999999999999998
3228,-8.0,0.09999999999999998
3229,-14.0,0.09999999999999998
3230,-3.0,0.09999999999999998
3231,-6.0,0.09999999999999998
3232,-2.0,0.09999999999999998
3233,-3.0,0.09999999999999998
3234,-6.0,0.09999999999999998
3235,-9.0,0.09999999999999998
3236,-3.0,0.09999999999999998
3237,-11.0,0.09999999999999998
3238,-10.0,0.09999999999999998
3239,-7.0,0.09999999999999998
3240,-12.0,0.09999999999999998
3241,-13.0,0.09999999999999998
3242,-13.0,0.09999999999999998
3243,-1.0,0.09999999999999998
3244,-6.0,0.09999999999999998
3245,-2.0,0.09999999999999998
3246,-7.0,0.09999999999999998
3247,-5.0,0.09999999999999998
3248,-13.0,0.09999999999999998
3249,-7.0,0.09999999999999998
3250,-4.0,0.09999999999999998
3251,-8.0,0.09999999999999998
3252,-11.0,0.09999999999999998
3253,-14.0,0.09999999999999998
3254,-9.0,0.09999999999999998
3255,-6.0,0.09999999999999998
3256,-3.0,0.09999999999999998
3257,-12.0,0.09999999999999998
3258,-8.0,0.09999999999999998
3259,-8.0,0.09999999999999998
3260,-9.0,0.09999999999999998
3261,-15.0,0.09999999999999998
3262,-12.0,0.09999999999999998
3263,-8.0,0.09999999999999998
3264,-11.0,0.09999999999999998
3265,-2.0,0.09999999999999998
3266,-10.0,0.09999999999999998
3267,-12.0,0.09999999999999998
3268,-14.0,0.09999999999999998
3269,-7.0,0.09999999999999998
3270,-8.0,0.09999999999999998
3271,-11.0,0.09999999999999998
3272,-11.0,0.09999999999999998
3273,-7.0,0.09999999999999998
3274,-6.0,0.09999999999999998
3275,-10.0,0.09999999999999998
3276,-13.0,0.09999999999999998
3277,-8.0,0.09999999999999998
3278,1.0,0.09999999999999998
3279,-9.0,0.09999999999999998
3280,-13.0,0.09999999999999998
3281,-5.0,0.09999999999999998
3282,-11.0,0.09999999999999998
3283,-6.0,0.09999999999999998
3284,-14.0,0.09999999999999998
3285,-6.0,0.09999999999999998
3286,-6.0,0.09999999999999998
3287,-16.0,0.09999999999999998
3288,-14.0,0.09999999999999998
3289,-8.0,0.09999999999999998
3290,-9.0,0.09999999999999998
3291,-16.0,0.09999999999999998
3292,-10.0,0.09999999999999998
3293,-8.0,0.09999999999999998
3294,-13.0,0.09999999999999998
3295,-9.0,0.09999999999999998
3296,-9.0,0.09999999999999998
3297,-12.0,0.09999999999999998
3298,-10.0,0.09999999999999998
3299,-5.0,0.09999999999999998
3300,2.0,0.09999999999999998
3301,-5.0,0.09999999999999998
3302,-5.0,0.09999999999999998
3303,-8.0,0.09999999999999998
3304,-6.0,0.09999999999999998
3305,-15.0,0.09999999999999998
3306,-10.0,0.09999999999999998
3307,-9.0,0.09999999999999998
3308,-9.0,0.09999999999999998
3309,-16.0,0.09999999999999998
3310,-16.0,0.09999999999999998
3311,-14.0,0.09999999999999998
3312,-12.0,0.09999999999999998
3313,-6.0,0.09999999999999998
3314,-12.0,0.09999999999999998
3315,-8.0,0.09999999999999998
3316,-4.0,0.09999999999999998
3317,-13.0,0.09999999999999998
3318,-14.0,0.09999999999999998
3319,-6.0,0.09999999999999998
3320,-9.0,0.09999999999999998
3321,-7.0,0.09999999999999998
3322,1.0,0.09999999999999998
3323,-5.0,0.09999999999999998
3324,-8.0,0.09999999999999998
3325,-13.0,0.09999999999999998
3326,-6.0,0.09999999999999998
3327,-4.0,0.09999999999999998
3328,-4.0,0.09999999999999998
3329,-6.0,0.09999999999999998
3330,-12.0,0.09999999999999998
3331,-4.0,0.09999999999999998
3332,1.0,0.09999999999999998
3333,-10.0,0.09999999999999998
3334,-2.0,0.09999999999999998
3335,-9.0,0.09999999999999998
3336,-6.0,0.09999999999999998
3337,-5.0,0.09999999999999998
3338,-3.0,0.09999999999999998
3339,-9.0,0.09999999999999998
3340,-12.0,0.09999999999999998
3341,-8.0,0.09999999999999998
3342,-7.0,0.09999999999999998
3343,-2.0,0.09999999999999998
3344,-15.0,0.09999999999999998
3345,-1.0,0.09999999999999998
3346,-7.0,0.09999999999999998
3347,-7.0,0.09999999999999998
3348,-11.0,0.09999999999999998
3349,-13.0,0.09999999999999998
3350,-11.0,0.09999999999999998
3351,-8.0,0.09999999999999998
3352,4.0,0.09999999999999998
3353,-8.0,0.09999999999999998
3354,-4.0,0.09999999999999998
3355,-9.0,0.09999999999999998
3356,2.0,0.09999999999999998
3357,-4.0,0.09999999999999998
3358,-7.0,0.09999999999999998
3359,-10.0,0.09999999999999998
3360,-6.0,0.09999999999999998
3361,-8.0,0.09999999999999998
3362,-13.0,0.09999999999999998
3363,-9.0,0.09999999999999998
3364,-7.0,0.09999999999999998
3365,2.0,0.09999999999999998
3366,-3.0,0.09999999999999998
3367,-10.0,0.09999999999999998
3368,-10.0,0.09999999999999998
3369,-13.0,0.09999999999999998
3370,-4.0,0.09999999999999998
3371,-8.0,0.09999999999999998
3372,-5.0,0.09999999999999998
3373,-14.0,0.09999999999999998
3374,-3.0,0.09999999999999998
3375,-4.0,0.09999999999999998
3376,-5.0,0.09999999999999998
3377,-5.0,0.09999999999999998
3378,-11.0,0.09999999999999998
3379,-1.0,0.09999999999999998
3380,-4.0,0.09999999999999998
3381,-10.0,0.09999999999999998
3382,-8.0,0.09999999999999998
3383,-9.0,0.09999999999999998
3384,-9.0,0.09999999999999998
3385,-9.0,0.09999999999999998
3386,-6.0,0.09999999999999998
3387,-5.0,0.09999999999999998
3388,-5.0,0.09999999999999998
3389,-10.0,0.09999999999999998
3390,-12.0,0.09999999999999998
3391,-8.0,0.09999999999999998
3392,-7.0,0.09999999999999998
3393,-4.0,0.09999999999999998
3394,-11.0,0.09999999999999998
3395,-5.0,0.09999999999999998
3396,-18.0,0.09999999999999998
3397,-8.0,0.09999999999999998
3398,2.0,0.09999999999999998
3399,-16.0,0.09999999999999998
3400,-9.0,0.09999999999999998
3401,-8.0,0.09999999999999998
3402,-5.0,0.09999999999999998
3403,-3.0,0.09999999999999998
3404,-4.0,0.09999999999999998
3405,-9.0,0.09999999999999998
3406,-11.0,0.09999999999999998
3407,5.0,0.09999999999999998
3408,-9.0,0.09999999999999998
3409,-14.0,0.09999999999999998
3410,-8.0,0.09999999999999998
3411,-3.0,0.09999999999999998
3412,-8.0,0.09999999999999998
3413,-7.0,0.09999999999999998
3414,-13.0,0.09999999999999998
3415,-15.0,0.09999999999999998
3416,-13.0,0.09999999999999998
3417,-9.0,0.09999999999999998
3418,-6.0,0.09999999999999998
3419,-9.0,0.09999999999999998
3420,-7.0,0.09999999999999998
3421,-14.0,0.09999999999999998
3422,-9.0,0.09999999999999998
3423,-7.0,0.09999999999999998
3424,-7.0,0.09999999999999998
3425,-1.0,0.09999999999999998
3426,6.0,0.09999999999999998
3427,6.0,0.09999999999999998
3428,-13.0,0.09999999999999998
3429,-6.0,0.09999999999999998
3430,-5.0,0.09999999999999998
3431,-6.0,0.09999999999999998
3432,2.0,0.09999999999999998
3433,-13.0,0.09999999999999998
3434,-5.0,0.09999999999999998
3435,-7.0,0.09999999999999998
3436,-9.0,0.09999999999999998
3437,-6.0,0.09999999999999998
3438,-12.0,0.09999999999999998
3439,-16.0,0.09999999999999998
3440,-11.0,0.09999999999999998
3441,-12.0,0.09999999999999998
3442,-10.0,0.09999999999999998
3443,-7.0,0.09999999999999998
3444,-5.0,0.09999999999999998
3445,-7.0,0.09999999999999998
3446,-1.0,0.09999999999999998
3447,2.0,0.09999999999999998
3448,-10.0,0.09999999999999998
3449,-10.0,0.09999999999999998
3450,2.0,0.09999999999999998
3451,-13.0,0.09999999999999998
3452,-6.0,0.09999999999999998
3453,-7.0,0.09999999999999998
3454,-14.0,0.09999999999999998
3455,-8.0,0.09999999999999998
3456,-12.0,0.09999999999999998
3457,-3.0,0.09999999999999998
3458,-7.0,0.09999999999999998
3459,-7.0,0.09999999999999998
3460,4.0,0.09999999999999998
3461,2.0,0.09999999999999998
3462,-6.0,0.09999999999999998
3463,-1.0,0.09999999999999998
3464,-13.0,0.09999999999999998
3465,-5.0,0.09999999999999998
3466,-13.0,0.09999999999999998
3467,-8.0,0.09999999999999998
3468,2.0,0.09999999999999998
3469,-8.0,0.09999999999999998
3470,-8.0,0.09999999999999998
3471,2.0,0.09999999999999998
3472,-12.0,0.09999999999999998
3473,-8.0,0.09999999999999998
3474,-9.0,0.09999999999999998
3475,-10.0,0.09999999999999998
3476,-6.0,0.09999999999999998
3477,-8.0,0.09999999999999998
3478,-3.0,0.09999999999999998
3479,-1.0,0.09999999999999998
3480,-6.0,0.09999999999999998
3481,-5.0,0.09999999999999998
3482,-11.0,0.09999999999999998
3483,-3.0,0.09999999999999998
3484,-6.0,0.09999999999999998
3485,-11.0,0.09999999999999998
3486,-14.0,0.09999999999999998
3487,-4.0,0.09999999999999998
3488,-13.0,0.09999999999999998
3489,-12.0,0.09999999999999998
3490,-16.0,0.09999999999999998
3491,-9.0,0.09999999999999998
3492,-6.0,0.09999999999999998
3493,-7.0,0.09999999999999998
3494,-12.0,0.09999999999999998
3495,-6.0,0.09999999999999998
3496,-4.0,0.09999999999999998
3497,-12.0,0.09999999999999998
3498,-9.0,0.09999999999999998
3499,-10.0,0.09999999999999998
3500,-14.0,0.09999999999999998
3501,-10.0,0.09999999999999998
3502,-6.0,0.09999999999999998
3503,-8.0,0.09999999999999998
3504,-1.0,0.09999999999999998
3505,1.0,0.09999999999999998
3506,-11.0,0.09999999999999998
3507,-12.0,0.09999999999999998
3508,-7.0,0.09999999999999998
3509,-8.0,0.09999999999999998
3510,-10.0,0.09999999999999998
3511,-5.0,0.09999999999999998
3512,-12.0,0.09999999999999998
3513,-12.0,0.09999999999999998
3514,-3.0,0.09999999999999998
3515,-14.0,0.09999999999999998
3516,-11.0,0.09999999999999998
3517,-12.0,0.09999999999999998
3518,-11.0,0.09999999999999998
3519,-10.0,0.09999999999999998
3520,-10.0,0.09999999999999998
3521,-9.0,0.09999999999999998
3522,-7.0,0.09999999999999998
3523,-9.0,0.09999999999999998
3524,-3.0,0.09999999999999998
3525,-11.0,0.09999999999999998
3526,-11.0,0.09999999999999998
3527,-9.0,0.09999999999999998
3528,-8.0,0.09999999999999998
3529,-6.0,0.09999999999999998
3530,-14.0,0.09999999999999998
3531,-13.0,0.09999999999999998
3532,-6.0,0.09999999999999998
3533,-5.0,0.09999999999999998
3534,2.0,0.09999999999999998
3535,-12.0,0.09999999999999998
3536,-7.0,0.09999999999999998
3537,-1.0,0.09999999999999998
3538,-6.0,0.09999999999999998
3539,-10.0,0.09999999999999998
3540,-13.0,0.09999999999999998
3541,-15.0,0.09999999999999998
3542,-15.0,0.09999999999999998
3543,-9.0,0.09999999999999998
3544,-7.0,0.09999999999999998
3545,-5.0,0.09999999999999998
3546,-7.0,0.09999999999999998
3547,-8.0,0.09999999999999998
3548,-11.0,0.09999999999999998
3549,-7.0,0.09999999999999998
3550,-13.0,0.09999999999999998
3551,-11.0,0.09999999999999998
3552,-2.0,0.09999999999999998
3553,-3.0,0.09999999999999998
3554,-12.0,0.09999999999999998
3555,-7.0,0.09999999999999998
3556,-5.0,0.09999999999999998
3557,-1.0,0.09999999999999998
3558,-6.0,0.09999999999999998
3559,-10.0,0.09999999999999998
3560,-13.0,0.09999999999999998
3561,-1.0,0.09999999999999998
3562,-10.0,0.09999999999999998
3563,-11.0,0.09999999999999998
3564,-14.0,0.09999999999999998
3565,-10.0,0.09999999999999998
3566,-10.0,0.09999999999999998
3567,-2.0,0.09999999999999998
3568,-15.0,0.09999999999999998
3569,-4.0,0.09999999999999998
3570,-15.0,0.09999999999999998
3571,-8.0,0.09999999999999998
3572,-4.0,0.09999999999999998
3573,3.0,0.09999999999999998
3574,-2.0,0.09999999999999998
3575,-7.0,0.09999999999999998
3576,-2.0,0.09999999999999998
3577,-9.0,0.09999999999999998
3578,-8.0,0.09999999999999998
3579,-11.0,0.09999999999999998
3580,1.0,0.09999999999999998
3581,-7.0,0.09999999999999998
3582,-12.0,0.09999999999999998
3583,-4.0,0.09999999999999998
3584,-12.0,0.09999999999999998
3585,-11.0,0.09999999999999998
3586,-7.0,0.09999999999999998
3587,5.0,0.09999999999999998
3588,-1.0,0.09999999999999998
3589,-11.0,0.09999999999999998
3590,-8.0,0.09999999999999998
3591,-2.0,0.09999999999999998
3592,-4.0,0.09999999999999998
3593,-11.0,0.09999999999999998
3594,-10.0,0.09999999999999998
3595,-7.0,0.09999999999999998
3596,-9.0,0.09999999999999998
3597,-4.0,0.09999999999999998
3598,-3.0,0.09999999999999998
3599,-8.0,0.09999999999999998
3600,4.0,0.09999999999999998
3601,-6.0,0.09999999999999998
3602,-7.0,0.09999999999999998
3603,-6.0,0.09999999999999998
3604,-1.0,0.09999999999999998
3605,2.0,0.09999999999999998
3606,-9.0,0.09999999999999998
3607,-3.0,0.09999999999999998
3608,-12.0,0.09999999999999998
3609,-13.0,0.09999999999999998
3610,-8.0,0.09999999999999998
3611,-11.0,0.09999999999999998
3612,-1.0,0.09999999999999998
3613,-4.0,0.09999999999999998
3614,-13.0,0.09999999999999998
3615,3.0,0.09999999999999998
3616,-9.0,0.09999999999999998
3617,-9.0,0.09999999999999998
3618,-2.0,0.09999999999999998
3619,-7.0,0.09999999999999998
3620,-9.0,0.09999999999999998
3621,-2.0,0.09999999999999998
3622,-7.0,0.09999999999999998
3623,-10.0,0.09999999999999998
3624,-11.0,0.09999999999999998
3625,-13.0,0.09999999999999998
3626,-9.0,0.09999999999999998
3627,-7.0,0.09999999999999998
3628,3.0,0.09999999999999998
3629,-1.0,0.09999999999999998
3630,-6.0,0.09999999999999998
3631,-14.0,0.09999999999999998
3632,-15.0,0.09999999999999998
3633,-1.0,0.09999999999999998
3634,-13.0,0.09999999999999998
3635,-5.0,0.09999999999999998
3636,-5.0,0.09999999999999998
3637,-6.0,0.09999999999999998
3638,-8.0,0.09999999999999998
3639,-4.0,0.09999999999999998
3640,-10.0,0.09999999999999998
3641,-7.0,0.09999999999999998
3642,-6.0,0.09999999999999998
3643,-3.0,0.09999999999999998
3644,-9.0,0.09999999999999998
3645,-4.0,0.09999999999999998
3646,-5.0,0.09999999999999998
3647,-1.0,0.09999999999999998
3648,-14.0,0.09999999999999998
3649,-1.0,0.09999999999999998
3650,-9.0,0.09999999999999998
3651,-11.0,0.09999999999999998
3652,-10.0,0.09999999999999998
3653,-7.0,0.09999999999999998
3654,-10.0,0.09999999999999998
3655,-3.0,0.09999999999999998
3656,-9.0,0.09999999999999998
3657,-14.0,0.09999999999999998
3658,-11.0,0.09999999999999998
3659,-9.0,0.09999999999999998
3660,-6.0,0.09999999999999998
3661,-6.0,0.09999999999999998
3662,-7.0,0.09999999999999998
3663,-8.0,0.09999999999999998
3664,-6.0,0.09999999999999998
3665,-6.0,0.09999999999999998
3666,-2.0,0.09999999999999998
3667,-13.0,0.09999999999999998
3668,-6.0,0.09999999999999998
3669,-3.0,0.09999999999999998
3670,-9.0,0.09999999999999998
3671,-8.0,0.09999999999999998
3672,-15.0,0.09999999999999998
3673,-10.0,0.09999999999999998
3674,-6.0,0.09999999999999998
3675,-7.0,0.09999999999999998
3676,-18.0,0.09999999999999998
3677,-7.0,0.09999999999999998
3678,-13.0,0.09999999999999998
3679,-10.0,0.09999999999999998
3680,3.0,0.09999999999999998
3681,-10.0,0.09999999999999998
3682,-8.0,0.09999999999999998
3683,-9.0,0.09999999999999998
3684,3.0,0.09999999999999998
3685,-12.0,0.09999999999999998
3686,-14.0,0.09999999999999998
3687,-6.0,0.09999999999999998
3688,-5.0,0.09999999999999998
3689,-12.0,0.09999999999999998
3690,-4.0,0.09999999999999998
3691,-13.0,0.09999999999999998
3692,-7.0,0.09999999999999998
3693,-10.0,0.09999999999999998
3694,-6.0,0.09999999999999998
3695,-3.0,0.09999999999999998
3696,-12.0,0.09999999999999998
3697,-3.0,0.09999999999999998
3698,-7.0,0.09999999999999998
3699,-8.0,0.09999999999999998
3700,-5.0,0.09999999999999998
3701,-5.0,0.09999999999999998
3702,-4.0,0.09999999999999998
3703,-11.0,0.09999999999999998
3704,-13.0,0.09999999999999998
3705,-4.0,0.09999999999999998
3706,-13.0,0.09999999999999998
3707,-12.0,0.09999999999999998
3708,-13.0,0.09999999999999998
3709,-9.0,0.09999999999999998
3710,-9.0,0.09999999999999998
3711,-4.0,0.09999999999999998
3712,-8.0,0.09999999999999998
3713,-11.0,0.09999999999999998
3714,-11.0,0.09999999999999998
3715,-9.0,0.09999999999999998
3716,-7.0,0.09999999999999998
3717,-7.0,0.09999999999999998
3718,-1.0,0.09999999999999998
3719,-3.0,0.09999999999999998
3720,-5.0,0.09999999999999998
3721,-6.0,0.09999999999999998
3722,-10.0,0.09999999999999998
3723,-4.0,0.09999999999999998
3724,-4.0,0.09999999999999998
3725,-3.0,0.09999999999999998
3726,-13.0,0.09999999999999998
3727,-4.0,0.09999999999999998
3728,-5.0,0.09999999999999998
3729,-10.0,0.09999999999999998
3730,-14.0,0.09999999999999998
3731,-5.0,0.09999999999999998
3732,-17.0,0.09999999999999998
3733,-1.0,0.09999999999999998
3734,-9.0,0.09999999999999998
3735,-6.0,0.09999999999999998
3736,-7.0,0.09999999999999998
3737,-8.0,0.09999999999999998
3738,2.0,0.09999999999999998
3739,-9.0,0.09999999999999998
3740,-7.0,0.09999999999999998
3741,-7.0,0.09999999999999998
3742,-5.0,0.09999999999999998
3743,-17.0,0.09999999999999998
3744,-7.0,0.09999999999999998
3745,-13.0,0.09999999999999998
3746,-4.0,0.09999999999999998
3747,-10.0,0.09999999999999998
3748,-7.0,0.09999999999999998
3749,-10.0,0.09999999999999998
3750,-11.0,0.09999999999999998
3751,-14.0,0.09999999999999998
3752,-1.0,0.09999999999999998
3753,-13.0,0.09999999999999998
3754,-7.0,0.09999999999999998
3755,-8.0,0.09999999999999998
3756,-9.0,0.09999999999999998
3757,-14.0,0.09999999999999998
3758,-6.0,0.09999999999999998
3759,-9.0,0.09999999999999998
3760,-12.0,0.09999999999999998
3761,-5.0,0.09999999999999998
3762,2.0,0.09999999999999998
3763,-7.0,0.09999999999999998
3764,-9.0,0.09999999999999998
3765,-9.0,0.09999999999999998
3766,-9.0,0.09999999999999998
3767,-6.0,0.09999999999999998
3768,-16.0,0.09999999999999998
3769,-6.0,0.09999999999999998
3770,-10.0,0.09999999999999998
3771,-2.0,0.09999999999999998
3772,-5.0,0.09999999999999998
3773,-2.0,0.09999999999999998
3774,-3.0,0.09999999999999998
3775,-7.0,0.09999999999999998
3776,-10.0,0.09999999999999998
3777,-13.0,0.09999999999999998
3778,-5.0,0.09999999999999998
3779,-10.0,0.09999999999999998
3780,-11.0,0.09999999999999998
3781,-8.0,0.09999999999999998
3782,-6.0,0.09999999999999998
3783,-13.0,0.09999999999999998
3784,-10.0,0.09999999999999998
3785,-8.0,0.09999999999999998
3786,-5.0,0.09999999999999998
3787,-3.0,0.09999999999999998
3788,-14.0,0.09999999999999998
3789,-5.0,0.09999999999999998
3790,-14.0,0.09999999999999998
3791,-9.0,0.09999999999999998
3792,-6.0,0.09999999999999998
3793,-8.0,0.09999999999999998
3794,-12.0,0.09999999999999998
3795,-2.0,0.09999999999999998
3796,-6.0,0.09999999999999998
3797,-15.0,0.09999999999999998
3798,-10.0,0.09999999999999998
3799,-10.0,0.09999999999999998
3800,-16.0,0.09999999999999998
3801,-17.0,0.09999999999999998
3802,4.0,0.09999999999999998
3803,2.0,0.09999999999999998
3804,-8.0,0.09999999999999998
3805,-8.0,0.09999999999999998
3806,-1.0,0.09999999999999998
3807,-15.0,0.09999999999999998
3808,-13.0,0.09999999999999998
3809,-7.0,0.09999999999999998
3810,-4.0,0.09999999999999998
3811,-11.0,0.09999999999999998
3812,-1.0,0.09999999999999998
3813,-13.0,0.09999999999999998
3814,-18.0,0.09999999999999998
3815,-11.0,0.09999999999999998
3816,-17.0,0.09999999999999998
3817,-3.0,0.09999999999999998
3818,-10.0,0.09999999999999998
3819,-12.0,0.09999999999999998
3820,-6.0,0.09999999999999998
3821,-16.0,0.09999999999999998
3822,-13.0,0.09999999999999998
3823,-13.0,0.09999999999999998
3824,-12.0,0.09999999999999998
3825,-10.0,0.09999999999999998
3826,-5.0,0.09999999999999998
3827,-12.0,0.09999999999999998
3828,1.0,0.09999999999999998
3829,-11.0,0.09999999999999998
3830,-7.0,0.09999999999999998
3831,-7.0,0.09999999999999998
3832,4.0,0.09999999999999998
3833,-10.0,0.09999999999999998
3834,-13.0,0.09999999999999998
3835,-2.0,0.09999999999999998
3836,-8.0,0.09999999999999998
3837,-13.0,0.09999999999999998
3838,-8.0,0.09999999999999998
3839,-10.0,0.09999999999999998
3840,-12.0,0.09999999999999998
3841,-2.0,0.09999999999999998
3842,2.0,0.09999999999999998
3843,-7.0,0.09999999999999998
3844,-4.0,0.09999999999999998
3845,-5.0,0.09999999999999998
3846,-5.0,0.09999999999999998
3847,-6.0,0.09999999999999998
3848,-10.0,0.09999999999999998
3849,-5.0,0.09999999999999998
3850,-5.0,0.09999999999999998
3851,-9.0,0.09999999999999998
3852,-4.0,0.09999999999999998
3853,-13.0,0.09999999999999998
3854,-5.0,0.09999999999999998
3855,-10.0,0.09999999999999998
3856,-2.0,0.09999999999999998
3857,-14.0,0.09999999999999998
3858,-9.0,0.09999999999999998
3859,-8.0,0.09999999999999998
3860,-4.0,0.09999999999999998
3861,-8.0,0.09999999999999998
3862,-2.0,0.09999999999999998
3863,-8.0,0.09999999999999998
3864,-6.0,0.09999999999999998
3865,-1.0,0.09999999999999998
3866,-5.0,0.09999999999999998
3867,-3.0,0.09999999999999998
3868,-7.0,0.09999999999999998
3869,2.0,0.09999999999999998
3870,-10.0,0.09999999999999998
3871,-9.0,0.09999999999999998
3872,-5.0,0.09999999999999998
3873,-3.0,0.09999999999999998
3874,-14.0,0.09999999999999998
3875,-8.0,0.09999999999999998
3876,-1.0,0.09999999999999998
3877,-4.0,0.09999999999999998
3878,-10.0,0.09999999999999998
3879,-12.0,0.09999999999999998
3880,-6.0,0.09999999999999998
3881,-3.0,0.09999999999999998
3882,-5.0,0.09999999999999998
3883,-4.0,0.09999999999999998
3884,-3.0,0.09999999999999998
3885,-14.0,0.09999999999999998
3886,3.0,0.09999999999999998
3887,-2.0,0.09999999999999998
3888,-3.0,0.09999999999999998
3889,10.0,0.09999999999999998
3890,-9.0,0.09999999999999998
3891,-2.0,0.09999999999999998
3892,-6.0,0.09999999999999998
3893,-10.0,0.09999999999999998
3894,-6.0,0.09999999999999998
3895,-7.0,0.09999999999999998
3896,-2.0,0.09999999999999998
3897,-6.0,0.09999999999999998
3898,-5.0,0.09999999999999998
3899,2.0,0.09999999999999998
3900,3.0,0.09999999999999998
3901,-3.0,0.09999999999999998
3902,-6.0,0.09999999999999998
3903,5.0,0.09999999999999998
3904,1.0,0.09999999999999998
3905,2.0,0.09999999999999998
3906,-5.0,0.09999999999999998
3907,-4.0,0.09999999999999998
3908,-8.0,0.09999999999999998
3909,-9.0,0.09999999999999998
3910,-13.0,0.09999999999999998
3911,-10.0,0.09999999999999998
3912,-5.0,0.09999999999999998
3913,-9.0,0.09999999999999998
3914,-1.0,0.09999999999999998
3915,-13.0,0.09999999999999998
3916,-2.0,0.09999999999999998
3917,-12.0,0.09999999999999998
3918,-6.0,0.09999999999999998
3919,-12.0,0.09999999999999998
3920,4.0,0.09999999999999998
3921,-5.0,0.09999999999999998
3922,8.0,0.09999999999999998
3923,-9.0,0.09999999999999998
3924,-6.0,0.09999999999999998
3925,-9.0,0.09999999999999998
3926,-8.0,0.09999999999999998
3927,-4.0,0.09999999999999998
3928,-17.0,0.09999999999999998
3929,-3.0,0.09999999999999998
3930,-8.0,0.09999999999999998
3931,3.0,0.09999999999999998
3932,-7.0,0.09999999999999998
3933,2.0,0.09999999999999998
3934,-8.0,0.09999999999999998
3935,-10.0,0.09999999999999998
3936,-1.0,0.09999999999999998
3937,-11.0,0.09999999999999998
3938,-6.0,0.09999999999999998
3939,-10.0,0.09999999999999998
3940,-1.0,0.09999999999999998
3941,-13.0,0.09999999999999998
3942,-11.0,0.09999999999999998
3943,-11.0,0.09999999999999998
3944,-1.0,0.09999999999999998
3945,-13.0,0.09999999999999998
3946,-8.0,0.09999999999999998
3947,2.0,0.09999999999999998
3948,-3.0,0.09999999999999998
3949,-12.0,0.09999999999999998
3950,-13.0,0.09999999999999998
3951,-8.0,0.09999999999999998
3952,-14.0,0.09999999999999998
3953,-8.0,0.09999999999999998
3954,-2.0,0.09999999999999998
3955,5.0,0.09999999999999998
3956,-8.0,0.09999999999999998
3957,-6.0,0.09999999999999998
3958,-6.0,0.09999999999999998
3959,-3.0,0.09999999999999998
3960,-6.0,0.09999999999999998
3961,-1.0,0.09999999999999998
3962,-3.0,0.09999999999999998
3963,-8.0,0.09999999999999998
3964,-6.0,0.09999999999999998
3965,-12.0,0.09999999999999998
3966,-12.0,0.09999999999999998
3967,-7.0,0.09999999999999998
3968,-11.0,0.09999999999999998
3969,4.0,0.09999999999999998
3970,-15.0,0.09999999999999998
3971,-11.0,0.09999999999999998
3972,-6.0,0.09999999999999998
3973,-2.0,0.09999999999999998
3974,-11.0,0.09999999999999998
3975,-19.0,0.09999999999999998
3976,-9.0,0.09999999999999998
3977,6.0,0.09999999999999998
3978,-10.0,0.09999999999999998
3979,-5.0,0.09999999999999998
3980,5.0,0.09999999999999998
3981,-7.0,0.09999999999999998
3982,-11.0,0.09999999999999998
3983,-5.0,0.09999999999999998
3984,5.0,0.09999999999999998
3985,-6.0,0.09999999999999998
3986,-19.0,0.09999999999999998
3987,-14.0,0.09999999999999998
3988,6.0,0.09999999999999998
3989,-7.0,0.09999999999999998
3990,-9.0,0.09999999999999998
3991,-5.0,0.09999999999999998
3992,-11.0,0.09999999999999998
3993,-12.0,0.09999999999999998
3994,-5.0,0.09999999999999998
3995,-5.0,0.09999999999999998
3996,-9.0,0.09999999999999998
3997,1.0,0.09999999999999998
3998,-6.0,0.09999999999999998
3999,-5.0,0.09999999999999998
4000,3.0,0.09999999999999998
4001,-6.0,0.09999999999999998
4002,-11.0,0.09999999999999998
4003,-10.0,0.09999999999999998
4004,-6.0,0.09999999999999998
4005,-5.0,0.09999999999999998
4006,-16.0,0.09999999999999998
4007,-12.0,0.09999999999999998
4008,-12.0,0.09999999999999998
4009,-8.0,0.09999999999999998
4010,3.0,0.09999999999999998
4011,-2.0,0.09999999999999998
4012,-1.0,0.09999999999999998
4013,-10.0,0.09999999999999998
4014,-9.0,0.09999999999999998
4015,3.0,0.09999999999999998
4016,2.0,0.09999999999999998
4017,-12.0,0.09999999999999998
4018,-6.0,0.09999999999999998
4019,-13.0,0.09999999999999998
4020,-3.0,0.09999999999999998
4021,-3.0,0.09999999999999998
4022,-11.0,0.09999999999999998
4023,-7.0,0.09999999999999998
4024,-10.0,0.09999999999999998
4025,-8.0,0.09999999999999998
4026,-9.0,0.09999999999999998
4027,-15.0,0.09999999999999998
4028,-15.0,0.09999999999999998
4029,-10.0,0.09999999999999998
4030,-2.0,0.09999999999999998
4031,-7.0,0.09999999999999998
4032,-7.0,0.09999999999999998
4033,4.0,0.09999999999999998
4034,-6.0,0.09999999999999998
4035,-10.0,0.09999999999999998
4036,3.0,0.09999999999999998
4037,-10.0,0.09999999999999998
4038,-10.0,0.09999999999999998
4039,-6.0,0.09999999999999998
4040,-13.0,0.09999999999999998
4041,-16.0,0.09999999999999998
4042,-6.0,0.09999999999999998
4043,-4.0,0.09999999999999998
4044,-9.0,0.09999999999999998
4045,-2.0,0.09999999999999998
4046,-1.0,0.09999999999999998
4047,-12.0,0.09999999999999998
4048,-9.0,0.09999999999999998
4049,-5.0,0.09999999999999998
4050,4.0,0.09999999999999998
4051,-5.0,0.09999999999999998
4052,3.0,0.09999999999999998
4053,-4.0,0.09999999999999998
4054,-5.0,0.09999999999999998
4055,-9.0,0.09999999999999998
4056,-13.0,0.09999999999999998
4057,-10.0,0.09999999999999998
4058,-8.0,0.09999999999999998
4059,-14.0,0.09999999999999998
4060,-1.0,0.09999999999999998
4061,-13.0,0.09999999999999998
4062,-9.0,0.09999999999999998
4063,-6.0,0.09999999999999998
4064,-5.0,0.09999999999999998
4065,-6.0,0.09999999999999998
4066,-6.0,0.09999999999999998
4067,-6.0,0.09999999999999998
4068,-11.0,0.09999999999999998
4069,-11.0,0.09999999999999998
4070,-6.0,0.09999999999999998
4071,2.0,0.09999999999999998
4072,-14.0,0.09999999999999998
4073,-10.0,0.09999999999999998
4074,-10.0,0.09999999999999998
4075,-10.0,0.09999999999999998
4076,2.0,0.09999999999999998
4077,1.0,0.09999999999999998
4078,-7.0,0.09999999999999998
4079,-6.0,0.09999999999999998
4080,-6.0,0.09999999999999998
4081,-11.0,0.09999999999999998
4082,-11.0,0.09999999999999998
4083,-8.0,0.09999999999999998
4084,-11.0,0.09999999999999998
4085,-1.0,0.09999999999999998
4086,4.0,0.09999999999999998
4087,-2.0,0.09999999999999998
4088,-12.0,0.09999999999999998
4089,-6.0,0.09999999999999998
4090,-11.0,0.09999999999999998
4091,-4.0,0.09999999999999998
4092,-2.0,0.09999999999999998
4093,3.0,0.09999999999999998
4094,-9.0,0.09999999999999998
4095,-6.0,0.09999999999999998
4096,-7.0,0.09999999999999998
4097,-13.0,0.09999999999999998
4098,5.0,0.09999999999999998
4099,-11.0,0.09999999999999998
4100,-8.0,0.09999999999999998
4101,-9.0,0.09999999999999998
4102,-5.0,0.09999999999999998
4103,-8.0,0.09999999999999998
4104,9.0,0.09999999999999998
4105,-9.0,0.09999999999999998
4106,-17.0,0.09999999999999998
4107,-9.0,0.09999999999999998
4108,-4.0,0.09999999999999998
4109,-7.0,0.09999999999999998
4110,1.0,0.09999999999999998
4111,-14.0,0.09999999999999998
4112,-5.0,0.09999999999999998
4113,-8.0,0.09999999999999998
4114,-2.0,0.09999999999999998
4115,7.0,0.09999999999999998
4116,-2.0,0.09999999999999998
4117,-3.0,0.09999999999999998
4118,-2.0,0.09999999999999998
4119,-7.0,0.09999999999999998
4120,-6.0,0.09999999999999998
4121,-3.0,0.09999999999999998
4122,1.0,0.09999999999999998
4123,-2.0,0.09999999999999998
4124,-7.0,0.09999999999999998
4125,-9.0,0.09999999999999998
4126,-4.0,0.09999999999999998
4127,-11.0,0.09999999999999998
4128,-17.0,0.09999999999999998
4129,-2.0,0.09999999999999998
4130,-2.0,0.09999999999999998
4131,-12.0,0.09999999999999998
4132,-4.0,0.09999999999999998
4133,-4.0,0.09999999999999998
4134,-14.0,0.09999999999999998
4135,-9.0,0.09999999999999998
4136,-13.0,0.09999999999999998
4137,-11.0,0.09999999999999998
4138,-7.0,0.09999999999999998
4139,-8.0,0.09999999999999998
4140,-15.0,0.09999999999999998
4141,-14.0,0.09999999999999998
4142,-11.0,0.09999999999999998
4143,-11.0,0.09999999999999998
4144,-4.0,0.09999999999999998
4145,-10.0,0.09999999999999998
4146,-4.0,0.09999999999999998
4147,-2.0,0.09999999999999998
4148,-5.0,0.09999999999999998
4149,-14.0,0.09999999999999998
4150,-13.0,0.09999999999999998
4151,6.0,0.09999999999999998
4152,-10.0,0.09999999999999998
4153,-9.0,0.09999999999999998
4154,-7.0,0.09999999999999998
4155,2.0,0.09999999999999998
4156,-7.0,0.09999999999999998
4157,-7.0,0.09999999999999998
4158,-12.0,0.09999999999999998
4159,4.0,0.09999999999999998
4160,-6.0,0.09999999999999998
4161,1.0,0.09999999999999998
4162,-6.0,0.09999999999999998
4163,-4.0,0.09999999999999998
4164,-6.0,0.09999999999999998
4165,-6.0,0.09999999999999998
4166,-9.0,0.09999999999999998
4167,-9.0,0.09999999999999998
4168,-9.0,0.09999999999999998
4169,-6.0,0.09999999999999998
4170,-10.0,0.09999999999999998
4171,-10.0,0.09999999999999998
4172,-5.0,0.09999999999999998
4173,-8.0,0.09999999999999998
4174,-10.0,0.09999999999999998
4175,-3.0,0.09999999999999998
4176,-3.0,0.09999999999999998
4177,-5.0,0.09999999999999998
4178,-1.0,0.09999999999999998
4179,-3.0,0.09999999999999998
4180,-7.0,0.09999999999999998
4181,6.0,0.09999999999999998
4182,-2.0,0.09999999999999998
4183,-5.0,0.09999999999999998
4184,-8.0,0.09999999999999998
4185,-8.0,0.09999999999999998
4186,1.0,0.09999999999999998
4187,-14.0,0.09999999999999998
4188,-6.0,0.09999999999999998
4189,-8.0,0.09999999999999998
4190,-10.0,0.09999999999999998
4191,-2.0,0.09999999999999998
4192,-10.0,0.09999999999999998
4193,-8.0,0.09999999999999998
4194,-6.0,0.09999999999999998
4195,-5.0,0.09999999999999998
4196,-5.0,0.09999999999999998
4197,-1.0,0.09999999999999998
4198,-3.0,0.09999999999999998
4199,3.0,0.09999999999999998
4200,-6.0,0.09999999999999998
4201,-1.0,0.09999999999999998
4202,-12.0,0.09999999999999998
4203,-4.0,0.09999999999999998
4204,-9.0,0.09999999999999998
4205,-7.0,0.09999999999999998
4206,-13.0,0.09999999999999998
4207,-5.0,0.09999999999999998
4208,-3.0,0.09999999999999998
4209,-2.0,0.09999999999999998
4210,-9.0,0.09999999999999998
4211,-15.0,0.09999999999999998
4212,-11.0,0.09999999999999998
4213,-8.0,0.09999999999999998
4214,-4.0,0.09999999999999998
4215,-1.0,0.09999999999999998
4216,-8.0,0.09999999999999998
4217,-7.0,0.09999999999999998
4218,-3.0,0.09999999999999998
4219,-12.0,0.09999999999999998
4220,-7.0,0.09999999999999998
4221,-7.0,0.09999999999999998
4222,-3.0,0.09999999999999998
4223,1.0,0.09999999999999998
4224,-4.0,0.09999999999999998
4225,-8.0,0.09999999999999998
4226,-7.0,0.09999999999999998
4227,-11.0,0.09999999999999998
4228,-5.0,0.09999999999999998
4229,-3.0,0.09999999999999998
4230,-11.0,0.09999999999999998
4231,-1.0,0.09999999999999998
4232,-5.0,0.09999999999999998
4233,-3.0,0.09999999999999998
4234,-10.0,0.09999999999999998
4235,-1.0,0.09999999999999998
4236,-16.0,0.09999999999999998
4237,-2.0,0.09999999999999998
4238,-8.0,0.09999999999999998
4239,-14.0,0.09999999999999998
4240,-13.0,0.09999999999999998
4241,1.0,0.09999999999999998
4242,-13.0,0.09999999999999998
4243,-7.0,0.09999999999999998
4244,2.0,0.09999999999999998
4245,-11.0,0.09999999999999998
4246,-7.0,0.09999999999999998
4247,-1.0,0.09999999999999998
4248,-2.0,0.09999999999999998
4249,-7.0,0.09999999999999998
4250,-9.0,0.09999999999999998
4251,-3.0,0.09999999999999998
4252,-3.0,0.09999999999999998
4253,-5.0,0.09999999999999998
4254,-5.0,0.09999999999999998
4255,-14.0,0.09999999999999998
4256,-5.0,0.09999999999999998
4257,-5.0,0.09999999999999998
4258,2.0,0.09999999999999998
4259,-9.0,0.09999999999999998
4260,-6.0,0.09999999999999998
4261,-12.0,0.09999999999999998
4262,-7.0,0.09999999999999998
4263,-9.0,0.09999999999999998
4264,-9.0,0.09999999999999998
4265,-5.0,0.09999999999999998
4266,-3.0,0.09999999999999998
4267,-16.0,0.09999999999999998
4268,-10.0,0.09999999999999998
4269,-5.0,0.09999999999999998
4270,-15.0,0.09999999999999998
4271,-5.0,0.09999999999999998
4272,-2.0,0.09999999999999998
4273,-7.0,0.09999999999999998
4274,2.0,0.09999999999999998
4275,-5.0,0.09999999999999998
4276,-7.0,0.09999999999999998
4277,-12.0,0.09999999999999998
4278,-11.0,0.09999999999999998
4279,-7.0,0.09999999999999998
4280,-6.0,0.09999999999999998
4281,-3.0,0.09999999999999998
4282,-13.0,0.09999999999999998
4283,-9.0,0.09999999999999998
4284,-7.0,0.09999999999999998
4285,-7.0,0.09999999999999998
4286,-11.0,0.09999999999999998
4287,-12.0,0.09999999999999998
4288,-8.0,0.09999999999999998
4289,-14.0,0.09999999999999998
4290,-15.0,0.09999999999999998
4291,-3.0,0.09999999999999998
4292,1.0,0.09999999999999998
4293,-12.0,0.09999999999999998
4294,1.0,0.09999999999999998
4295,-8.0,0.09999999999999998
4296,-3.0,0.09999999999999998
4297,-3.0,0.09999999999999998
4298,3.0,0.09999999999999998
4299,1.0,0.09999999999999998
4300,6.0,0.09999999999999998
4301,-7.0,0.09999999999999998
4302,5.0,0.09999999999999998
4303,-6.0,0.09999999999999998
4304,-2.0,0.09999999999999998
4305,-3.0,0.09999999999999998
4306,-5.0,0.09999999999999998
4307,3.0,0.09999999999999998
4308,-8.0,0.09999999999999998
4309,-5.0,0.09999999999999998
4310,-8.0,0.09999999999999998
4311,2.0,0.09999999999999998
4312,-8.0,0.09999999999999998
4313,-13.0,0.09999999999999998
4314,4.0,0.09999999999999998
4315,-2.0,0.09999999999999998
4316,-9.0,0.09999999999999998
4317,-7.0,0.09999999999999998
4318,3.0,0.09999999999999998
4319,-3.0,0.09999999999999998
4320,-11.0,0.09999999999999998
4321,-9.0,0.09999999999999998
4322,-7.0,0.09999999999999998
4323,6.0,0.09999999999999998
4324,-8.0,0.09999999999999998
4325,-7.0,0.09999999999999998
4326,-2.0,0.09999999999999998
4327,-2.0,0.09999999999999998
4328,-8.0,0.09999999999999998
4329,-12.0,0.09999999999999998
4330,-12.0,0.09999999999999998
4331,-10.0,0.09999999999999998
4332,-3.0,0.09999999999999998
4333,-4.0,0.09999999999999998
4334,-3.0,0.09999999999999998
4335,-7.0,0.09999999999999998
4336,2.0,0.09999999999999998
4337,-15.0,0.09999999999999998
4338,7.0,0.09999999999999998
4339,-8.0,0.09999999999999998
4340,-3.0,0.09999999999999998
4341,-6.0,0.09999999999999998
4342,-7.0,0.09999999999999998
4343,-5.0,0.09999999999999998
4344,-7.0,0.09999999999999998
4345,-9.0,0.09999999999999998
4346,-2.0,0.09999999999999998
4347,2.0,0.09999999999999998
4348,-6.0,0.09999999999999998
4349,-1.0,0.09999999999999998
4350,-1.0,0.09999999999999998
4351,-9.0,0.09999999999999998
4352,-3.0,0.09999999999999998
4353,-9.0,0.09999999999999998
4354,-9.0,0.09999999999999998
4355,-7.0,0.09999999999999998
4356,-4.0,0.09999999999999998
4357,-11.0,0.09999999999999998
4358,-10.0,0.09999999999999998
4359,-9.0,0.09999999999999998
4360,3.0,0.09999999999999998
4361,-12.0,0.09999999999999998
4362,-7.0,0.09999999999999998
4363,-5.0,0.09999999999999998
4364,-9.0,0.09999999999999998
4365,-11.0,0.09999999999999998
4366,-3.0,0.09999999999999998
4367,-1.0,0.09999999999999998
4368,-5.0,0.09999999999999998
4369,-3.0,0.09999999999999998
4370,-2.0,0.09999999999999998
4371,-6.0,0.09999999999999998
4372,-6.0,0.09999999999999998
4373,2.0,0.09999999999999998
4374,-6.0,0.09999999999999998
4375,-4.0,0.09999999999999998
4376,-2.0,0.09999999999999998
4377,-9.0,0.09999999999999998
4378,-9.0,0.09999999999999998
4379,-15.0,0.09999999999999998
4380,4.0,0.09999999999999998
4381,-1.0,0.09999999999999998
4382,3.0,0.09999999999999998
4383,-9.0,0.09999999999999998
4384,-11.0,0.09999999999999998
4385,1.0,0.09999999999999998
4386,-5.0,0.09999999999999998
4387,-7.0,0.09999999999999998
4388,-10.0,0.09999999999999998
4389,-12.0,0.09999999999999998
4390,-7.0,0.09999999999999998
4391,-8.0,0.09999999999999998
4392,4.0,0.09999999999999998
4393,-7.0,0.09999999999999998
4394,4.0,0.09999999999999998
4395,-4.0,0.09999999999999998
4396,-11.0,0.09999999999999998
4397,-13.0,0.09999999999999998
4398,-16.0,0.09999999999999998
4399,-1.0,0.09999999999999998
4400,-9.0,0.09999999999999998
4401,-5.0,0.09999999999999998
4402,5.0,0.09999999999999998
4403,-1.0,0.09999999999999998
4404,-9.0,0.09999999999999998
4405,-7.0,0.09999999999999998
4406,-10.0,0.09999999999999998
4407,10.0,0.09999999999999998
4408,-8.0,0.09999999999999998
4409,-4.0,0.09999999999999998
4410,-1.0,0.09999999999999998
4411,-1.0,0.09999999999999998
4412,-1.0,0.09999999999999998
4413,-13.0,0.09999999999999998
4414,-4.0,0.09999999999999998
4415,-10.0,0.09999999999999998
4416,-5.0,0.09999999999999998
4417,-5.0,0.09999999999999998
4418,-1.0,0.09999999999999998
4419,-9.0,0.09999999999999998
4420,-4.0,0.09999999999999998
4421,-10.0,0.09999999999999998
4422,-10.0,0.09999999999999998
4423,4.0,0.09999999999999998
4424,4.0,0.09999999999999998
4425,-3.0,0.09999999999999998
4426,-5.0,0.09999999999999998
4427,-4.0,0.09999999999999998
4428,-8.0,0.09999999999999998
4429,1.0,0.09999999999999998
4430,-5.0,0.09999999999999998
4431,-5.0,0.09999999999999998
4432,3.0,0.09999999999999998
4433,-3.0,0.09999999999999998
4434,-7.0,0.09999999999999998
4435,-2.0,0.09999999999999998
4436,-9.0,0.09999999999999998
4437,-6.0,0.09999999999999998
4438,-8.0,0.09999999999999998
4439,-8.0,0.09999999999999998
4440,-8.0,0.09999999999999998
4441,4.0,0.09999999999999998
4442,-8.0,0.09999999999999998
4443,-9.0,0.09999999999999998
4444,-8.0,0.09999999999999998
4445,-2.0,0.09999999999999998
4446,-11.0,0.09999999999999998
4447,-20.0,0.09999999999999998
4448,-6.0,0.09999999999999998
4449,-8.0,0.09999999999999998
4450,-9.0,0.09999999999999998
4451,-7.0,0.09999999999999998
4452,-9.0,0.09999999999999998
4453,-8.0,0.09999999999999998
4454,11.0,0.09999999999999998
4455,-7.0,0.09999999999999998
4456,-8.0,0.09999999999999998
4457,-6.0,0.09999999999999998
4458,-6.0,0.09999999999999998
4459,1.0,0.09999999999999998
4460,-17.0,0.09999999999999998
4461,-6.0,0.09999999999999998
4462,-9.0,0.09999999999999998
4463,-1.0,0.09999999999999998
4464,-3.0,0.09999999999999998
4465,3.0,0.09999999999999998
4466,-11.0,0.09999999999999998
4467,-5.0,0.09999999999999998
4468,-7.0,0.09999999999999998
4469,-4.0,0.09999999999999998
4470,-9.0,0.09999999999999998
4471,-12.0,0.09999999999999998
4472,-11.0,0.09999999999999998
4473,-5.0,0.09999999999999998
4474,-3.0,0.09999999999999998
4475,-7.0,0.09999999999999998
4476,3.0,0.09999999999999998
4477,-4.0,0.09999999999999998
4478,-8.0,0.09999999999999998
4479,-9.0,0.09999999999999998
4480,-2.0,0.09999999999999998
4481,-1.0,0.09999999999999998
4482,-6.0,0.09999999999999998
4483,-7.0,0.09999999999999998
4484,-6.0,0.09999999999999998
4485,-8.0,0.09999999999999998
4486,-13.0,0.09999999999999998
4487,2.0,0.09999999999999998
4488,-9.0,0.09999999999999998
4489,-10.0,0.09999999999999998
4490,-9.0,0.09999999999999998
4491,1.0,0.09999999999999998
4492,-9.0,0.09999999999999998
4493,-3.0,0.09999999999999998
4494,-11.0,0.09999999999999998
4495,-5.0,0.09999999999999998
4496,-12.0,0.09999999999999998
4497,-7.0,0.09999999999999998
4498,-14.0,0.09999999999999998
4499,-10.0,0.09999999999999998
4500,-8.0,0.09999999999999998
4501,-10.0,0.09999999999999998
4502,-7.0,0.09999999999999998
4503,-3.0,0.09999999999999998
4504,5.0,0.09999999999999998
4505,3.0,0.09999999999999998
4506,-5.0,0.09999999999999998
4507,-3.0,0.09999999999999998
4508,6.0,0.09999999999999998
4509,-4.0,0.09999999999999998
4510,-11.0,0.09999999999999998
4511,-14.0,0.09999999999999998
4512,-3.0,0.09999999999999998
4513,-3.0,0.09999999999999998
4514,-2.0,0.09999999999999998
4515,-1.0,0.09999999999999998
4516,-6.0,0.09999999999999998
4517,-3.0,0.09999999999999998
4518,4.0,0.09999999999999998
4519,-10.0,0.09999999999999998
4520,-2.0,0.09999999999999998
4521,-13.0,0.09999999999999998
4522,-17.0,0.09999999999999998
4523,-7.0,0.09999999999999998
4524,-10.0,0.09999999999999998
4525,-5.0,0.09999999999999998
4526,-5.0,0.09999999999999998
4527,3.0,0.09999999999999998
4528,-4.0,0.09999999999999998
4529,1.0,0.09999999999999998
4530,-7.0,0.09999999999999998
4531,-4.0,0.09999999999999998
4532,-9.0,0.09999999999999998
4533,-3.0,0.09999999999999998
4534,-9.0,0.09999999999999998
4535,-8.0,0.09999999999999998
4536,-6.0,0.09999999999999998
4537,-7.0,0.09999999999999998
4538,3.0,0.09999999999999998
4539,-4.0,0.09999999999999998
4540,-2.0,0.09999999999999998
4541,-8.0,0.09999999999999998
4542,-2.0,0.09999999999999998
4543,-9.0,0.09999999999999998
4544,-4.0,0.09999999999999998
4545,-5.0,0.09999999999999998
4546,-5.0,0.09999999999999998
4547,-2.0,0.09999999999999998
4548,-7.0,0.09999999999999998
4549,-9.0,0.09999999999999998
4550,-6.0,0.09999999999999998
4551,-2.0,0.09999999999999998
4552,-4.0,0.09999999999999998
4553,2.0,0.09999999999999998
4554,-15.0,0.09999999999999998
4555,-5.0,0.09999999999999998
4556,1.0,0.09999999999999998
4557,-9.0,0.09999999999999998
4558,-1.0,0.09999999999999998
4559,-11.0,0.09999999999999998
4560,-9.0,0.09999999999999998
4561,-13.0,0.09999999999999998
4562,-12.0,0.09999999999999998
4563,-4.0,0.09999999999999998
4564,-8.0,0.09999999999999998
4565,-11.0,0.09999999999999998
4566,1.0,0.09999999999999998
4567,-5.0,0.09999999999999998
4568,1.0,0.09999999999999998
4569,5.0,0.09999999999999998
4570,-9.0,0.09999999999999998
4571,-7.0,0.09999999999999998
4572,-6.0,0.09999999999999998
4573,2.0,0.09999999999999998
4574,-4.0,0.09999999999999998
4575,-11.0,0.09999999999999998
4576,-10.0,0.09999999999999998
4577,-11.0,0.09999999999999998
4578,-3.0,0.09999999999999998
4579,-5.0,0.09999999999999998
4580,-4.0,0.09999999999999998
4581,3.0,0.09999999999999998
4582,6.0,0.09999999999999998
4583,-5.0,0.09999999999999998
4584,-7.0,0.09999999999999998
4585,1.0,0.09999999999999998
4586,-4.0,0.09999999999999998
4587,-14.0,0.09999999999999998
4588,-8.0,0.09999999999999998
4589,1.0,0.09999999999999998
4590,-8.0,0.09999999999999998
4591,-6.0,0.09999999999999998
4592,-2.0,0.09999999999999998
4593,-10.0,0.09999999999999998
4594,-12.0,0.09999999999999998
4595,1.0,0.09999999999999998
4596,-15.0,0.09999999999999998
4597,-4.0,0.09999999999999998
4598,-10.0,0.09999999999999998
4599,-4.0,0.09999999999999998
4600,-8.0,0.09999999999999998
4601,-9.0,0.09999999999999998
4602,-4.0,0.09999999999999998
4603,-7.0,0.09999999999999998
4604,-7.0,0.09999999999999998
4605,1.0,0.09999999999999998
4606,-3.0,0.09999999999999998
4607,-12.0,0.09999999999999998
4608,-1.0,0.09999999999999998
4609,-4.0,0.09999999999999998
4610,-3.0,0.09999999999999998
4611,-2.0,0.09999999999999998
4612,-5.0,0.09999999999999998
4613,-12.0,0.09999999999999998
4614,2.0,0.09999999999999998
4615,-12.0,0.09999999999999998
4616,-4.0,0.09999999999999998
4617,-5.0,0.09999999999999998
4618,3.0,0.09999999999999998
4619,-8.0,0.09999999999999998
4620,-6.0,0.09999999999999998
4621,-4.0,0.09999999999999998
4622,-15.0,0.09999999999999998
4623,-10.0,0.09999999999999998
4624,-7.0,0.09999999999999998
4625,-3.0,0.09999999999999998
4626,1.0,0.09999999999999998
4627,-9.0,0.09999999999999998
4628,-5.0,0.09999999999999998
4629,-13.0,0.09999999999999998
4630,-10.0,0.09999999999999998
4631,2.0,0.09999999999999998
4632,-7.0,0.09999999999999998
4633,-5.0,0.09999999999999998
4634,-6.0,0.09999999999999998
4635,-3.0,0.09999999999999998
4636,2.0,0.09999999999999998
4637,-8.0,0.09999999999999998
4638,-9.0,0.09999999999999998
4639,-2.0,0.09999999999999998
4640,-12.0,0.09999999999999998
4641,-2.0,0.09999999999999998
4642,-6.0,0.09999999999999998
4643,-5.0,0.09999999999999998
4644,-5.0,0.09999999999999998
4645,-14.0,0.09999999999999998
4646,-7.0,0.09999999999999998
4647,-10.0,0.09999999999999998
4648,-7.0,0.09999999999999998
4649,-11.0,0.09999999999999998
4650,-2.0,0.09999999999999998
4651,-6.0,0.09999999999999998
4652,-8.0,0.09999999999999998
4653,-4.0,0.09999999999999998
4654,-13.0,0.09999999999999998
4655,-6.0,0.09999999999999998
4656,-2.0,0.09999999999999998
4657,3.0,0.09999999999999998
4658,-9.0,0.09999999999999998
4659,-6.0,0.09999999999999998
4660,-6.0,0.09999999999999998
4661,-10.0,0.09999999999999998
4662,-2.0,0.09999999999999998
4663,-6.0,0.09999999999999998
4664,-8.0,0.09999999999999998
4665,-6.0,0.09999999999999998
4666,-7.0,0.09999999999999998
4667,-5.0,0.09999999999999998
4668,-10.0,0.09999999999999998
4669,-8.0,0.09999999999999998
4670,1.0,0.09999999999999998
4671,-6.0,0.09999999999999998
4672,-5.0,0.09999999999999998
4673,-8.0,0.09999999999999998
4674,-3.0,0.09999999999999998
4675,-4.0,0.09999999999999998
4676,-4.0,0.09999999999999998
4677,-1.0,0.09999999999999998
4678,-6.0,0.09999999999999998
4679,-5.0,0.09999999999999998
4680,-6.0,0.09999999999999998
4681,-5.0,0.09999999999999998
4682,-2.0,0.09999999999999998
4683,-16.0,0.09999999999999998
4684,-7.0,0.09999999999999998
4685,-16.0,0.09999999999999998
4686,5.0,0.09999999999999998
4687,2.0,0.09999999999999998
4688,-7.0,0.09999999999999998
4689,-8.0,0.09999999999999998
4690,-5.0,0.09999999999999998
4691,-8.0,0.09999999999999998
4692,-10.0,0.09999999999999998
4693,-4.0,0.09999999999999998
4694,-6.0,0.09999999999999998
4695,2.0,0.09999999999999998
4696,-7.0,0.09999999999999998
4697,-2.0,0.09999999999999998
4698,3.0,0.09999999999999998
4699,-11.0,0.09999999999999998
4700,-7.0,0.09999999999999998
4701,-12.0,0.09999999999999998
4702,-1.0,0.09999999999999998
4703,-4.0,0.09999999999999998
4704,-7.0,0.09999999999999998
4705,-1.0,0.09999999999999998
4706,1.0,0.09999999999999998
4707,9.0,0.09999999999999998
4708,1.0,0.09999999999999998
4709,-3.0,0.09999999999999998
4710,6.0,0.09999999999999998
4711,-1.0,0.09999999999999998
4712,3.0,0.09999999999999998
4713,-8.0,0.09999999999999998
4714,-6.0,0.09999999999999998
4715,-10.0,0.09999999999999998
4716,-7.0,0.09999999999999998
4717,-7.0,0.09999999999999998
4718,-10.0,0.09999999999999998
4719,-9.0,0.09999999999999998
4720,-9.0,0.09999999999999998
4721,-9.0,0.09999999999999998
4722,-8.0,0.09999999999999998
4723,-9.0,0.09999999999999998
4724,-9.0,0.09999999999999998
4725,1.0,0.09999999999999998
4726,-6.0,0.09999999999999998
4727,5.0,0.09999999999999998
4728,-8.0,0.09999999999999998
4729,-2.0,0.09999999999999998
4730,-3.0,0.09999999999999998
4731,-19.0,0.09999999999999998
4732,-6.0,0.09999999999999998
4733,-8.0,0.09999999999999998
4734,-5.0,0.09999999999999998
4735,-4.0,0.09999999999999998
4736,4.0,0.09999999999999998
4737,-10.0,0.09999999999999998
4738,-7.0,0.09999999999999998
4739,1.0,0.09999999999999998
4740,-5.0,0.09999999999999998
4741,6.0,0.09999999999999998
4742,-8.0,0.09999999999999998
4743,-7.0,0.09999999999999998
4744,-1.0,0.09999999999999998
4745,-8.0,0.09999999999999998
4746,2.0,0.09999999999999998
4747,-10.0,0.09999999999999998
4748,-14.0,0.09999999999999998
4749,-5.0,0.09999999999999998
4750,2.0,0.09999999999999998
4751,-10.0,0.09999999999999998
4752,-13.0,0.09999999999999998
4753,-6.0,0.09999999999999998
4754,-9.0,0.09999999999999998
4755,-12.0,0.09999999999999998
4756,1.0,0.09999999999999998
4757,-4.0,0.09999999999999998
4758,-6.0,0.09999999999999998
4759,-11.0,0.09999999999999998
4760,-15.0,0.09999999999999998
4761,-10.0,0.09999999999999998
4762,-4.0,0.09999999999999998
4763,-5.0,0.09999999999999998
4764,-8.0,0.09999999999999998
4765,-9.0,0.09999999999999998
4766,-3.0,0.09999999999999998
4767,-5.0,0.09999999999999998
4768,1.0,0.09999999999999998
4769,-7.0,0.09999999999999998
4770,-7.0,0.09999999999999998
4771,-1.0,0.09999999999999998
4772,-6.0,0.09999999999999998
4773,4.0,0.09999999999999998
4774,-2.0,0.09999999999999998
4775,-2.0,0.09999999999999998
4776,-5.0,0.09999999999999998
4777,-5.0,0.09999999999999998
4778,-5.0,0.09999999999999998
4779,5.0,0.09999999999999998
4780,-16.0,0.09999999999999998
4781,-14.0,0.09999999999999998
4782,-4.0,0.09999999999999998
4783,-5.0,0.09999999999999998
4784,-5.0,0.09999999999999998
4785,-1.0,0.09999999999999998
4786,5.0,0.09999999999999998
4787,-9.0,0.09999999999999998
4788,-3.0,0.09999999999999998
4789,-10.0,0.09999999999999998
4790,-4.0,0.09999999999999998
4791,-5.0,0.09999999999999998
4792,-7.0,0.09999999999999998
4793,-7.0,0.09999999999999998
4794,-7.0,0.09999999999999998
4795,-1.0,0.09999999999999998
4796,3.0,0.09999999999999998
4797,-8.0,0.09999999999999998
4798,-13.0,0.09999999999999998
4799,-10.0,0.09999999999999998
4800,10.0,0.09999999999999998
4801,-8.0,0.09999999999999998
4802,-6.0,0.09999999999999998
4803,4.0,0.09999999999999998
4804,6.0,0.09999999999999998
4805,5.0,0.09999999999999998
4806,-3.0,0.09999999999999998
4807,-11.0,0.09999999999999998
4808,10.0,0.09999999999999998
4809,2.0,0.09999999999999998
4810,-12.0,0.09999999999999998
4811,-11.0,0.09999999999999998
4812,-2.0,0.09999999999999998
4813,-3.0,0.09999999999999998
4814,-7.0,0.09999999999999998
4815,-1.0,0.09999999999999998
4816,2.0,0.09999999999999998
4817,-10.0,0.09999999999999998
4818,-4.0,0.09999999999999998
4819,-15.0,0.09999999999999998
4820,-9.0,0.09999999999999998
4821,14.0,0.09999999999999998
4822,-3.0,0.09999999999999998
4823,-11.0,0.09999999999999998
4824,-7.0,0.09999999999999998
4825,3.0,0.09999999999999998
4826,-2.0,0.09999999999999998
4827,2.0,0.09999999999999998
4828,-5.0,0.09999999999999998
4829,1.0,0.09999999999999998
4830,-5.0,0.09999999999999998
4831,-8.0,0.09999999999999998
4832,-4.0,0.09999999999999998
4833,12.0,0.09999999999999998
4834,6.0,0.09999999999999998
4835,-7.0,0.09999999999999998
4836,-2.0,0.09999999999999998
4837,-7.0,0.09999999999999998
4838,-9.0,0.09999999999999998
4839,7.0,0.09999999999999998
4840,-7.0,0.09999999999999998
4841,-7.0,0.09999999999999998
4842,-4.0,0.09999999999999998
4843,-5.0,0.09999999999999998
4844,3.0,0.09999999999999998
4845,-3.0,0.09999999999999998
4846,1.0,0.09999999999999998
4847,-8.0,0.09999999999999998
4848,-6.0,0.09999999999999998
4849,5.0,0.09999999999999998
4850,6.0,0.09999999999999998
4851,-6.0,0.09999999999999998
4852,4.0,0.09999999999999998
4853,-10.0,0.09999999999999998
4854,-6.0,0.09999999999999998
4855,-4.0,0.09999999999999998
4856,3.0,0.09999999999999998
4857,-5.0,0.09999999999999998
4858,-2.0,0.09999999999999998
4859,-4.0,0.09999999999999998
4860,-11.0,0.09999999999999998
4861,8.0,0.09999999999999998
4862,-13.0,0.09999999999999998
4863,-4.0,0.09999999999999998
4864,-1.0,0.09999999999999998
4865,1.0,0.09999999999999998
4866,-9.0,0.09999999999999998
4867,-8.0,0.09999999999999998
4868,-8.0,0.09999999999999998
4869,-7.0,0.09999999999999998
4870,-4.0,0.09999999999999998
4871,-3.0,0.09999999999999998
4872,2.0,0.09999999999999998
4873,-4.0,0.09999999999999998
4874,-2.0,0.09999999999999998
4875,-11.0,0.09999999999999998
4876,-4.0,0.09999999999999998
4877,1.0,0.09999999999999998
4878,-3.0,0.09999999999999998
4879,7.0,0.09999999999999998
4880,-6.0,0.09999999999999998
4881,3.0,0.09999999999999998
4882,-3.0,0.09999999999999998
4883,-4.0,0.09999999999999998
4884,-5.0,0.09999999999999998
4885,-1.0,0.09999999999999998
4886,3.0,0.09999999999999998
4887,-3.0,0.09999999999999998
4888,-9.0,0.09999999999999998
4889,-3.0,0.09999999999999998
4890,-8.0,0.09999999999999998
4891,-6.0,0.09999999999999998
4892,-18.0,0.09999999999999998
4893,7.0,0.09999999999999998
4894,-2.0,0.09999999999999998
4895,7.0,0.09999999999999998
4896,2.0,0.09999999999999998
4897,-10.0,0.09999999999999998
4898,-6.0,0.09999999999999998
4899,1.0,0.09999999999999998
4900,-1.0,0.09999999999999998
4901,-12.0,0.09999999999999998
4902,-7.0,0.09999999999999998
4903,-3.0,0.09999999999999998
4904,-5.0,0.09999999999999998
4905,-6.0,0.09999999999999998
4906,-9.0,0.09999999999999998
4907,-8.0,0.09999999999999998
4908,-7.0,0.09999999999999998
4909,-5.0,0.09999999999999998
4910,-4.0,0.09999999999999998
4911,-14.0,0.09999999999999998
4912,-5.0,0.09999999999999998
4913,-6.0,0.09999999999999998
4914,7.0,0.09999999999999998
4915,-4.0,0.09999999999999998
4916,-14.0,0.09999999999999998
4917,-3.0,0.09999999999999998
4918,-3.0,0.09999999999999998
4919,3.0,0.09999999999999998
4920,-2.0,0.09999999999999998
4921,-4.0,0.09999999999999998
4922,2.0,0.09999999999999998
4923,-3.0,0.09999999999999998
4924,5.0,0.09999999999999998
4925,-7.0,0.09999999999999998
4926,-9.0,0.09999999999999998
4927,-10.0,0.09999999999999998
4928,-10.0,0.09999999999999998
4929,-5.0,0.09999999999999998
4930,-9.0,0.09999999999999998
4931,-3.0,0.09999999999999998
4932,-10.0,0.09999999999999998
4933,-8.0,0.09999999999999998
4934,-15.0,0.09999999999999998
4935,-7.0,0.09999999999999998
4936,3.0,0.09999999999999998
4937,-8.0,0.09999999999999998
4938,-6.0,0.09999999999999998
4939,2.0,0.09999999999999998
4940,1.0,0.09999999999999998
4941,-2.0,0.09999999999999998
4942,-11.0,0.09999999999999998
4943,1.0,0.09999999999999998
4944,-7.0,0.09999999999999998
4945,-5.0,0.09999999999999998
4946,-4.0,0.09999999999999998
4947,-2.0,0.09999999999999998
4948,-11.0,0.09999999999999998
4949,4.0,0.09999999999999998
4950,-10.0,0.09999999999999998
4951,-10.0,0.09999999999999998
4952,-8.0,0.09999999999999998
4953,-7.0,0.09999999999999998
4954,-3.0,0.09999999999999998
4955,-9.0,0.09999999999999998
4956,-3.0,0.09999999999999998
4957,-1.0,0.09999999999999998
4958,-12.0,0.09999999999999998
4959,-6.0,0.09999999999999998
4960,-14.0,0.09999999999999998
4961,-3.0,0.09999999999999998
4962,-1.0,0.09999999999999998
4963,-8.0,0.09999999999999998
4964,-11.0,0.09999999999999998
4965,-6.0,0.09999999999999998
4966,-5.0,0.09999999999999998
4967,-8.0,0.09999999999999998
4968,-3.0,0.09999999999999998
4969,-3.0,0.09999999999999998
4970,-1.0,0.09999999999999998
4971,-11.0,0.09999999999999998
4972,-13.0,0.09999999999999998
4973,-2.0,0.09999999999999998
4974,-3.0,0.09999999999999998
4975,1.0,0.09999999999999998
4976,-7.0,0.09999999999999998
4977,-12.0,0.09999999999999998
4978,2.0,0.09999999999999998
4979,1.0,0.09999999999999998
4980,-10.0,0.09999999999999998
4981,11.0,0.09999999999999998
4982,-15.0,0.09999999999999998
4983,9.0,0.09999999999999998
4984,-4.0,0.09999999999999998
4985,5.0,0.09999999999999998
4986,-5.0,0.09999999999999998
4987,-11.0,0.09999999999999998
4988,-6.0,0.09999999999999998
4989,-5.0,0.09999999999999998
4990,9.0,0.09999999999999998
4991,-4.0,0.09999999999999998
4992,4.0,0.09999999999999998
4993,4.0,0.09999999999999998
4994,-8.0,0.09999999999999998
4995,-10.0,0.09999999999999998
4996,-1.0,0.09999999999999998
4997,-5.0,0.09999999999999998
4998,-8.0,0.09999999999999998
4999,8.0,0.09999999999999998
5000,-4.0,0.09999999999999998
5001,-3.0,0.09999999999999998
5002,-10.0,0.09999999999999998
5003,-8.0,0.09999999999999998
5004,-3.0,0.09999999999999998
5005,-4.0,0.09999999999999998
5006,-10.0,0.09999999999999998
5007,-14.0,0.09999999999999998
5008,2.0,0.09999999999999998
5009,-5.0,0.09999999999999998
5010,2.0,0.09999999999999998
5011,-5.0,0.09999999999999998
5012,-8.0,0.09999999999999998
5013,-9.0,0.09999999999999998
5014,-9.0,0.09999999999999998
5015,-4.0,0.09999999999999998
5016,-7.0,0.09999999999999998
5017,8.0,0.09999999999999998
5018,7.0,0.09999999999999998
5019,-5.0,0.09999999999999998
5020,-9.0,0.09999999999999998
5021,3.0,0.09999999999999998
5022,1.0,0.09999999999999998
5023,-1.0,0.09999999999999998
5024,7.0,0.09999999999999998
5025,5.0,0.09999999999999998
5026,4.0,0.09999999999999998
5027,6.0,0.09999999999999998
5028,-4.0,0.09999999999999998
5029,-7.0,0.09999999999999998
5030,-9.0,0.09999999999999998
5031,2.0,0.09999999999999998
5032,-6.0,0.09999999999999998
5033,-3.0,0.09999999999999998
5034,7.0,0.09999999999999998
5035,-11.0,0.09999999999999998
5036,-3.0,0.09999999999999998
5037,-6.0,0.09999999999999998
5038,-3.0,0.09999999999999998
5039,-12.0,0.09999999999999998
5040,-4.0,0.09999999999999998
5041,-2.0,0.09999999999999998
5042,-6.0,0.09999999999999998
5043,-2.0,0.09999999999999998
5044,-3.0,0.09999999999999998
5045,4.0,0.09999999999999998
5046,1.0,0.09999999999999998
5047,-14.0,0.09999999999999998
5048,-1.0,0.09999999999999998
5049,-6.0,0.09999999999999998
5050,-9.0,0.09999999999999998
5051,-12.0,0.09999999999999998
5052,-13.0,0.09999999999999998
5053,-14.0,0.09999999999999998
5054,-3.0,0.09999999999999998
5055,-2.0,0.09999999999999998
5056,-5.0,0.09999999999999998
5057,-10.0,0.09999999999999998
5058,-3.0,0.09999999999999998
5059,-3.0,0.09999999999999998
5060,-1.0,0.09999999999999998
5061,4.0,0.09999999999999998
5062,-11.0,0.09999999999999998
5063,-13.0,0.09999999999999998
5064,-11.0,0.09999999999999998
5065,-12.0,0.09999999999999998
5066,9.0,0.09999999999999998
5067,2.0,0.09999999999999998
5068,4.0,0.09999999999999998
5069,-15.0,0.09999999999999998
5070,-2.0,0.09999999999999998
5071,3.0,0.09999999999999998
5072,-6.0,0.09999999999999998
5073,-14.0,0.09999999999999998
5074,-6.0,0.09999999999999998
5075,-3.0,0.09999999999999998
5076,-2.0,0.09999999999999998
5077,-6.0,0.09999999999999998
5078,7.0,0.09999999999999998
5079,-1.0,0.09999999999999998
5080,-4.0,0.09999999999999998
5081,-1.0,0.09999999999999998
5082,1.0,0.09999999999999998
5083,-7.0,0.09999999999999998
5084,-15.0,0.09999999999999998
5085,1.0,0.09999999999999998
5086,2.0,0.09999999999999998
5087,-7.0,0.09999999999999998
5088,1.0,0.09999999999999998
5089,9.0,0.09999999999999998
5090,-9.0,0.09999999999999998
5091,6.0,0.09999999999999998
5092,-1.0,0.09999999999999998
5093,8.0,0.09999999999999998
5094,-10.0,0.09999999999999998
5095,11.0,0.09999999999999998
5096,-10.0,0.09999999999999998
5097,-3.0,0.09999999999999998
5098,-7.0,0.09999999999999998
5099,-1.0,0.09999999999999998
5100,-12.0,0.09999999999999998
5101,8.0,0.09999999999999998
5102,-7.0,0.09999999999999998
5103,9.0,0.09999999999999998
5104,-1.0,0.09999999999999998
5105,5.0,0.09999999999999998
5106,-9.0,0.09999999999999998
5107,-13.0,0.09999999999999998
5108,9.0,0.09999999999999998
5109,9.0,0.09999999999999998
5110,-6.0,0.09999999999999998
5111,-3.0,0.09999999999999998
5112,3.0,0.09999999999999998
5113,-7.0,0.09999999999999998
5114,-7.0,0.09999999999999998
5115,-2.0,0.09999999999999998
5116,-11.0,0.09999999999999998
5117,4.0,0.09999999999999998
5118,-5.0,0.09999999999999998
5119,-3.0,0.09999999999999998
5120,-5.0,0.09999999999999998
5121,-10.0,0.09999999999999998
5122,-8.0,0.09999999999999998
5123,-7.0,0.09999999999999998
5124,3.0,0.09999999999999998
5125,-8.0,0.09999999999999998
5126,-3.0,0.09999999999999998
5127,-10.0,0.09999999999999998
5128,-2.0,0.09999999999999998
5129,-6.0,0.09999999999999998
5130,-9.0,0.09999999999999998
5131,-7.0,0.09999999999999998
5132,7.0,0.09999999999999998
5133,-8.0,0.09999999999999998
5134,8.0,0.09999999999999998
5135,1.0,0.09999999999999998
5136,4.0,0.09999999999999998
5137,4.0,0.09999999999999998
5138,-13.0,0.09999999999999998
5139,-9.0,0.09999999999999998
5140,4.0,0.09999999999999998
5141,-9.0,0.09999999999999998
5142,-5.0,0.09999999999999998
5143,-5.0,0.09999999999999998
5144,-6.0,0.09999999999999998
5145,1.0,0.09999999999999998
5146,8.0,0.09999999999999998
5147,-3.0,0.09999999999999998
5148,-11.0,0.09999999999999998
5149,-1.0,0.09999999999999998
5150,-7.0,0.09999999999999998
5151,3.0,0.09999999999999998
5152,-3.0,0.09999999999999998
5153,-10.0,0.09999999999999998
5154,-13.0,0.09999999999999998
5155,-10.0,0.09999999999999998
5156,-6.0,0.09999999999999998
5157,-10.0,0.09999999999999998
5158,2.0,0.09999999999999998
5159,-6.0,0.09999999999999998
5160,-4.0,0.09999999999999998
5161,-6.0,0.09999999999999998
5162,-5.0,0.09999999999999998
5163,-3.0,0.09999999999999998
5164,-8.0,0.09999999999999998
5165,-2.0,0.09999999999999998
5166,-1.0,0.09999999999999998
5167,-9.0,0.09999999999999998
5168,-13.0,0.09999999999999998
5169,-5.0,0.09999999999999998
5170,1.0,0.09999999999999998
5171,1.0,0.09999999999999998
5172,7.0,0.09999999999999998
5173,8.0,0.09999999999999998
5174,2.0,0.09999999999999998
5175,-4.0,0.09999999999999998
5176,-1.0,0.09999999999999998
5177,3.0,0.09999999999999998
5178,-8.0,0.09999999999999998
5179,3.0,0.09999999999999998
5180,-4.0,0.09999999999999998
5181,-4.0,0.09999999999999998
5182,11.0,0.09999999999999998
5183,-6.0,0.09999999999999998
5184,-7.0,0.09999999999999998
5185,-12.0,0.09999999999999998
5186,-2.0,0.09999999999999998
5187,-2.0,0.09999999999999998
5188,-9.0,0.09999999999999998
5189,-8.0,0.09999999999999998
5190,-10.0,0.09999999999999998
5191,2.0,0.09999999999999998
5192,4.0,0.09999999999999998
5193,2.0,0.09999999999999998
5194,-7.0,0.09999999999999998
5195,-1.0,0.09999999999999998
5196,3.0,0.09999999999999998
5197,1.0,0.09999999999999998
5198,-12.0,0.09999999999999998
5199,-8.0,0.09999999999999998
5200,-2.0,0.09999999999999998
5201,-5.0,0.09999999999999998
5202,-5.0,0.09999999999999998
5203,-10.0,0.09999999999999998
5204,-5.0,0.09999999999999998
5205,-1.0,0.09999999999999998
5206,5.0,0.09999999999999998
5207,-5.0,0.09999999999999998
5208,-10.0,0.09999999999999998
5209,7.0,0.09999999999999998
5210,-9.0,0.09999999999999998
5211,-8.0,0.09999999999999998
5212,7.0,0.09999999999999998
5213,-14.0,0.09999999999999998
5214,4.0,0.09999999999999998
5215,5.0,0.09999999999999998
5216,-3.0,0.09999999999999998
5217,4.0,0.09999999999999998
5218,-9.0,0.09999999999999998
5219,-7.0,0.09999999999999998
5220,-10.0,0.09999999999999998
5221,-14.0,0.09999999999999998
5222,-8.0,0.09999999999999998
5223,-10.0,0.09999999999999998
5224,-4.0,0.09999999999999998
5225,9.0,0.09999999999999998
5226,-9.0,0.09999999999999998
5227,-6.0,0.09999999999999998
5228,-12.0,0.09999999999999998
5229,2.0,0.09999999999999998
5230,-8.0,0.09999999999999998
5231,-4.0,0.09999999999999998
5232,1.0,0.09999999999999998
5233,-4.0,0.09999999999999998
5234,8.0,0.09999999999999998
5235,-10.0,0.09999999999999998
5236,-5.0,0.09999999999999998
5237,-1.0,0.09999999999999998
5238,-5.0,0.09999999999999998
5239,-3.0,0.09999999999999998
5240,-8.0,0.09999999999999998
5241,-1.0,0.09999999999999998
5242,-2.0,0.09999999999999998
5243,-5.0,0.09999999999999998
5244,-13.0,0.09999999999999998
5245,2.0,0.09999999999999998
5246,-4.0,0.09999999999999998
5247,-6.0,0.09999999999999998
5248,-1.0,0.09999999999999998
5249,-7.0,0.09999999999999998
5250,-6.0,0.09999999999999998
5251,5.0,0.09999999999999998
5252,-7.0,0.09999999999999998
5253,-10.0,0.09999999999999998
5254,8.0,0.09999999999999998
5255,-9.0,0.09999999999999998
5256,-7.0,0.09999999999999998
5257,-11.0,0.09999999999999998
5258,-7.0,0.09999999999999998
5259,-13.0,0.09999999999999998
5260,-3.0,0.09999999999999998
5261,-11.0,0.09999999999999998
5262,-8.0,0.09999999999999998
5263,11.0,0.09999999999999998
5264,-5.0,0.09999999999999998
5265,-5.0,0.09999999999999998
5266,-9.0,0.09999999999999998
5267,-4.0,0.09999999999999998
5268,-10.0,0.09999999999999998
5269,-4.0,0.09999999999999998
5270,-14.0,0.09999999999999998
5271,-1.0,0.09999999999999998
5272,-4.0,0.09999999999999998
5273,-15.0,0.09999999999999998
5274,-6.0,0.09999999999999998
5275,-4.0,0.09999999999999998
5276,-11.0,0.09999999999999998
5277,5.0,0.09999999999999998
5278,4.0,0.09999999999999998
5279,1.0,0.09999999999999998
5280,-5.0,0.09999999999999998
5281,-14.0,0.09999999999999998
5282,-8.0,0.09999999999999998
5283,1.0,0.09999999999999998
5284,-16.0,0.09999999999999998
5285,-8.0,0.09999999999999998
5286,7.0,0.09999999999999998
5287,-11.0,0.09999999999999998
5288,-6.0,0.09999999999999998
5289,-11.0,0.09999999999999998
5290,-1.0,0.09999999999999998
5291,-11.0,0.09999999999999998
5292,-11.0,0.09999999999999998
5293,-7.0,0.09999999999999998
5294,-10.0,0.09999999999999998
5295,-1.0,0.09999999999999998
5296,-4.0,0.09999999999999998
5297,-2.0,0.09999999999999998
5298,-8.0,0.09999999999999998
5299,-3.0,0.09999999999999998
5300,-1.0,0.09999999999999998
5301,-3.0,0.09999999999999998
5302,-13.0,0.09999999999999998
5303,-1.0,0.09999999999999998
5304,-9.0,0.09999999999999998
5305,-11.0,0.09999999999999998
5306,-6.0,0.09999999999999998
5307,-5.0,0.09999999999999998
5308,-6.0,0.09999999999999998
5309,-7.0,0.09999999999999998
5310,-10.0,0.09999999999999998
5311,-5.0,0.09999999999999998
5312,-6.0,0.09999999999999998
5313,-4.0,0.09999999999999998
5314,-12.0,0.09999999999999998
5315,-15.0,0.09999999999999998
5316,6.0,0.09999999999999998
5317,-1.0,0.09999999999999998
5318,-5.0,0.09999999999999998
5319,-10.0,0.09999999999999998
5320,-5.0,0.09999999999999998
5321,-2.0,0.09999999999999998
5322,-5.0,0.09999999999999998
5323,4.0,0.09999999999999998
5324,-8.0,0.09999999999999998
5325,-7.0,0.09999999999999998
5326,-4.0,0.09999999999999998
5327,-10.0,0.09999999999999998
5328,-6.0,0.09999999999999998
5329,-6.0,0.09999999999999998
5330,-7.0,0.09999999999999998
5331,-1.0,0.09999999999999998
5332,-7.0,0.09999999999999998
5333,3.0,0.09999999999999998
5334,3.0,0.09999999999999998
5335,6.0,0.09999999999999998
5336,1.0,0.09999999999999998
5337,-12.0,0.09999999999999998
5338,1.0,0.09999999999999998
5339,-9.0,0.09999999999999998
5340,-8.0,0.09999999999999998
5341,3.0,0.09999999999999998
5342,8.0,0.09999999999999998
5343,-7.0,0.09999999999999998
5344,-4.0,0.09999999999999998
5345,-9.0,0.09999999999999998
5346,-13.0,0.09999999999999998
5347,-3.0,0.09999999999999998
5348,-7.0,0.09999999999999998
5349,-3.0,0.09999999999999998
5350,8.0,0.09999999999999998
5351,1.0,0.09999999999999998
5352,-3.0,0.09999999999999998
5353,-5.0,0.09999999999999998
5354,-7.0,0.09999999999999998
5355,-8.0,0.09999999999999998
5356,-5.0,0.09999999999999998
5357,-8.0,0.09999999999999998
5358,-10.0,0.09999999999999998
5359,-5.0,0.09999999999999998
5360,-7.0,0.09999999999999998
5361,-9.0,0.09999999999999998
5362,-2.0,0.09999999999999998
5363,-5.0,0.09999999999999998
5364,-4.0,0.09999999999999998
5365,-10.0,0.09999999999999998
5366,-4.0,0.09999999999999998
5367,-2.0,0.09999999999999998
5368,2.0,0.09999999999999998
5369,8.0,0.09999999999999998
5370,-4.0,0.09999999999999998
5371,-6.0,0.09999999999999998
5372,-10.0,0.09999999999999998
5373,-8.0,0.09999999999999998
5374,-12.0,0.09999999999999998
5375,-13.0,0.09999999999999998
5376,-4.0,0.09999999999999998
5377,-6.0,0.09999999999999998
5378,-5.0,0.09999999999999998
5379,-10.0,0.09999999999999998
5380,-4.0,0.09999999999999998
5381,1.0,0.09999999999999998
5382,6.0,0.09999999999999998
5383,-3.0,0.09999999999999998
5384,-1.0,0.09999999999999998
5385,-10.0,0.09999999999999998
5386,-9.0,0.09999999999999998
5387,-2.0,0.09999999999999998
5388,1.0,0.09999999999999998
5389,-7.0,0.09999999999999998
5390,1.0,0.09999999999999998
5391,2.0,0.09999999999999998
5392,2.0,0.09999999999999998
5393,-4.0,0.09999999999999998
5394,-3.0,0.09999999999999998
5395,-9.0,0.09999999999999998
5396,2.0,0.09999999999999998
5397,5.0,0.09999999999999998
5398,-8.0,0.09999999999999998
5399,-6.0,0.09999999999999998
5400,-1.0,0.09999999999999998
5401,2.0,0.09999999999999998
5402,2.0,0.09999999999999998
5403,7.0,0.09999999999999998
5404,-3.0,0.09999999999999998
5405,-13.0,0.09999999999999998
5406,-9.0,0.09999999999999998
5407,-1.0,0.09999999999999998
5408,-2.0,0.09999999999999998
5409,-6.0,0.09999999999999998
5410,-4.0,0.09999999999999998
5411,10.0,0.09999999999999998
5412,-9.0,0.09999999999999998
5413,-7.0,0.09999999999999998
5414,-6.0,0.09999999999999998
5415,-10.0,0.09999999999999998
5416,-10.0,0.09999999999999998
5417,-14.0,0.09999999999999998
5418,-5.0,0.09999999999999998
5419,-4.0,0.09999999999999998
5420,2.0,0.09999999999999998
5421,-2.0,0.09999999999999998
5422,-5.0,0.09999999999999998
5423,2.0,0.09999999999999998
5424,4.0,0.09999999999999998
5425,-9.0,0.09999999999999998
5426,-3.0,0.09999999999999998
5427,-7.0,0.09999999999999998
5428,-2.0,0.09999999999999998
5429,-5.0,0.09999999999999998
5430,-6.0,0.09999999999999998
5431,-10.0,0.09999999999999998
5432,-8.0,0.09999999999999998
5433,-6.0,0.09999999999999998
5434,-2.0,0.09999999999999998
5435,-8.0,0.09999999999999998
5436,-1.0,0.09999999999999998
5437,6.0,0.09999999999999998
5438,-12.0,0.09999999999999998
5439,-1.0,0.09999999999999998
5440,7.0,0.09999999999999998
5441,-2.0,0.09999999999999998
5442,-9.0,0.09999999999999998
5443,1.0,0.09999999999999998
5444,-6.0,0.09999999999999998
5445,2.0,0.09999999999999998
5446,-12.0,0.09999999999999998
5447,-6.0,0.09999999999999998
5448,-9.0,0.09999999999999998
5449,-8.0,0.09999999999999998
5450,-5.0,0.09999999999999998
5451,5.0,0.09999999999999998
5452,-7.0,0.09999999999999998
5453,-1.0,0.09999999999999998
5454,13.0,0.09999999999999998
5455,-1.0,0.09999999999999998
5456,-10.0,0.09999999999999998
5457,-10.0,0.09999999999999998
5458,2.0,0.09999999999999998
5459,-1.0,0.09999999999999998
5460,3.0,0.09999999999999998
5461,-3.0,0.09999999999999998
5462,-5.0,0.09999999999999998
5463,-1.0,0.09999999999999998
5464,-1.0,0.09999999999999998
5465,-2.0,0.09999999999999998
5466,-6.0,0.09999999999999998
5467,-6.0,0.09999999999999998
5468,-10.0,0.09999999999999998
5469,-1.0,0.09999999999999998
5470,-9.0,0.09999999999999998
5471,7.0,0.09999999999999998
5472,-5.0,0.09999999999999998
5473,-6.0,0.09999999999999998
5474,-8.0,0.09999999999999998
5475,-12.0,0.09999999999999998
5476,2.0,0.09999999999999998
5477,-8.0,0.09999999999999998
5478,-9.0,0.09999999999999998
5479,-3.0,0.09999999999999998
5480,-6.0,0.09999999999999998
5481,-1.0,0.09999999999999998
5482,4.0,0.09999999999999998
5483,-6.0,0.09999999999999998
5484,3.0,0.09999999999999998
5485,-11.0,0.09999999999999998
5486,5.0,0.09999999999999998
5487,-12.0,0.09999999999999998
5488,2.0,0.09999999999999998
5489,2.0,0.09999999999999998
5490,-18.0,0.09999999999999998
5491,-9.0,0.09999999999999998
5492,-9.0,0.09999999999999998
5493,-8.0,0.09999999999999998
5494,-3.0,0.09999999999999998
5495,-16.0,0.09999999999999998
5496,5.0,0.09999999999999998
5497,1.0,0.09999999999999998
5498,-11.0,0.09999999999999998
5499,-3.0,0.09999999999999998
5500,-7.0,0.09999999999999998
5501,-2.0,0.09999999999999998
5502,-3.0,0.09999999999999998
5503,-7.0,0.09999999999999998
5504,-1.0,0.09999999999999998
5505,-2.0,0.09999999999999998
5506,6.0,0.09999999999999998
5507,-2.0,0.09999999999999998
5508,-1.0,0.09999999999999998
5509,-11.0,0.09999999999999998
5510,-3.0,0.09999999999999998
5511,-3.0,0.09999999999999998
5512,-11.0,0.09999999999999998
5513,-3.0,0.09999999999999998
5514,-7.0,0.09999999999999998
5515,-7.0,0.09999999999999998
5516,-8.0,0.09999999999999998
5517,-4.0,0.09999999999999998
5518,-7.0,0.09999999999999998
5519,9.0,0.09999999999999998
5520,-13.0,0.09999999999999998
5521,-6.0,0.09999999999999998
5522,-6.0,0.09999999999999998
5523,-3.0,0.09999999999999998
5524,-4.0,0.09999999999999998
5525,9.0,0.09999999999999998
5526,-4.0,0.09999999999999998
5527,1.0,0.09999999999999998
5528,-10.0,0.09999999999999998
5529,-12.0,0.09999999999999998
5530,-2.0,0.09999999999999998
5531,-6.0,0.09999999999999998
5532,-6.0,0.09999999999999998
5533,-12.0,0.09999999999999998
5534,-6.0,0.09999999999999998
5535,-6.0,0.09999999999999998
5536,-10.0,0.09999999999999998
5537,-7.0,0.09999999999999998
5538,9.0,0.09999999999999998
5539,2.0,0.09999999999999998
5540,-4.0,0.09999999999999998
5541,-4.0,0.09999999999999998
5542,4.0,0.09999999999999998
5543,-3.0,0.09999999999999998
5544,-4.0,0.09999999999999998
5545,-5.0,0.09999999999999998
5546,5.0,0.09999999999999998
5547,-2.0,0.09999999999999998
5548,-1.0,0.09999999999999998
5549,1.0,0.09999999999999998
5550,1.0,0.09999999999999998
5551,1.0,0.09999999999999998
5552,-3.0,0.09999999999999998
5553,-2.0,0.09999999999999998
5554,-12.0,0.09999999999999998
5555,-7.0,0.09999999999999998
5556,2.0,0.09999999999999998
5557,-7.0,0.09999999999999998
5558,5.0,0.09999999999999998
5559,-6.0,0.09999999999999998
5560,-5.0,0.09999999999999998
5561,-12.0,0.09999999999999998
5562,-9.0,0.09999999999999998
5563,-1.0,0.09999999999999998
5564,-4.0,0.09999999999999998
5565,-3.0,0.09999999999999998
5566,7.0,0.09999999999999998
5567,1.0,0.09999999999999998
5568,-9.0,0.09999999999999998
5569,-1.0,0.09999999999999998
5570,-6.0,0.09999999999999998
5571,-1.0,0.09999999999999998
5572,-3.0,0.09999999999999998
5573,-3.0,0.09999999999999998
5574,-6.0,0.09999999999999998
5575,-3.0,0.09999999999999998
5576,-7.0,0.09999999999999998
5577,-2.0,0.09999999999999998
5578,-4.0,0.09999999999999998
5579,1.0,0.09999999999999998
5580,-5.0,0.09999999999999998
5581,-7.0,0.09999999999999998
5582,8.0,0.09999999999999998
5583,-5.0,0.09999999999999998
5584,-1.0,0.09999999999999998
5585,-12.0,0.09999999999999998
5586,-7.0,0.09999999999999998
5587,-9.0,0.09999999999999998
5588,10.0,0.09999999999999998
5589,-5.0,0.09999999999999998
5590,-11.0,0.09999999999999998
5591,-6.0,0.09999999999999998
5592,3.0,0.09999999999999998
5593,-2.0,0.09999999999999998
5594,-5.0,0.09999999999999998
5595,2.0,0.09999999999999998
5596,-4.0,0.09999999999999998
5597,-6.0,0.09999999999999998
5598,-7.0,0.09999999999999998
5599,-2.0,0.09999999999999998
5600,-8.0,0.09999999999999998
5601,3.0,0.09999999999999998
5602,-2.0,0.09999999999999998
5603,-3.0,0.09999999999999998
5604,-3.0,0.09999999999999998
5605,-4.0,0.09999999999999998
5606,-7.0,0.09999999999999998
5607,-5.0,0.09999999999999998
5608,-8.0,0.09999999999999998
5609,-2.0,0.09999999999999998
5610,-3.0,0.09999999999999998
5611,3.0,0.09999999999999998
5612,-1.0,0.09999999999999998
5613,-12.0,0.09999999999999998
5614,-15.0,0.09999999999999998
5615,-7.0,0.09999999999999998
5616,-11.0,0.09999999999999998
5617,-7.0,0.09999999999999998
5618,-5.0,0.09999999999999998
5619,-7.0,0.09999999999999998
5620,-4.0,0.09999999999999998
5621,3.0,0.09999999999999998
5622,-9.0,0.09999999999999998
5623,-12.0,0.09999999999999998
5624,9.0,0.09999999999999998
5625,-12.0,0.09999999999999998
5626,-3.0,0.09999999999999998
5627,-9.0,0.09999999999999998
5628,-4.0,0.09999999999999998
5629,-5.0,0.09999999999999998
5630,2.0,0.09999999999999998
5631,-8.0,0.09999999999999998
5632,-4.0,0.09999999999999998
5633,-7.0,0.09999999999999998
5634,5.0,0.09999999999999998
5635,-1.0,0.09999999999999998
5636,5.0,0.09999999999999998
5637,6.0,0.09999999999999998
5638,-6.0,0.09999999999999998
5639,-4.0,0.09999999999999998
5640,-5.0,0.09999999999999998
5641,-8.0,0.09999999999999998
5642,-10.0,0.09999999999999998
5643,-7.0,0.09999999999999998
5644,-8.0,0.09999999999999998
5645,-12.0,0.09999999999999998
5646,-12.0,0.09999999999999998
5647,2.0,0.09999999999999998
5648,1.0,0.09999999999999998
5649,-10.0,0.09999999999999998
5650,-9.0,0.09999999999999998
5651,4.0,0.09999999999999998
5652,1.0,0.09999999999999998
5653,-7.0,0.09999999999999998
5654,-1.0,0.09999999999999998
5655,-3.0,0.09999999999999998
5656,-8.0,0.09999999999999998
5657,-9.0,0.09999999999999998
5658,1.0,0.09999999999999998
5659,2.0,0.09999999999999998
5660,-7.0,0.09999999999999998
5661,-6.0,0.09999999999999998
5662,-5.0,0.09999999999999998
5663,7.0,0.09999999999999998
5664,1.0,0.09999999999999998
5665,2.0,0.09999999999999998
5666,-10.0,0.09999999999999998
5667,3.0,0.09999999999999998
5668,2.0,0.09999999999999998
5669,-6.0,0.09999999999999998
5670,11.0,0.09999999999999998
5671,5.0,0.09999999999999998
5672,-11.0,0.09999999999999998
5673,-10.0,0.09999999999999998
5674,-9.0,0.09999999999999998
5675,-10.0,0.09999999999999998
5676,-9.0,0.09999999999999998
5677,-6.0,0.09999999999999998
5678,-5.0,0.09999999999999998
5679,9.0,0.09999999999999998
5680,-11.0,0.09999999999999998
5681,-9.0,0.09999999999999998
5682,-3.0,0.09999999999999998
5683,-13.0,0.09999999999999998
5684,4.0,0.09999999999999998
5685,-7.0,0.09999999999999998
5686,-3.0,0.09999999999999998
5687,-10.0,0.09999999999999998
5688,-2.0,0.09999999999999998
5689,4.0,0.09999999999999998
5690,-7.0,0.09999999999999998
5691,-6.0,0.09999999999999998
5692,-5.0,0.09999999999999998
5693,-16.0,0.09999999999999998
5694,-5.0,0.09999999999999998
5695,-5.0,0.09999999999999998
5696,-6.0,0.09999999999999998
5697,-9.0,0.09999999999999998
5698,-5.0,0.09999999999999998
5699,-14.0,0.09999999999999998
5700,-9.0,0.09999999999999998
5701,5.0,0.09999999999999998
5702,-10.0,0.09999999999999998
5703,5.0,0.09999999999999998
5704,2.0,0.09999999999999998
5705,1.0,0.09999999999999998
5706,3.0,0.09999999999999998
5707,12.0,0.09999999999999998
5708,2.0,0.09999999999999998
5709,-10.0,0.09999999999999998
5710,-8.0,0.09999999999999998
5711,-3.0,0.09999999999999998
5712,-7.0,0.09999999999999998
5713,-11.0,0.09999999999999998
5714,-6.0,0.09999999999999998
5715,-7.0,0.09999999999999998
5716,-4.0,0.09999999999999998
5717,-3.0,0.09999999999999998
5718,-3.0,0.09999999999999998
5719,3.0,0.09999999999999998
5720,-2.0,0.09999999999999998
5721,5.0,0.09999999999999998
5722,-10.0,0.09999999999999998
5723,-10.0,0.09999999999999998
5724,3.0,0.09999999999999998
5725,5.0,0.09999999999999998
5726,-12.0,0.09999999999999998
5727,-1.0,0.09999999999999998
5728,-3.0,0.09999999999999998
5729,-3.0,0.09999999999999998
5730,5.0,0.09999999999999998
5731,1.0,0.09999999999999998
5732,-8.0,0.09999999999999998
5733,-3.0,0.09999999999999998
5734,6.0,0.09999999999999998
5735,-11.0,0.09999999999999998
5736,-7.0,0.09999999999999998
5737,8.0,0.09999999999999998
5738,-1.0,0.09999999999999998
5739,-12.0,0.09999999999999998
5740,-3.0,0.09999999999999998
5741,6.0,0.09999999999999998
5742,-2.0,0.09999999999999998
5743,-10.0,0.09999999999999998
5744,-1.0,0.09999999999999998
5745,8.0,0.09999999999999998
5746,1.0,0.09999999999999998
5747,-2.0,0.09999999999999998
5748,4.0,0.09999999999999998
5749,-5.0,0.09999999999999998
5750,-7.0,0.09999999999999998
5751,3.0,0.09999999999999998
5752,-11.0,0.09999999999999998
5753,-7.0,0.09999999999999998
5754,-5.0,0.09999999999999998
5755,-1.0,0.09999999999999998
5756,-7.0,0.09999999999999998
5757,-7.0,0.09999999999999998
5758,-2.0,0.09999999999999998
5759,-7.0,0.09999999999999998
5760,-2.0,0.09999999999999998
5761,-11.0,0.09999999999999998
5762,5.0,0.09999999999999998
5763,-5.0,0.09999999999999998
5764,1.0,0.09999999999999998
5765,-1.0,0.09999999999999998
5766,-16.0,0.09999999999999998
5767,4.0,0.09999999999999998
5768,-1.0,0.09999999999999998
5769,-11.0,0.09999999999999998
5770,-2.0,0.09999999999999998
5771,-5.0,0.09999999999999998
5772,-7.0,0.09999999999999998
5773,3.0,0.09999999999999998
5774,3.0,0.09999999999999998
5775,3.0,0.09999999999999998
5776,-6.0,0.09999999999999998
5777,8.0,0.09999999999999998
5778,-4.0,0.09999999999999998
5779,-9.0,0.09999999999999998
5780,-7.0,0.09999999999999998
5781,5.0,0.09999999999999998
5782,3.0,0.09999999999999998
5783,-1.0,0.09999999999999998
5784,3.0,0.09999999999999998
5785,-1.0,0.09999999999999998
5786,-4.0,0.09999999999999998
5787,-6.0,0.09999999999999998
5788,-10.0,0.09999999999999998
5789,1.0,0.09999999999999998
5790,-3.0,0.09999999999999998
5791,-5.0,0.09999999999999998
5792,-3.0,0.09999999999999998
5793,-5.0,0.09999999999999998
5794,-8.0,0.09999999999999998
5795,-1.0,0.09999999999999998
5796,-7.0,0.09999999999999998
5797,2.0,0.09999999999999998
5798,-5.0,0.09999999999999998
5799,7.0,0.09999999999999998
5800,-9.0,0.09999999999999998
5801,2.0,0.09999999999999998
5802,-1.0,0.09999999999999998
5803,-4.0,0.09999999999999998
5804,-8.0,0.09999999999999998
5805,8.0,0.09999999999999998
5806,5.0,0.09999999999999998
5807,-9.0,0.09999999999999998
5808,-9.0,0.09999999999999998
5809,-1.0,0.09999999999999998
5810,-8.0,0.09999999999999998
5811,-7.0,0.09999999999999998
5812,1.0,0.09999999999999998
5813,-8.0,0.09999999999999998
5814,-13.0,0.09999999999999998
5815,-9.0,0.09999999999999998
5816,-9.0,0.09999999999999998
5817,-5.0,0.09999999999999998
5818,-2.0,0.09999999999999998
5819,-5.0,0.09999999999999998
5820,-2.0,0.09999999999999998
5821,-3.0,0.09999999999999998
5822,-11.0,0.09999999999999998
5823,8.0,0.09999999999999998
5824,-1.0,0.09999999999999998
5825,-10.0,0.09999999999999998
5826,1.0,0.09999999999999998
5827,-10.0,0.09999999999999998
5828,-5.0,0.09999999999999998
5829,4.0,0.09999999999999998
5830,-11.0,0.09999999999999998
5831,-7.0,0.09999999999999998
5832,-17.0,0.09999999999999998
5833,2.0,0.09999999999999998
5834,1.0,0.09999999999999998
5835,-7.0,0.09999999999999998
5836,1.0,0.09999999999999998
5837,-14.0,0.09999999999999998
5838,-9.0,0.09999999999999998
5839,-6.0,0.09999999999999998
5840,-10.0,0.09999999999999998
5841,-11.0,0.09999999999999998
5842,-11.0,0.09999999999999998
5843,-5.0,0.09999999999999998
5844,-5.0,0.09999999999999998
5845,-17.0,0.09999999999999998
5846,-10.0,0.09999999999999998
5847,-6.0,0.09999999999999998
5848,-6.0,0.09999999999999998
5849,7.0,0.09999999999999998
5850,-11.0,0.09999999999999998
5851,-13.0,0.09999999999999998
5852,-4.0,0.09999999999999998
5853,7.0,0.09999999999999998
5854,-5.0,0.09999999999999998
5855,-2.0,0.09999999999999998
5856,-7.0,0.09999999999999998
5857,-8.0,0.09999999999999998
5858,-1.0,0.09999999999999998
5859,-10.0,0.09999999999999998
5860,-6.0,0.09999999999999998
5861,-4.0,0.09999999999999998
5862,3.0,0.09999999999999998
5863,5.0,0.09999999999999998
5864,3.0,0.09999999999999998
5865,-1.0,0.09999999999999998
5866,-5.0,0.09999999999999998
5867,-10.0,0.09999999999999998
5868,-7.0,0.09999999999999998
5869,7.0,0.09999999999999998
5870,-4.0,0.09999999999999998
5871,-1.0,0.09999999999999998
5872,-7.0,0.09999999999999998
5873,-3.0,0.09999999999999998
5874,-5.0,0.09999999999999998
5875,2.0,0.09999999999999998
5876,-4.0,0.09999999999999998
5877,-3.0,0.09999999999999998
5878,-8.0,0.09999999999999998
5879,-5.0,0.09999999999999998
5880,-7.0,0.09999999999999998
5881,-11.0,0.09999999999999998
5882,-4.0,0.09999999999999998
5883,-1.0,0.09999999999999998
5884,-3.0,0.09999999999999998
5885,4.0,0.09999999999999998
5886,-9.0,0.09999999999999998
5887,1.0,0.09999999999999998
5888,7.0,0.09999999999999998
5889,-4.0,0.09999999999999998
5890,7.0,0.09999999999999998
5891,-11.0,0.09999999999999998
5892,-11.0,0.09999999999999998
5893,-11.0,0.09999999999999998
5894,-6.0,0.09999999999999998
5895,13.0,0.09999999999999998
5896,-6.0,0.09999999999999998
5897,7.0,0.09999999999999998
5898,-5.0,0.09999999999999998
5899,-3.0,0.09999999999999998
5900,-4.0,0.09999999999999998
5901,-5.0,0.09999999999999998
5902,9.0,0.09999999999999998
5903,-6.0,0.09999999999999998
5904,-10.0,0.09999999999999998
5905,-12.0,0.09999999999999998
5906,-1.0,0.09999999999999998
5907,3.0,0.09999999999999998
5908,-7.0,0.09999999999999998
5909,2.0,0.09999999999999998
5910,-4.0,0.09999999999999998
5911,10.0,0.09999999999999998
5912,-6.0,0.09999999999999998
5913,-6.0,0.09999999999999998
5914,-1.0,0.09999999999999998
5915,-2.0,0.09999999999999998
5916,-1.0,0.09999999999999998
5917,-3.0,0.09999999999999998
5918,-3.0,0.09999999999999998
5919,-4.0,0.09999999999999998
5920,-6.0,0.09999999999999998
5921,-15.0,0.09999999999999998
5922,-9.0,0.09999999999999998
5923,-1.0,0.09999999999999998
5924,-10.0,0.09999999999999998
5925,-7.0,0.09999999999999998
5926,-1.0,0.09999999999999998
5927,-15.0,0.09999999999999998
5928,-5.0,0.09999999999999998
5929,-12.0,0.09999999999999998
5930,-8.0,0.09999999999999998
5931,-10.0,0.09999999999999998
5932,8.0,0.09999999999999998
5933,-1.0,0.09999999999999998
5934,-13.0,0.09999999999999998
5935,2.0,0.09999999999999998
5936,-4.0,0.09999999999999998
5937,-2.0,0.09999999999999998
5938,-9.0,0.09999999999999998
5939,-13.0,0.09999999999999998
5940,-7.0,0.09999999999999998
5941,6.0,0.09999999999999998
5942,-14.0,0.09999999999999998
5943,-1.0,0.09999999999999998
5944,4.0,0.09999999999999998
5945,-10.0,0.09999999999999998
5946,-2.0,0.09999999999999998
5947,-10.0,0.09999999999999998
5948,-10.0,0.09999999999999998
5949,-10.0,0.09999999999999998
5950,-8.0,0.09999999999999998
5951,-11.0,0.09999999999999998
5952,2.0,0.09999999999999998
5953,8.0,0.09999999999999998
5954,-7.0,0.09999999999999998
5955,-2.0,0.09999999999999998
5956,-6.0,0.09999999999999998
5957,2.0,0.09999999999999998
5958,-4.0,0.09999999999999998
5959,-5.0,0.09999999999999998
5960,-6.0,0.09999999999999998
5961,2.0,0.09999999999999998
5962,-4.0,0.09999999999999998
5963,-1.0,0.09999999999999998
5964,1.0,0.09999999999999998
5965,4.0,0.09999999999999998
5966,-6.0,0.09999999999999998
5967,-10.0,0.09999999999999998
5968,-12.0,0.09999999999999998
5969,2.0,0.09999999999999998
5970,-5.0,0.09999999999999998
5971,1.0,0.09999999999999998
5972,-4.0,0.09999999999999998
5973,-9.0,0.09999999999999998
5974,2.0,0.09999999999999998
5975,-6.0,0.09999999999999998
5976,-1.0,0.09999999999999998
5977,4.0,0.09999999999999998
5978,6.0,0.09999999999999998
5979,-7.0,0.09999999999999998
5980,-3.0,0.09999999999999998
5981,-9.0,0.09999999999999998
5982,-4.0,0.09999999999999998
5983,-3.0,0.09999999999999998
5984,-5.0,0.09999999999999998
5985,6.0,0.09999999999999998
5986,-5.0,0.09999999999999998
5987,-9.0,0.09999999999999998
5988,-9.0,0.09999999999999998
5989,-12.0,0.09999999999999998
5990,-6.0,0.09999999999999998
5991,-7.0,0.09999999999999998
5992,-7.0,0.09999999999999998
5993,-10.0,0.09999999999999998
5994,-5.0,0.09999999999999998
5995,-9.0,0.09999999999999998
5996,-9.0,0.09999999999999998
5997,-5.0,0.09999999999999998
5998,6.0,0.09999999999999998
5999,-14.0,0.09999999999999998
6000,-7.0,0.09999999999999998
6001,-1.0,0.09999999999999998
6002,-8.0,0.09999999999999998
6003,-7.0,0.09999999999999998
6004,-6.0,0.09999999999999998
6005,-4.0,0.09999999999999998
6006,-1.0,0.09999999999999998
6007,-5.0,0.09999999999999998
6008,4.0,0.09999999999999998
6009,-7.0,0.09999999999999998
6010,-7.0,0.09999999999999998
6011,-5.0,0.09999999999999998
6012,-11.0,0.09999999999999998
6013,-8.0,0.09999999999999998
6014,-7.0,0.09999999999999998
6015,4.0,0.09999999999999998
6016,7.0,0.09999999999999998
6017,3.0,0.09999999999999998
6018,-2.0,0.09999999999999998
6019,-6.0,0.09999999999999998
6020,-9.0,0.09999999999999998
6021,-9.0,0.09999999999999998
6022,-10.0,0.09999999999999998
6023,-11.0,0.09999999999999998
6024,-6.0,0.09999999999999998
6025,5.0,0.09999999999999998
6026,-5.0,0.09999999999999998
6027,5.0,0.09999999999999998
6028,-12.0,0.09999999999999998
6029,-4.0,0.09999999999999998
6030,-2.0,0.09999999999999998
6031,-1.0,0.09999999999999998
6032,-11.0,0.09999999999999998
6033,-8.0,0.09999999999999998
6034,-10.0,0.09999999999999998
6035,-3.0,0.09999999999999998
6036,-7.0,0.09999999999999998
6037,-3.0,0.09999999999999998
6038,-14.0,0.09999999999999998
6039,6.0,0.09999999999999998
6040,-5.0,0.09999999999999998
6041,-12.0,0.09999999999999998
6042,1.0,0.09999999999999998
6043,-8.0,0.09999999999999998
6044,-11.0,0.09999999999999998
6045,-8.0,0.09999999999999998
6046,-11.0,0.09999999999999998
6047,2.0,0.09999999999999998
6048,-14.0,0.09999999999999998
6049,-10.0,0.09999999999999998
6050,-6.0,0.09999999999999998
6051,-9.0,0.09999999999999998
6052,-2.0,0.09999999999999998
6053,-2.0,0.09999999999999998
6054,-6.0,0.09999999999999998
6055,-7.0,0.09999999999999998
6056,-1.0,0.09999999999999998
6057,13.0,0.09999999999999998
6058,-8.0,0.09999999999999998
6059,-3.0,0.09999999999999998
6060,-10.0,0.09999999999999998
6061,6.0,0.09999999999999998
6062,-11.0,0.09999999999999998
6063,-6.0,0.09999999999999998
6064,-6.0,0.09999999999999998
6065,-9.0,0.09999999999999998
6066,-5.0,0.09999999999999998
6067,-6.0,0.09999999999999998
6068,-8.0,0.09999999999999998
6069,-9.0,0.09999999999999998
6070,1.0,0.09999999999999998
6071,-14.0,0.09999999999999998
6072,-6.0,0.09999999999999998
6073,-8.0,0.09999999999999998
6074,-12.0,0.09999999999999998
6075,4.0,0.09999999999999998
6076,-9.0,0.09999999999999998
6077,2.0,0.09999999999999998
6078,3.0,0.09999999999999998
6079,-7.0,0.09999999999999998
6080,-1.0,0.09999999999999998
6081,-4.0,0.09999999999999998
6082,-15.0,0.09999999999999998
6083,-13.0,0.09999999999999998
6084,-16.0,0.09999999999999998
6085,-8.0,0.09999999999999998
6086,-7.0,0.09999999999999998
6087,-5.0,0.09999999999999998
6088,-8.0,0.09999999999999998
6089,-9.0,0.09999999999999998
6090,-4.0,0.09999999999999998
6091,-2.0,0.09999999999999998
6092,-6.0,0.09999999999999998
6093,-2.0,0.09999999999999998
6094,2.0,0.09999999999999998
6095,-14.0,0.09999999999999998
6096,-12.0,0.09999999999999998
6097,-5.0,0.09999999999999998
6098,-9.0,0.09999999999999998
6099,-2.0,0.09999999999999998
6100,-6.0,0.09999999999999998
6101,-11.0,0.09999999999999998
6102,-3.0,0.09999999999999998
6103,6.0,0.09999999999999998
6104,-5.0,0.09999999999999998
6105,-1.0,0.09999999999999998
6106,-6.0,0.09999999999999998
6107,-2.0,0.09999999999999998
6108,-1.0,0.09999999999999998
6109,2.0,0.09999999999999998
6110,-2.0,0.09999999999999998
6111,9.0,0.09999999999999998
6112,-11.0,0.09999999999999998
6113,-6.0,0.09999999999999998
6114,-10.0,0.09999999999999998
6115,-4.0,0.09999999999999998
6116,-5.0,0.09999999999999998
6117,-18.0,0.09999999999999998
6118,-3.0,0.09999999999999998
6119,-5.0,0.09999999999999998
6120,-7.0,0.09999999999999998
6121,4.0,0.09999999999999998
6122,-1.0,0.09999999999999998
6123,5.0,0.09999999999999998
6124,-5.0,0.09999999999999998
6125,-11.0,0.09999999999999998
6126,-7.0,0.09999999999999998
6127,-3.0,0.09999999999999998
6128,-9.0,0.09999999999999998
6129,-1.0,0.09999999999999998
6130,-4.0,0.09999999999999998
6131,-9.0,0.09999999999999998
6132,5.0,0.09999999999999998
6133,9.0,0.09999999999999998
6134,-7.0,0.09999999999999998
6135,-4.0,0.09999999999999998
6136,-3.0,0.09999999999999998
6137,-4.0,0.09999999999999998
6138,-14.0,0.09999999999999998
6139,4.0,0.09999999999999998
6140,-9.0,0.09999999999999998
6141,-8.0,0.09999999999999998
6142,-6.0,0.09999999999999998
6143,-3.0,0.09999999999999998
6144,5.0,0.09999999999999998
6145,-6.0,0.09999999999999998
6146,1.0,0.09999999999999998
6147,-8.0,0.09999999999999998
6148,-4.0,0.09999999999999998
6149,-5.0,0.09999999999999998
6150,-5.0,0.09999999999999998
6151,1.0,0.09999999999999998
6152,2.0,0.09999999999999998
6153,-1.0,0.09999999999999998
6154,-8.0,0.09999999999999998
6155,-2.0,0.09999999999999998
6156,-1.0,0.09999999999999998
6157,-10.0,0.09999999999999998
6158,-8.0,0.09999999999999998
6159,-5.0,0.09999999999999998
6160,-1.0,0.09999999999999998
6161,1.0,0.09999999999999998
6162,-4.0,0.09999999999999998
6163,7.0,0.09999999999999998
6164,-9.0,0.09999999999999998
6165,-2.0,0.09999999999999998
6166,-4.0,0.09999999999999998
6167,-6.0,0.09999999999999998
6168,-11.0,0.09999999999999998
6169,-7.0,0.09999999999999998
6170,-6.0,0.09999999999999998
6171,-3.0,0.09999999999999998
6172,-7.0,0.09999999999999998
6173,-2.0,0.09999999999999998
6174,-11.0,0.09999999999999998
6175,8.0,0.09999999999999998
6176,1.0,0.09999999999999998
6177,-12.0,0.09999999999999998
6178,-4.0,0.09999999999999998
6179,-11.0,0.09999999999999998
6180,5.0,0.09999999999999998
6181,-10.0,0.09999999999999998
6182,-2.0,0.09999999999999998
6183,-3.0,0.09999999999999998
6184,-4.0,0.09999999999999998
6185,-5.0,0.09999999999999998
6186,3.0,0.09999999999999998
6187,-10.0,0.09999999999999998
6188,-7.0,0.09999999999999998
6189,-3.0,0.09999999999999998
6190,-8.0,0.09999999999999998
6191,-9.0,0.09999999999999998
6192,-5.0,0.09999999999999998
6193,-9.0,0.09999999999999998
6194,-7.0,0.09999999999999998
6195,-7.0,0.09999999999999998
6196,-1.0,0.09999999999999998
6197,4.0,0.09999999999999998
6198,-9.0,0.09999999999999998
6199,6.0,0.09999999999999998
6200,-11.0,0.09999999999999998
6201,-8.0,0.09999999999999998
6202,-1.0,0.09999999999999998
6203,-3.0,0.09999999999999998
6204,-4.0,0.09999999999999998
6205,-13.0,0.09999999999999998
6206,-10.0,0.09999999999999998
6207,-6.0,0.09999999999999998
6208,-6.0,0.09999999999999998
6209,-8.0,0.09999999999999998
6210,-4.0,0.09999999999999998
6211,-1.0,0.09999999999999998
6212,6.0,0.09999999999999998
6213,-5.0,0.09999999999999998
6214,4.0,0.09999999999999998
6215,-9.0,0.09999999999999998
6216,3.0,0.09999999999999998
6217,-3.0,0.09999999999999998
6218,-9.0,0.09999999999999998
6219,3.0,0.09999999999999998
6220,-11.0,0.09999999999999998
6221,-4.0,0.09999999999999998
6222,6.0,0.09999999999999998
6223,8.0,0.09999999999999998
6224,-15.0,0.09999999999999998
6225,7.0,0.09999999999999998
6226,6.0,0.09999999999999998
6227,6.0,0.09999999999999998
6228,-1.0,0.09999999999999998
6229,-8.0,0.09999999999999998
6230,-2.0,0.09999999999999998
6231,-6.0,0.09999999999999998
6232,-4.0,0.09999999999999998
6233,-7.0,0.09999999999999998
6234,3.0,0.09999999999999998
6235,4.0,0.09999999999999998
6236,-2.0,0.09999999999999998
6237,-3.0,0.09999999999999998
6238,-10.0,0.09999999999999998
6239,-9.0,0.09999999999999998
6240,-12.0,0.09999999999999998
6241,2.0,0.09999999999999998
6242,9.0,0.09999999999999998
6243,-2.0,0.09999999999999998
6244,-3.0,0.09999999999999998
6245,-2.0,0.09999999999999998
6246,6.0,0.09999999999999998
6247,8.0,0.09999999999999998
6248,3.0,0.09999999999999998
6249,-8.0,0.09999999999999998
6250,-3.0,0.09999999999999998
6251,1.0,0.09999999999999998
6252,-9.0,0.09999999999999998
6253,-10.0,0.09999999999999998
6254,-7.0,0.09999999999999998
6255,2.0,0.09999999999999998
6256,8.0,0.09999999999999998
6257,-7.0,0.09999999999999998
6258,-1.0,0.09999999999999998
6259,-14.0,0.09999999999999998
6260,-6.0,0.09999999999999998
6261,-10.0,0.09999999999999998
6262,1.0,0.09999999999999998
6263,1.0,0.09999999999999998
6264,-8.0,0.09999999999999998
6265,-10.0,0.09999999999999998
6266,-1.0,0.09999999999999998
6267,1.0,0.09999999999999998
6268,-4.0,0.09999999999999998
6269,-8.0,0.09999999999999998
6270,-3.0,0.09999999999999998
6271,-6.0,0.09999999999999998
6272,-9.0,0.09999999999999998
6273,-2.0,0.09999999999999998
6274,-2.0,0.09999999999999998
6275,-8.0,0.09999999999999998
6276,-9.0,0.09999999999999998
6277,-3.0,0.09999999999999998
6278,-8.0,0.09999999999999998
6279,-7.0,0.09999999999999998
6280,-2.0,0.09999999999999998
6281,-6.0,0.09999999999999998
6282,9.0,0.09999999999999998
6283,3.0,0.09999999999999998
6284,4.0,0.09999999999999998
6285,-2.0,0.09999999999999998
6286,-4.0,0.09999999999999998
6287,-2.0,0.09999999999999998
6288,-10.0,0.09999999999999998
6289,-3.0,0.09999999999999998
6290,1.0,0.09999999999999998
6291,-1.0,0.09999999999999998
6292,-9.0,0.09999999999999998
6293,-7.0,0.09999999999999998
6294,-11.0,0.09999999999999998
6295,-4.0,0.09999999999999998
6296,-1.0,0.09999999999999998
6297,-6.0,0.09999999999999998
6298,-7.0,0.09999999999999998
6299,-2.0,0.09999999999999998
6300,2.0,0.09999999999999998
6301,-6.0,0.09999999999999998
6302,-3.0,0.09999999999999998
6303,-6.0,0.09999999999999998
6304,-8.0,0.09999999999999998
6305,-5.0,0.09999999999999998
6306,2.0,0.09999999999999998
6307,-5.0,0.09999999999999998
6308,3.0,0.09999999999999998
6309,-4.0,0.09999999999999998
6310,-3.0,0.09999999999999998
6311,-8.0,0.09999999999999998
6312,-12.0,0.09999999999999998
6313,-8.0,0.09999999999999998
6314,-9.0,0.09999999999999998
6315,-4.0,0.09999999999999998
6316,3.0,0.09999999999999998
6317,4.0,0.09999999999999998
6318,-8.0,0.09999999999999998
6319,-11.0,0.09999999999999998
6320,4.0,0.09999999999999998
6321,-5.0,0.09999999999999998
6322,-5.0,0.09999999999999998
6323,3.0,0.09999999999999998
6324,3.0,0.09999999999999998
6325,-1.0,0.09999999999999998
6326,-7.0,0.09999999999999998
6327,-9.0,0.09999999999999998
6328,1.0,0.09999999999999998
6329,-8.0,0.09999999999999998
6330,-4.0,0.09999999999999998
6331,-8.0,0.09999999999999998
6332,-3.0,0.09999999999999998
6333,4.0,0.09999999999999998
6334,-4.0,0.09999999999999998
6335,6.0,0.09999999999999998
6336,-12.0,0.09999999999999998
6337,-11.0,0.09999999999999998
6338,-4.0,0.09999999999999998
6339,-4.0,0.09999999999999998
6340,-1.0,0.09999999999999998
6341,-7.0,0.09999999999999998
6342,-15.0,0.09999999999999998
6343,-10.0,0.09999999999999998
6344,-6.0,0.09999999999999998
6345,4.0,0.09999999999999998
6346,-2.0,0.09999999999999998
6347,-5.0,0.09999999999999998
6348,-1.0,0.09999999999999998
6349,-10.0,0.09999999999999998
6350,-12.0,0.09999999999999998
6351,-1.0,0.09999999999999998
6352,-13.0,0.09999999999999998
6353,-13.0,0.09999999999999998
6354,-7.0,0.09999999999999998
6355,-8.0,0.09999999999999998
6356,-6.0,0.09999999999999998
6357,-2.0,0.09999999999999998
6358,-2.0,0.09999999999999998
6359,-1.0,0.09999999999999998
6360,-8.0,0.09999999999999998
6361,-2.0,0.09999999999999998
6362,7.0,0.09999999999999998
6363,4.0,0.09999999999999998
6364,-10.0,0.09999999999999998
6365,1.0,0.09999999999999998
6366,-6.0,0.09999999999999998
6367,2.0,0.09999999999999998
6368,-1.0,0.09999999999999998
6369,1.0,0.09999999999999998
6370,-7.0,0.09999999999999998
6371,7.0,0.09999999999999998
6372,-9.0,0.09999999999999998
6373,-1.0,0.09999999999999998
6374,-6.0,0.09999999999999998
6375,-8.0,0.09999999999999998
6376,8.0,0.09999999999999998
6377,-3.0,0.09999999999999998
6378,-10.0,0.09999999999999998
6379,3.0,0.09999999999999998
6380,-10.0,0.09999999999999998
6381,-9.0,0.09999999999999998
6382,-13.0,0.09999999999999998
6383,-1.0,0.09999999999999998
6384,-9.0,0.09999999999999998
6385,-6.0,0.09999999999999998
6386,-1.0,0.09999999999999998
6387,-9.0,0.09999999999999998
6388,-7.0,0.09999999999999998
6389,-5.0,0.09999999999999998
6390,2.0,0.09999999999999998
6391,-4.0,0.09999999999999998
6392,-6.0,0.09999999999999998
6393,-5.0,0.09999999999999998
6394,-6.0,0.09999999999999998
6395,-9.0,0.09999999999999998
6396,-6.0,0.09999999999999998
6397,2.0,0.09999999999999998
6398,-6.0,0.09999999999999998
6399,9.0,0.09999999999999998
6400,-9.0,0.09999999999999998
6401,3.0,0.09999999999999998
6402,-3.0,0.09999999999999998
6403,-5.0,0.09999999999999998
6404,-1.0,0.09999999999999998
6405,-6.0,0.09999999999999998
6406,-5.0,0.09999999999999998
6407,4.0,0.09999999999999998
6408,1.0,0.09999999999999998
6409,1.0,0.09999999999999998
6410,-12.0,0.09999999999999998
6411,-5.0,0.09999999999999998
6412,-6.0,0.09999999999999998
6413,-13.0,0.09999999999999998
6414,9.0,0.09999999999999998
6415,-5.0,0.09999999999999998
6416,-2.0,0.09999999999999998
6417,-5.0,0.09999999999999998
6418,-9.0,0.09999999999999998
6419,-10.0,0.09999999999999998
6420,-6.0,0.09999999999999998
6421,-8.0,0.09999999999999998
6422,-8.0,0.09999999999999998
6423,-6.0,0.09999999999999998
6424,-7.0,0.09999999999999998
6425,-3.0,0.09999999999999998
6426,3.0,0.09999999999999998
6427,9.0,0.09999999999999998
6428,1.0,0.09999999999999998
6429,-9.0,0.09999999999999998
6430,-6.0,0.09999999999999998
6431,-8.0,0.09999999999999998
6432,-3.0,0.09999999999999998
6433,1.0,0.09999999999999998
6434,4.0,0.09999999999999998
6435,-3.0,0.09999999999999998
6436,-6.0,0.09999999999999998
6437,-1.0,0.09999999999999998
6438,-9.0,0.09999999999999998
6439,1.0,0.09999999999999998
6440,-12.0,0.09999999999999998
6441,-9.0,0.09999999999999998
6442,-2.0,0.09999999999999998
6443,-6.0,0.09999999999999998
6444,5.0,0.09999999999999998
6445,-10.0,0.09999999999999998
6446,-5.0,0.09999999999999998
6447,-3.0,0.09999999999999998
6448,-4.0,0.09999999999999998
6449,-3.0,0.09999999999999998
6450,-1.0,0.09999999999999998
6451,-8.0,0.09999999999999998
6452,-13.0,0.09999999999999998
6453,-5.0,0.09999999999999998
6454,-9.0,0.09999999999999998
6455,-4.0,0.09999999999999998
6456,7.0,0.09999999999999998
6457,-5.0,0.09999999999999998
6458,-1.0,0.09999999999999998
6459,-1.0,0.09999999999999998
6460,-3.0,0.09999999999999998
6461,-1.0,0.09999999999999998
6462,-10.0,0.09999999999999998
6463,-1.0,0.09999999999999998
6464,-2.0,0.09999999999999998
6465,-10.0,0.09999999999999998
6466,-6.0,0.09999999999999998
6467,-8.0,0.09999999999999998
6468,-10.0,0.09999999999999998
6469,-1.0,0.09999999999999998
6470,1.0,0.09999999999999998
6471,-10.0,0.09999999999999998
6472,-12.0,0.09999999999999998
6473,1.0,0.09999999999999998
6474,-11.0,0.09999999999999998
6475,-6.0,0.09999999999999998
6476,-15.0,0.09999999999999998
6477,1.0,0.09999999999999998
6478,-10.0,0.09999999999999998
6479,-8.0,0.09999999999999998
6480,-9.0,0.09999999999999998
6481,-8.0,0.09999999999999998
6482,-6.0,0.09999999999999998
6483,-10.0,0.09999999999999998
6484,-4.0,0.09999999999999998
6485,-13.0,0.09999999999999998
6486,-7.0,0.09999999999999998
6487,6.0,0.09999999999999998
6488,-5.0,0.09999999999999998
6489,6.0,0.09999999999999998
6490,2.0,0.09999999999999998
6491,6.0,0.09999999999999998
6492,-8.0,0.09999999999999998
6493,1.0,0.09999999999999998
6494,-8.0,0.09999999999999998
6495,-6.0,0.09999999999999998
6496,-14.0,0.09999999999999998
6497,-2.0,0.09999999999999998
6498,-4.0,0.09999999999999998
6499,-5.0,0.09999999999999998
6500,-10.0,0.09999999999999998
6501,-3.0,0.09999999999999998
6502,-7.0,0.09999999999999998
6503,6.0,0.09999999999999998
6504,4.0,0.09999999999999998
6505,5.0,0.09999999999999998
6506,-7.0,0.09999999999999998
6507,-8.0,0.09999999999999998
6508,-2.0,0.09999999999999998
6509,-9.0,0.09999999999999998
6510,-10.0,0.09999999999999998
6511,-13.0,0.09999999999999998
6512,-12.0,0.09999999999999998
6513,-1.0,0.09999999999999998
6514,5.0,0.09999999999999998
6515,-10.0,0.09999999999999998
6516,-4.0,0.09999999999999998
6517,-5.0,0.09999999999999998
6518,3.0,0.09999999999999998
6519,-9.0,0.09999999999999998
6520,-13.0,0.09999999999999998
6521,-10.0,0.09999999999999998
6522,-12.0,0.09999999999999998
6523,-5.0,0.09999999999999998
6524,-4.0,0.09999999999999998
6525,-6.0,0.09999999999999998
6526,1.0,0.09999999999999998
6527,-8.0,0.09999999999999998
6528,-7.0,0.09999999999999998
6529,-5.0,0.09999999999999998
6530,-5.0,0.09999999999999998
6531,-9.0,0.09999999999999998
6532,-1.0,0.09999999999999998
6533,-8.0,0.09999999999999998
6534,-9.0,0.09999999999999998
6535,-7.0,0.09999999999999998
6536,-1.0,0.09999999999999998
6537,3.0,0.09999999999999998
6538,-5.0,0.09999999999999998
6539,7.0,0.09999999999999998
6540,-4.0,0.09999999999999998
6541,1.0,0.09999999999999998
6542,4.0,0.09999999999999998
6543,-8.0,0.09999999999999998
6544,-4.0,0.09999999999999998
6545,-11.0,0.09999999999999998
6546,-5.0,0.09999999999999998
6547,-12.0,0.09999999999999998
6548,-4.0,0.09999999999999998
6549,3.0,0.09999999999999998
6550,-5.0,0.09999999999999998
6551,3.0,0.09999999999999998
6552,-1.0,0.09999999999999998
6553,-9.0,0.09999999999999998
6554,-18.0,0.09999999999999998
6555,9.0,0.09999999999999998
6556,-8.0,0.09999999999999998
6557,-2.0,0.09999999999999998
6558,-17.0,0.09999999999999998
6559,-15.0,0.09999999999999998
6560,-1.0,0.09999999999999998
6561,-2.0,0.09999999999999998
6562,1.0,0.09999999999999998
6563,-2.0,0.09999999999999998
6564,-9.0,0.09999999999999998
6565,9.0,0.09999999999999998
6566,-3.0,0.09999999999999998
6567,-3.0,0.09999999999999998
6568,-6.0,0.09999999999999998
6569,-2.0,0.09999999999999998
6570,9.0,0.09999999999999998
6571,-4.0,0.09999999999999998
6572,10.0,0.09999999999999998
6573,1.0,0.09999999999999998
6574,-6.0,0.09999999999999998
6575,-9.0,0.09999999999999998
6576,-4.0,0.09999999999999998
6577,-2.0,0.09999999999999998
6578,-4.0,0.09999999999999998
6579,-8.0,0.09999999999999998
6580,-9.0,0.09999999999999998
6581,-9.0,0.09999999999999998
6582,-11.0,0.09999999999999998
6583,-10.0,0.09999999999999998
6584,-7.0,0.09999999999999998
6585,-4.0,0.09999999999999998
6586,-10.0,0.09999999999999998
6587,-7.0,0.09999999999999998
6588,-7.0,0.09999999999999998
6589,5.0,0.09999999999999998
6590,-16.0,0.09999999999999998
6591,-2.0,0.09999999999999998
6592,-7.0,0.09999999999999998
6593,5.0,0.09999999999999998
6594,7.0,0.09999999999999998
6595,-8.0,0.09999999999999998
6596,-5.0,0.09999999999999998
6597,1.0,0.09999999999999998
6598,-10.0,0.09999999999999998
6599,-5.0,0.09999999999999998
6600,-2.0,0.09999999999999998
6601,-13.0,0.09999999999999998
6602,-12.0,0.09999999999999998
6603,1.0,0.09999999999999998
6604,-15.0,0.09999999999999998
6605,-3.0,0.09999999999999998
6606,4.0,0.09999999999999998
6607,-12.0,0.09999999999999998
6608,3.0,0.09999999999999998
6609,7.0,0.09999999999999998
6610,-4.0,0.09999999999999998
6611,-15.0,0.09999999999999998
6612,-13.0,0.09999999999999998
6613,2.0,0.09999999999999998
6614,-5.0,0.09999999999999998
6615,5.0,0.09999999999999998
6616,1.0,0.09999999999999998
6617,6.0,0.09999999999999998
6618,-1.0,0.09999999999999998
6619,-9.0,0.09999999999999998
6620,-6.0,0.09999999999999998
6621,-4.0,0.09999999999999998
6622,-6.0,0.09999999999999998
6623,-1.0,0.09999999999999998
6624,-1.0,0.09999999999999998
6625,-5.0,0.09999999999999998
6626,-9.0,0.09999999999999998
6627,-13.0,0.09999999999999998
6628,-10.0,0.09999999999999998
6629,-15.0,0.09999999999999998
6630,1.0,0.09999999999999998
6631,4.0,0.09999999999999998
6632,-3.0,0.09999999999999998
6633,-6.0,0.09999999999999998
6634,-1.0,0.09999999999999998
6635,-5.0,0.09999999999999998
6636,-5.0,0.09999999999999998
6637,-9.0,0.09999999999999998
6638,4.0,0.09999999999999998
6639,-4.0,0.09999999999999998
6640,-9.0,0.09999999999999998
6641,-4.0,0.09999999999999998
6642,-14.0,0.09999999999999998
6643,-6.0,0.09999999999999998
6644,2.0,0.09999999999999998
6645,-8.0,0.09999999999999998
6646,1.0,0.09999999999999998
6647,-13.0,0.09999999999999998
6648,1.0,0.09999999999999998
6649,-4.0,0.09999999999999998
6650,6.0,0.09999999999999998
6651,-14.0,0.09999999999999998
6652,-11.0,0.09999999999999998
6653,-10.0,0.09999999999999998
6654,-7.0,0.09999999999999998
6655,-10.0,0.09999999999999998
6656,6.0,0.09999999999999998
6657,-3.0,0.09999999999999998
6658,-15.0,0.09999999999999998
6659,4.0,0.09999999999999998
6660,-7.0,0.09999999999999998
6661,3.0,0.09999999999999998
6662,-5.0,0.09999999999999998
6663,-5.0,0.09999999999999998
6664,-3.0,0.09999999999999998
6665,-5.0,0.09999999999999998
6666,-14.0,0.09999999999999998
6667,-6.0,0.09999999999999998
6668,-5.0,0.09999999999999998
6669,-9.0,0.09999999999999998
6670,-3.0,0.09999999999999998
6671,3.0,0.09999999999999998
6672,1.0,0.09999999999999998
6673,1.0,0.09999999999999998
6674,-11.0,0.09999999999999998
6675,8.0,0.09999999999999998
6676,5.0,0.09999999999999998
6677,2.0,0.09999999999999998
6678,-9.0,0.09999999999999998
6679,4.0,0.09999999999999998
6680,-5.0,0.09999999999999998
6681,-6.0,0.09999999999999998
6682,-5.0,0.09999999999999998
6683,-18.0,0.09999999999999998
6684,-7.0,0.09999999999999998
6685,-3.0,0.09999999999999998
6686,10.0,0.09999999999999998
6687,-9.0,0.09999999999999998
6688,-1.0,0.09999999999999998
6689,-5.0,0.09999999999999998
6690,4.0,0.09999999999999998
6691,-9.0,0.09999999999999998
6692,-9.0,0.09999999999999998
6693,-6.0,0.09999999999999998
6694,-4.0,0.09999999999999998
6695,-9.0,0.09999999999999998
6696,-1.0,0.09999999999999998
6697,3.0,0.09999999999999998
6698,-13.0,0.09999999999999998
6699,-5.0,0.09999999999999998
6700,-10.0,0.09999999999999998
6701,-11.0,0.09999999999999998
6702,-7.0,0.09999999999999998
6703,-2.0,0.09999999999999998
6704,-7.0,0.09999999999999998
6705,-9.0,0.09999999999999998
6706,-13.0,0.09999999999999998
6707,-3.0,0.09999999999999998
6708,-2.0,0.09999999999999998
6709,-12.0,0.09999999999999998
6710,-7.0,0.09999999999999998
6711,-7.0,0.09999999999999998
6712,-13.0,0.09999999999999998
6713,2.0,0.09999999999999998
6714,1.0,0.09999999999999998
6715,-7.0,0.09999999999999998
6716,-5.0,0.09999999999999998
6717,-5.0,0.09999999999999998
6718,-7.0,0.09999999999999998
6719,-1.0,0.09999999999999998
6720,-15.0,0.09999999999999998
6721,-7.0,0.09999999999999998
6722,4.0,0.09999999999999998
6723,-8.0,0.09999999999999998
6724,-4.0,0.09999999999999998
6725,3.0,0.09999999999999998
6726,-6.0,0.09999999999999998
6727,6.0,0.09999999999999998
6728,-2.0,0.09999999999999998
6729,-9.0,0.09999999999999998
6730,-3.0,0.09999999999999998
6731,-14.0,0.09999999999999998
6732,-8.0,0.09999999999999998
6733,-11.0,0.09999999999999998
6734,-6.0,0.09999999999999998
6735,-2.0,0.09999999999999998
6736,4.0,0.09999999999999998
6737,-9.0,0.09999999999999998
6738,10.0,0.09999999999999998
6739,-4.0,0.09999999999999998
6740,-15.0,0.09999999999999998
6741,-4.0,0.09999999999999998
6742,-2.0,0.09999999999999998
6743,-10.0,0.09999999999999998
6744,3.0,0.09999999999999998
6745,-8.0,0.09999999999999998
6746,-10.0,0.09999999999999998
6747,-8.0,0.09999999999999998
6748,-3.0,0.09999999999999998
6749,6.0,0.09999999999999998
6750,4.0,0.09999999999999998
6751,-13.0,0.09999999999999998
6752,-6.0,0.09999999999999998
6753,-1.0,0.09999999999999998
6754,-3.0,0.09999999999999998
6755,1.0,0.09999999999999998
6756,-2.0,0.09999999999999998
6757,-2.0,0.09999999999999998
6758,-2.0,0.09999999999999998
6759,-4.0,0.09999999999999998
6760,-1.0,0.09999999999999998
6761,-11.0,0.09999999999999998
6762,-6.0,0.09999999999999998
6763,-1.0,0.09999999999999998
6764,-4.0,0.09999999999999998
6765,-7.0,0.09999999999999998
6766,-4.0,0.09999999999999998
6767,-7.0,0.09999999999999998
6768,-1.0,0.09999999999999998
6769,3.0,0.09999999999999998
6770,-13.0,0.09999999999999998
6771,2.0,0.09999999999999998
6772,1.0,0.09999999999999998
6773,8.0,0.09999999999999998
6774,-1.0,0.09999999999999998
6775,-3.0,0.09999999999999998
6776,-4.0,0.09999999999999998
6777,-12.0,0.09999999999999998
6778,-4.0,0.09999999999999998
6779,-2.0,0.09999999999999998
6780,-15.0,0.09999999999999998
6781,-11.0,0.09999999999999998
6782,2.0,0.09999999999999998
6783,-7.0,0.09999999999999998
6784,-3.0,0.09999999999999998
6785,1.0,0.09999999999999998
6786,-6.0,0.09999999999999998
6787,-8.0,0.09999999999999998
6788,-6.0,0.09999999999999998
6789,-8.0,0.09999999999999998
6790,1.0,0.09999999999999998
6791,-6.0,0.09999999999999998
6792,-5.0,0.09999999999999998
6793,1.0,0.09999999999999998
6794,-1.0,0.09999999999999998
6795,4.0,0.09999999999999998
6796,-15.0,0.09999999999999998
6797,-15.0,0.09999999999999998
6798,-2.0,0.09999999999999998
6799,6.0,0.09999999999999998
6800,-2.0,0.09999999999999998
6801,-10.0,0.09999999999999998
6802,9.0,0.09999999999999998
6803,-1.0,0.09999999999999998
6804,-8.0,0.09999999999999998
6805,-4.0,0.09999999999999998
6806,-6.0,0.09999999999999998
6807,-1.0,0.09999999999999998
6808,-1.0,0.09999999999999998
6809,-4.0,0.09999999999999998
6810,-14.0,0.09999999999999998
6811,-3.0,0.09999999999999998
6812,-7.0,0.09999999999999998
6813,4.0,0.09999999999999998
6814,1.0,0.09999999999999998
6815,4.0,0.09999999999999998
6816,-9.0,0.09999999999999998
6817,-6.0,0.09999999999999998
6818,-7.0,0.09999999999999998
6819,-3.0,0.09999999999999998
6820,-18.0,0.09999999999999998
6821,-8.0,0.09999999999999998
6822,-3.0,0.09999999999999998
6823,11.0,0.09999999999999998
6824,2.0,0.09999999999999998
6825,5.0,0.09999999999999998
6826,-12.0,0.09999999999999998
6827,-8.0,0.09999999999999998
6828,2.0,0.09999999999999998
6829,2.0,0.09999999999999998
6830,-1.0,0.09999999999999998
6831,-8.0,0.09999999999999998
6832,-8.0,0.09999999999999998
6833,-10.0,0.09999999999999998
6834,1.0,0.09999999999999998
6835,-3.0,0.09999999999999998
6836,-2.0,0.09999999999999998
6837,1.0,0.09999999999999998
6838,-10.0,0.09999999999999998
6839,-5.0,0.09999999999999998
6840,-10.0,0.09999999999999998
6841,-10.0,0.09999999999999998
6842,1.0,0.09999999999999998
6843,6.0,0.09999999999999998
6844,-11.0,0.09999999999999998
6845,-4.0,0.09999999999999998
6846,-1.0,0.09999999999999998
6847,-7.0,0.09999999999999998
6848,-4.0,0.09999999999999998
6849,-6.0,0.09999999999999998
6850,-11.0,0.09999999999999998
6851,-5.0,0.09999999999999998
6852,-1.0,0.09999999999999998
6853,5.0,0.09999999999999998
6854,-4.0,0.09999999999999998
6855,2.0,0.09999999999999998
6856,-11.0,0.09999999999999998
6857,-4.0,0.09999999999999998
6858,-11.0,0.09999999999999998
6859,-6.0,0.09999999999999998
6860,-4.0,0.09999999999999998
6861,-5.0,0.09999999999999998
6862,-6.0,0.09999999999999998
6863,-3.0,0.09999999999999998
6864,-15.0,0.09999999999999998
6865,10.0,0.09999999999999998
6866,-11.0,0.09999999999999998
6867,-11.0,0.09999999999999998
6868,-5.0,0.09999999999999998
6869,-6.0,0.09999999999999998
6870,-3.0,0.09999999999999998
6871,-5.0,0.09999999999999998
6872,2.0,0.09999999999999998
6873,-1.0,0.09999999999999998
6874,-8.0,0.09999999999999998
6875,-11.0,0.09999999999999998
6876,3.0,0.09999999999999998
6877,-12.0,0.09999999999999998
6878,3.0,0.09999999999999998
6879,-7.0,0.09999999999999998
6880,-11.0,0.09999999999999998
6881,-7.0,0.09999999999999998
6882,-10.0,0.09999999999999998
6883,-7.0,0.09999999999999998
6884,-8.0,0.09999999999999998
6885,-8.0,0.09999999999999998
6886,7.0,0.09999999999999998
6887,-6.0,0.09999999999999998
6888,-15.0,0.09999999999999998
6889,1.0,0.09999999999999998
6890,2.0,0.09999999999999998
6891,-3.0,0.09999999999999998
6892,-5.0,0.09999999999999998
6893,-1.0,0.09999999999999998
6894,-5.0,0.09999999999999998
6895,-13.0,0.09999999999999998
6896,-9.0,0.09999999999999998
6897,-5.0,0.09999999999999998
6898,3.0,0.09999999999999998
6899,-4.0,0.09999999999999998
6900,-3.0,0.09999999999999998
6901,4.0,0.09999999999999998
6902,9.0,0.09999999999999998
6903,-10.0,0.09999999999999998
6904,-9.0,0.09999999999999998
6905,-12.0,0.09999999999999998
6906,-11.0,0.09999999999999998
6907,-1.0,0.09999999999999998
6908,-7.0,0.09999999999999998
6909,-2.0,0.09999999999999998
6910,-7.0,0.09999999999999998
6911,-7.0,0.09999999999999998
6912,-7.0,0.09999999999999998
6913,-10.0,0.09999999999999998
6914,3.0,0.09999999999999998
6915,-12.0,0.09999999999999998
6916,-12.0,0.09999999999999998
6917,-8.0,0.09999999999999998
6918,4.0,0.09999999999999998
6919,-2.0,0.09999999999999998
6920,5.0,0.09999999999999998
6921,-5.0,0.09999999999999998
6922,4.0,0.09999999999999998
6923,7.0,0.09999999999999998
6924,-15.0,0.09999999999999998
6925,2.0,0.09999999999999998
6926,6.0,0.09999999999999998
6927,-10.0,0.09999999999999998
6928,-5.0,0.09999999999999998
6929,-8.0,0.09999999999999998
6930,4.0,0.09999999999999998
6931,-11.0,0.09999999999999998
6932,-2.0,0.09999999999999998
6933,-7.0,0.09999999999999998
6934,2.0,0.09999999999999998
6935,-1.0,0.09999999999999998
6936,-3.0,0.09999999999999998
6937,-4.0,0.09999999999999998
6938,-7.0,0.09999999999999998
6939,-7.0,0.09999999999999998
6940,-3.0,0.09999999999999998
6941,2.0,0.09999999999999998
6942,-6.0,0.09999999999999998
6943,-1.0,0.09999999999999998
6944,-3.0,0.09999999999999998
6945,-11.0,0.09999999999999998
6946,1.0,0.09999999999999998
6947,-9.0,0.09999999999999998
6948,-18.0,0.09999999999999998
6949,-12.0,0.09999999999999998
6950,-17.0,0.09999999999999998
6951,10.0,0.09999999999999998
6952,-5.0,0.09999999999999998
6953,-1.0,0.09999999999999998
6954,-5.0,0.09999999999999998
6955,-2.0,0.09999999999999998
6956,-8.0,0.09999999999999998
6957,3.0,0.09999999999999998
6958,-4.0,0.09999999999999998
6959,-1.0,0.09999999999999998
6960,-5.0,0.09999999999999998
6961,-8.0,0.09999999999999998
6962,-3.0,0.09999999999999998
6963,-11.0,0.09999999999999998
6964,-2.0,0.09999999999999998
6965,-4.0,0.09999999999999998
6966,-5.0,0.09999999999999998
6967,-7.0,0.09999999999999998
6968,-9.0,0.09999999999999998
6969,-12.0,0.09999999999999998
6970,6.0,0.09999999999999998
6971,-1.0,0.09999999999999998
6972,-1.0,0.09999999999999998
6973,-4.0,0.09999999999999998
6974,2.0,0.09999999999999998
6975,-1.0,0.09999999999999998
6976,-1.0,0.09999999999999998
6977,-10.0,0.09999999999999998
6978,6.0,0.09999999999999998
6979,2.0,0.09999999999999998
6980,-9.0,0.09999999999999998
6981,-11.0,0.09999999999999998
6982,-6.0,0.09999999999999998
6983,3.0,0.09999999999999998
6984,-11.0,0.09999999999999998
6985,-1.0,0.09999999999999998
6986,-12.0,0.09999999999999998
6987,-9.0,0.09999999999999998
6988,-4.0,0.09999999999999998
6989,-4.0,0.09999999999999998
6990,-9.0,0.09999999999999998
6991,5.0,0.09999999999999998
6992,3.0,0.09999999999999998
6993,-4.0,0.09999999999999998
6994,-6.0,0.09999999999999998
6995,-9.0,0.09999999999999998
6996,-4.0,0.09999999999999998
6997,-3.0,0.09999999999999998
6998,2.0,0.09999999999999998
6999,-10.0,0.09999999999999998
7000,-9.0,0.09999999999999998
7001,6.0,0.09999999999999998
7002,-4.0,0.09999999999999998
7003,11.0,0.09999999999999998
7004,-13.0,0.09999999999999998
7005,-2.0,0.09999999999999998
7006,-7.0,0.09999999999999998
7007,-5.0,0.09999999999999998
7008,5.0,0.09999999999999998
7009,-3.0,0.09999999999999998
7010,-14.0,0.09999999999999998
7011,-3.0,0.09999999999999998
7012,-7.0,0.09999999999999998
7013,-1.0,0.09999999999999998
7014,-11.0,0.09999999999999998
7015,-12.0,0.09999999999999998
7016,-4.0,0.09999999999999998
7017,-2.0,0.09999999999999998
7018,-13.0,0.09999999999999998
7019,-5.0,0.09999999999999998
7020,-2.0,0.09999999999999998
7021,13.0,0.09999999999999998
7022,-9.0,0.09999999999999998
7023,-5.0,0.09999999999999998
7024,7.0,0.09999999999999998
7025,3.0,0.09999999999999998
7026,6.0,0.09999999999999998
7027,-3.0,0.09999999999999998
7028,-7.0,0.09999999999999998
7029,3.0,0.09999999999999998
7030,2.0,0.09999999999999998
7031,-5.0,0.09999999999999998
7032,-5.0,0.09999999999999998
7033,-2.0,0.09999999999999998
7034,-10.0,0.09999999999999998
7035,-6.0,0.09999999999999998
7036,-4.0,0.09999999999999998
7037,-8.0,0.09999999999999998
7038,-6.0,0.09999999999999998
7039,-7.0,0.09999999999999998
7040,-9.0,0.09999999999999998
7041,-14.0,0.09999999999999998
7042,3.0,0.09999999999999998
7043,-3.0,0.09999999999999998
7044,2.0,0.09999999999999998
7045,-11.0,0.09999999999999998
7046,2.0,0.09999999999999998
7047,-11.0,0.09999999999999998
7048,-5.0,0.09999999999999998
7049,7.0,0.09999999999999998
7050,-2.0,0.09999999999999998
7051,-6.0,0.09999999999999998
7052,-1.0,0.09999999999999998
7053,1.0,0.09999999999999998
7054,-14.0,0.09999999999999998
7055,-4.0,0.09999999999999998
7056,-11.0,0.09999999999999998
7057,-3.0,0.09999999999999998
7058,-1.0,0.09999999999999998
7059,-11.0,0.09999999999999998
7060,5.0,0.09999999999999998
7061,-6.0,0.09999999999999998
7062,-1.0,0.09999999999999998
7063,1.0,0.09999999999999998
7064,-1.0,0.09999999999999998
7065,-1.0,0.09999999999999998
7066,-4.0,0.09999999999999998
7067,-12.0,0.09999999999999998
7068,-5.0,0.09999999999999998
7069,1.0,0.09999999999999998
7070,4.0,0.09999999999999998
7071,-4.0,0.09999999999999998
7072,-2.0,0.09999999999999998
7073,1.0,0.09999999999999998
7074,7.0,0.09999999999999998
7075,-13.0,0.09999999999999998
7076,-8.0,0.09999999999999998
7077,-4.0,0.09999999999999998
7078,-11.0,0.09999999999999998
7079,-9.0,0.09999999999999998
7080,1.0,0.09999999999999998
7081,-9.0,0.09999999999999998
7082,7.0,0.09999999999999998
7083,-3.0,0.09999999999999998
7084,-7.0,0.09999999999999998
7085,-7.0,0.09999999999999998
7086,-10.0,0.09999999999999998
7087,-5.0,0.09999999999999998
7088,-4.0,0.09999999999999998
7089,-7.0,0.09999999999999998
7090,-7.0,0.09999999999999998
7091,-6.0,0.09999999999999998
7092,-3.0,0.09999999999999998
7093,1.0,0.09999999999999998
7094,3.0,0.09999999999999998
7095,-7.0,0.09999999999999998
7096,7.0,0.09999999999999998
7097,-1.0,0.09999999999999998
7098,-11.0,0.09999999999999998
7099,-6.0,0.09999999999999998
7100,-11.0,0.09999999999999998
7101,6.0,0.09999999999999998
7102,12.0,0.09999999999999998
7103,-3.0,0.09999999999999998
7104,3.0,0.09999999999999998
7105,2.0,0.09999999999999998
7106,-7.0,0.09999999999999998
7107,-12.0,0.09999999999999998
7108,-8.0,0.09999999999999998
7109,5.0,0.09999999999999998
7110,5.0,0.09999999999999998
7111,-3.0,0.09999999999999998
7112,9.0,0.09999999999999998
7113,1.0,0.09999999999999998
7114,-7.0,0.09999999999999998
7115,2.0,0.09999999999999998
7116,-10.0,0.09999999999999998
7117,-9.0,0.09999999999999998
7118,-1.0,0.09999999999999998
7119,-2.0,0.09999999999999998
7120,-11.0,0.09999999999999998
7121,-6.0,0.09999999999999998
7122,-6.0,0.09999999999999998
7123,1.0,0.09999999999999998
7124,8.0,0.09999999999999998
7125,-3.0,0.09999999999999998
7126,-9.0,0.09999999999999998
7127,-13.0,0.09999999999999998
7128,-8.0,0.09999999999999998
7129,-8.0,0.09999999999999998
7130,-9.0,0.09999999999999998
7131,-4.0,0.09999999999999998
7132,-4.0,0.09999999999999998
7133,2.0,0.09999999999999998
7134,-15.0,0.09999999999999998
7135,-7.0,0.09999999999999998
7136,-13.0,0.09999999999999998
7137,1.0,0.09999999999999998
7138,-12.0,0.09999999999999998
7139,1.0,0.09999999999999998
7140,-2.0,0.09999999999999998
7141,-4.0,0.09999999999999998
7142,1.0,0.09999999999999998
7143,-4.0,0.09999999999999998
7144,-7.0,0.09999999999999998
7145,-4.0,0.09999999999999998
7146,2.0,0.09999999999999998
7147,-7.0,0.09999999999999998
7148,-1.0,0.09999999999999998
7149,-7.0,0.09999999999999998
7150,-2.0,0.09999999999999998
7151,-7.0,0.09999999999999998
7152,7.0,0.09999999999999998
7153,-10.0,0.09999999999999998
7154,-7.0,0.09999999999999998
7155,-10.0,0.09999999999999998
7156,-8.0,0.09999999999999998
7157,-5.0,0.09999999999999998
7158,-5.0,0.09999999999999998
7159,-9.0,0.09999999999999998
7160,-7.0,0.09999999999999998
7161,1.0,0.09999999999999998
7162,-6.0,0.09999999999999998
7163,-8.0,0.09999999999999998
7164,-11.0,0.09999999999999998
7165,-7.0,0.09999999999999998
7166,-4.0,0.09999999999999998
7167,-2.0,0.09999999999999998
7168,4.0,0.09999999999999998
7169,-11.0,0.09999999999999998
7170,-10.0,0.09999999999999998
7171,-3.0,0.09999999999999998
7172,1.0,0.09999999999999998
7173,-5.0,0.09999999999999998
7174,-4.0,0.09999999999999998
7175,-8.0,0.09999999999999998
7176,-1.0,0.09999999999999998
7177,-3.0,0.09999999999999998
7178,-7.0,0.09999999999999998
7179,4.0,0.09999999999999998
7180,-8.0,0.09999999999999998
7181,-12.0,0.09999999999999998
7182,-4.0,0.09999999999999998
7183,-4.0,0.09999999999999998
7184,8.0,0.09999999999999998
7185,-2.0,0.09999999999999998
7186,-4.0,0.09999999999999998
7187,2.0,0.09999999999999998
7188,-4.0,0.09999999999999998
7189,8.0,0.09999999999999998
7190,-3.0,0.09999999999999998
7191,-8.0,0.09999999999999998
7192,-7.0,0.09999999999999998
7193,-9.0,0.09999999999999998
7194,2.0,0.09999999999999998
7195,-10.0,0.09999999999999998
7196,-9.0,0.09999999999999998
7197,-7.0,0.09999999999999998
7198,-7.0,0.09999999999999998
7199,-5.0,0.09999999999999998
7200,10.0,0.09999999999999998
7201,7.0,0.09999999999999998
7202,-8.0,0.09999999999999998
7203,-3.0,0.09999999999999998
7204,-4.0,0.09999999999999998
7205,6.0,0.09999999999999998
7206,-4.0,0.09999999999999998
7207,2.0,0.09999999999999998
7208,5.0,0.09999999999999998
7209,-7.0,0.09999999999999998
7210,-8.0,0.09999999999999998
7211,-4.0,0.09999999999999998
7212,-9.0,0.09999999999999998
7213,-11.0,0.09999999999999998
7214,1.0,0.09999999999999998
7215,4.0,0.09999999999999998
7216,-4.0,0.09999999999999998
7217,-10.0,0.09999999999999998
7218,-4.0,0.09999999999999998
7219,-8.0,0.09999999999999998
7220,6.0,0.09999999999999998
7221,-13.0,0.09999999999999998
7222,-1.0,0.09999999999999998
7223,-1.0,0.09999999999999998
7224,6.0,0.09999999999999998
7225,1.0,0.09999999999999998
7226,-3.0,0.09999999999999998
7227,-8.0,0.09999999999999998
7228,-7.0,0.09999999999999998
7229,4.0,0.09999999999999998
7230,5.0,0.09999999999999998
7231,-6.0,0.09999999999999998
7232,-8.0,0.09999999999999998
7233,1.0,0.09999999999999998
7234,6.0,0.09999999999999998
7235,1.0,0.09999999999999998
7236,6.0,0.09999999999999998
7237,-5.0,0.09999999999999998
7238,-7.0,0.09999999999999998
7239,-6.0,0.09999999999999998
7240,-4.0,0.09999999999999998
7241,-7.0,0.09999999999999998
7242,-2.0,0.09999999999999998
7243,-9.0,0.09999999999999998
7244,-7.0,0.09999999999999998
7245,-7.0,0.09999999999999998
7246,-11.0,0.09999999999999998
7247,-2.0,0.09999999999999998
7248,-9.0,0.09999999999999998
7249,7.0,0.09999999999999998
7250,-7.0,0.09999999999999998
7251,-13.0,0.09999999999999998
7252,-8.0,0.09999999999999998
7253,-8.0,0.09999999999999998
7254,-1.0,0.09999999999999998
7255,-15.0,0.09999999999999998
7256,-2.0,0.09999999999999998
7257,7.0,0.09999999999999998
7258,-3.0,0.09999999999999998
7259,-6.0,0.09999999999999998
7260,-5.0,0.09999999999999998
7261,-4.0,0.09999999999999998
7262,-2.0,0.09999999999999998
7263,-3.0,0.09999999999999998
7264,-3.0,0.09999999999999998
7265,-10.0,0.09999999999999998
7266,-6.0,0.09999999999999998
7267,-3.0,0.09999999999999998
7268,-9.0,0.09999999999999998
7269,-9.0,0.09999999999999998
7270,-4.0,0.09999999999999998
7271,9.0,0.09999999999999998
7272,-3.0,0.09999999999999998
7273,-6.0,0.09999999999999998
7274,-4.0,0.09999999999999998
7275,-8.0,0.09999999999999998
7276,5.0,0.09999999999999998
7277,-9.0,0.09999999999999998
7278,-10.0,0.09999999999999998
7279,-6.0,0.09999999999999998
7280,-9.0,0.09999999999999998
7281,-9.0,0.09999999999999998
7282,-2.0,0.09999999999999998
7283,-4.0,0.09999999999999998
7284,4.0,0.09999999999999998
7285,-2.0,0.09999999999999998
7286,1.0,0.09999999999999998
7287,-4.0,0.09999999999999998
7288,-6.0,0.09999999999999998
7289,1.0,0.09999999999999998
7290,-3.0,0.09999999999999998
7291,-15.0,0.09999999999999998
7292,2.0,0.09999999999999998
7293,-7.0,0.09999999999999998
7294,2.0,0.09999999999999998
7295,4.0,0.09999999999999998
7296,-1.0,0.09999999999999998
7297,-11.0,0.09999999999999998
7298,-2.0,0.09999999999999998
7299,-6.0,0.09999999999999998
7300,1.0,0.09999999999999998
7301,-10.0,0.09999999999999998
7302,-9.0,0.09999999999999998
7303,6.0,0.09999999999999998
7304,-9.0,0.09999999999999998
7305,-6.0,0.09999999999999998
7306,-6.0,0.09999999999999998
7307,2.0,0.09999999999999998
7308,6.0,0.09999999999999998
7309,3.0,0.09999999999999998
7310,-8.0,0.09999999999999998
7311,9.0,0.09999999999999998
7312,-8.0,0.09999999999999998
7313,-2.0,0.09999999999999998
7314,-2.0,0.09999999999999998
7315,1.0,0.09999999999999998
7316,-4.0,0.09999999999999998
7317,-4.0,0.09999999999999998
7318,-10.0,0.09999999999999998
7319,2.0,0.09999999999999998
7320,-13.0,0.09999999999999998
7321,-8.0,0.09999999999999998
7322,1.0,0.09999999999999998
7323,-3.0,0.09999999999999998
7324,-3.0,0.09999999999999998
7325,-3.0,0.09999999999999998
7326,-9.0,0.09999999999999998
7327,-6.0,0.09999999999999998
7328,-2.0,0.09999999999999998
7329,6.0,0.09999999999999998
7330,-9.0,0.09999999999999998
7331,-6.0,0.09999999999999998
7332,-7.0,0.09999999999999998
7333,4.0,0.09999999999999998
7334,-5.0,0.09999999999999998
7335,-3.0,0.09999999999999998
7336,-4.0,0.09999999999999998
7337,7.0,0.09999999999999998
7338,-10.0,0.09999999999999998
7339,-6.0,0.09999999999999998
7340,-10.0,0.09999999999999998
7341,7.0,0.09999999999999998
7342,-1.0,0.09999999999999998
7343,-4.0,0.09999999999999998
7344,6.0,0.09999999999999998
7345,7.0,0.09999999999999998
7346,-2.0,0.09999999999999998
7347,-6.0,0.09999999999999998
7348,4.0,0.09999999999999998
7349,-8.0,0.09999999999999998
7350,-3.0,0.09999999999999998
7351,4.0,0.09999999999999998
7352,-13.0,0.09999999999999998
7353,-13.0,0.09999999999999998
7354,5.0,0.09999999999999998
7355,-3.0,0.09999999999999998
7356,-9.0,0.09999999999999998
7357,-7.0,0.09999999999999998
7358,6.0,0.09999999999999998
7359,-8.0,0.09999999999999998
7360,-6.0,0.09999999999999998
7361,-1.0,0.09999999999999998
7362,-11.0,0.09999999999999998
7363,10.0,0.09999999999999998
7364,-1.0,0.09999999999999998
7365,-1.0,0.09999999999999998
7366,-7.0,0.09999999999999998
7367,-1.0,0.09999999999999998
7368,3.0,0.09999999999999998
7369,-7.0,0.09999999999999998
7370,-6.0,0.09999999999999998
7371,-10.0,0.09999999999999998
7372,-2.0,0.09999999999999998
7373,-6.0,0.09999999999999998
7374,-3.0,0.09999999999999998
7375,1.0,0.09999999999999998
7376,-4.0,0.09999999999999998
7377,-14.0,0.09999999999999998
7378,-2.0,0.09999999999999998
7379,-13.0,0.09999999999999998
7380,-3.0,0.09999999999999998
7381,-6.0,0.09999999999999998
7382,-4.0,0.09999999999999998
7383,1.0,0.09999999999999998
7384,-9.0,0.09999999999999998
7385,-6.0,0.09999999999999998
7386,-11.0,0.09999999999999998
7387,-8.0,0.09999999999999998
7388,-12.0,0.09999999999999998
7389,-5.0,0.09999999999999998
7390,-3.0,0.09999999999999998
7391,-12.0,0.09999999999999998
7392,-5.0,0.09999999999999998
7393,9.0,0.09999999999999998
7394,-11.0,0.09999999999999998
7395,-4.0,0.09999999999999998
7396,-4.0,0.09999999999999998
7397,-10.0,0.09999999999999998
7398,-12.0,0.09999999999999998
7399,-10.0,0.09999999999999998
7400,-9.0,0.09999999999999998
7401,-7.0,0.09999999999999998
7402,-2.0,0.09999999999999998
7403,-2.0,0.09999999999999998
7404,-12.0,0.09999999999999998
7405,15.0,0.09999999999999998
7406,-9.0,0.09999999999999998
7407,-15.0,0.09999999999999998
7408,-10.0,0.09999999999999998
7409,-11.0,0.09999999999999998
7410,-7.0,0.09999999999999998
7411,-5.0,0.09999999999999998
7412,-4.0,0.09999999999999998
7413,-2.0,0.09999999999999998
7414,-3.0,0.09999999999999998
7415,10.0,0.09999999999999998
7416,2.0,0.09999999999999998
7417,-8.0,0.09999999999999998
7418,-10.0,0.09999999999999998
7419,5.0,0.09999999999999998
7420,1.0,0.09999999999999998
7421,-1.0,0.09999999999999998
7422,-6.0,0.09999999999999998
7423,2.0,0.09999999999999998
7424,1.0,0.09999999999999998
7425,6.0,0.09999999999999998
7426,-3.0,0.09999999999999998
7427,-5.0,0.09999999999999998
7428,3.0,0.09999999999999998
7429,2.0,0.09999999999999998
7430,-5.0,0.09999999999999998
7431,-8.0,0.09999999999999998
7432,1.0,0.09999999999999998
7433,2.0,0.09999999999999998
7434,3.0,0.09999999999999998
7435,-9.0,0.09999999999999998
7436,-3.0,0.09999999999999998
7437,2.0,0.09999999999999998
7438,1.0,0.09999999999999998
7439,-1.0,0.09999999999999998
7440,-6.0,0.09999999999999998
7441,1.0,0.09999999999999998
7442,-5.0,0.09999999999999998
7443,-7.0,0.09999999999999998
7444,1.0,0.09999999999999998
7445,-7.0,0.09999999999999998
7446,-6.0,0.09999999999999998
7447,-6.0,0.09999999999999998
7448,1.0,0.09999999999999998
7449,-14.0,0.09999999999999998
7450,-9.0,0.09999999999999998
7451,-6.0,0.09999999999999998
7452,3.0,0.09999999999999998
7453,2.0,0.09999999999999998
7454,-4.0,0.09999999999999998
7455,2.0,0.09999999999999998
7456,-2.0,0.09999999999999998
7457,3.0,0.09999999999999998
7458,-4.0,0.09999999999999998
7459,-6.0,0.09999999999999998
7460,-6.0,0.09999999999999998
7461,-7.0,0.09999999999999998
7462,-8.0,0.09999999999999998
7463,-8.0,0.09999999999999998
7464,-2.0,0.09999999999999998
7465,-7.0,0.09999999999999998
7466,-7.0,0.09999999999999998
7467,-10.0,0.09999999999999998
7468,-8.0,0.09999999999999998
7469,-5.0,0.09999999999999998
7470,-10.0,0.09999999999999998
7471,-9.0,0.09999999999999998
7472,-6.0,0.09999999999999998
7473,8.0,0.09999999999999998
7474,-16.0,0.09999999999999998
7475,-8.0,0.09999999999999998
7476,-2.0,0.09999999999999998
7477,-2.0,0.09999999999999998
7478,-11.0,0.09999999999999998
7479,3.0,0.09999999999999998
7480,-11.0,0.09999999999999998
7481,-9.0,0.09999999999999998
7482,-2.0,0.09999999999999998
7483,-10.0,0.09999999999999998
7484,-3.0,0.09999999999999998
7485,-5.0,0.09999999999999998
7486,6.0,0.09999999999999998
7487,-7.0,0.09999999999999998
7488,-8.0,0.09999999999999998
7489,-7.0,0.09999999999999998
7490,-3.0,0.09999999999999998
7491,-10.0,0.09999999999999998
7492,-7.0,0.09999999999999998
7493,-2.0,0.09999999999999998
7494,-5.0,0.09999999999999998
7495,5.0,0.09999999999999998
7496,-4.0,0.09999999999999998
7497,-8.0,0.09999999999999998
7498,-7.0,0.09999999999999998
7499,-10.0,0.09999999999999998
7500,-13.0,0.09999999999999998
7501,-9.0,0.09999999999999998
7502,-10.0,0.09999999999999998
7503,-9.0,0.09999999999999998
7504,4.0,0.09999999999999998
7505,-7.0,0.09999999999999998
7506,1.0,0.09999999999999998
7507,-1.0,0.09999999999999998
7508,-6.0,0.09999999999999998
7509,-5.0,0.09999999999999998
7510,-8.0,0.09999999999999998
7511,-1.0,0.09999999999999998
7512,-5.0,0.09999999999999998
7513,4.0,0.09999999999999998
7514,-10.0,0.09999999999999998
7515,1.0,0.09999999999999998
7516,-13.0,0.09999999999999998
7517,2.0,0.09999999999999998
7518,-4.0,0.09999999999999998
7519,-3.0,0.09999999999999998
7520,-12.0,0.09999999999999998
7521,-10.0,0.09999999999999998
7522,-8.0,0.09999999999999998
7523,-8.0,0.09999999999999998
7524,-8.0,0.09999999999999998
7525,-4.0,0.09999999999999998
7526,2.0,0.09999999999999998
7527,-2.0,0.09999999999999998
7528,1.0,0.09999999999999998
7529,-5.0,0.09999999999999998
7530,-7.0,0.09999999999999998
7531,-11.0,0.09999999999999998
7532,-3.0,0.09999999999999998
7533,-5.0,0.09999999999999998
7534,4.0,0.09999999999999998
7535,-9.0,0.09999999999999998
7536,1.0,0.09999999999999998
7537,-2.0,0.09999999999999998
7538,-6.0,0.09999999999999998
7539,-4.0,0.09999999999999998
7540,-3.0,0.09999999999999998
7541,-3.0,0.09999999999999998
7542,-5.0,0.09999999999999998
7543,1.0,0.09999999999999998
7544,-10.0,0.09999999999999998
7545,-9.0,0.09999999999999998
7546,1.0,0.09999999999999998
7547,-4.0,0.09999999999999998
7548,-2.0,0.09999999999999998
7549,7.0,0.09999999999999998
7550,-1.0,0.09999999999999998
7551,-13.0,0.09999999999999998
7552,-8.0,0.09999999999999998
7553,-4.0,0.09999999999999998
7554,-6.0,0.09999999999999998
7555,-12.0,0.09999999999999998
7556,-6.0,0.09999999999999998
7557,-7.0,0.09999999999999998
7558,-12.0,0.09999999999999998
7559,-3.0,0.09999999999999998
7560,-2.0,0.09999999999999998
7561,-13.0,0.09999999999999998
7562,-4.0,0.09999999999999998
7563,6.0,0.09999999999999998
7564,-7.0,0.09999999999999998
7565,-6.0,0.09999999999999998
7566,-5.0,0.09999999999999998
7567,-4.0,0.09999999999999998
7568,-3.0,0.09999999999999998
7569,-1.0,0.09999999999999998
7570,-6.0,0.09999999999999998
7571,-8.0,0.09999999999999998
7572,-10.0,0.09999999999999998
7573,-4.0,0.09999999999999998
7574,-11.0,0.09999999999999998
7575,-8.0,0.09999999999999998
7576,-9.0,0.09999999999999998
7577,-5.0,0.09999999999999998
7578,-12.0,0.09999999999999998
7579,-8.0,0.09999999999999998
7580,3.0,0.09999999999999998
7581,4.0,0.09999999999999998
7582,-14.0,0.09999999999999998
7583,-9.0,0.09999999999999998
7584,-10.0,0.09999999999999998
7585,-8.0,0.09999999999999998
7586,-1.0,0.09999999999999998
7587,-9.0,0.09999999999999998
7588,-7.0,0.09999999999999998
7589,-8.0,0.09999999999999998
7590,-7.0,0.09999999999999998
7591,-9.0,0.09999999999999998
7592,-1.0,0.09999999999999998
7593,4.0,0.09999999999999998
7594,-5.0,0.09999999999999998
7595,-7.0,0.09999999999999998
7596,-16.0,0.09999999999999998
7597,-8.0,0.09999999999999998
7598,-11.0,0.09999999999999998
7599,-11.0,0.09999999999999998
7600,2.0,0.09999999999999998
7601,-2.0,0.09999999999999998
7602,-2.0,0.09999999999999998
7603,-11.0,0.09999999999999998
7604,-5.0,0.09999999999999998
7605,13.0,0.09999999999999998
7606,-7.0,0.09999999999999998
7607,-4.0,0.09999999999999998
7608,4.0,0.09999999999999998
7609,-7.0,0.09999999999999998
7610,-3.0,0.09999999999999998
7611,-8.0,0.09999999999999998
7612,-11.0,0.09999999999999998
7613,1.0,0.09999999999999998
7614,-6.0,0.09999999999999998
7615,-3.0,0.09999999999999998
7616,-9.0,0.09999999999999998
7617,-5.0,0.09999999999999998
7618,-9.0,0.09999999999999998
7619,-11.0,0.09999999999999998
7620,-3.0,0.09999999999999998
7621,-7.0,0.09999999999999998
7622,-1.0,0.09999999999999998
7623,-1.0,0.09999999999999998
7624,-1.0,0.09999999999999998
7625,-8.0,0.09999999999999998
7626,9.0,0.09999999999999998
7627,-10.0,0.09999999999999998
7628,-1.0,0.09999999999999998
7629,-1.0,0.09999999999999998
7630,-7.0,0.09999999999999998
7631,-1.0,0.09999999999999998
7632,1.0,0.09999999999999998
7633,-6.0,0.09999999999999998
7634,-6.0,0.09999999999999998
7635,-12.0,0.09999999999999998
7636,-3.0,0.09999999999999998
7637,-3.0,0.09999999999999998
7638,-14.0,0.09999999999999998
7639,-8.0,0.09999999999999998
7640,-2.0,0.09999999999999998
7641,-6.0,0.09999999999999998
7642,-14.0,0.09999999999999998
7643,-9.0,0.09999999999999998
7644,8.0,0.09999999999999998
7645,6.0,0.09999999999999998
7646,-5.0,0.09999999999999998
7647,-7.0,0.09999999999999998
7648,-11.0,0.09999999999999998
7649,-1.0,0.09999999999999998
7650,2.0,0.09999999999999998
7651,1.0,0.09999999999999998
7652,-8.0,0.09999999999999998
7653,-4.0,0.09999999999999998
7654,-8.0,0.09999999999999998
7655,-10.0,0.09999999999999998
7656,-14.0,0.09999999999999998
7657,-6.0,0.09999999999999998
7658,-1.0,0.09999999999999998
7659,4.0,0.09999999999999998
7660,-2.0,0.09999999999999998
7661,7.0,0.09999999999999998
7662,6.0,0.09999999999999998
7663,2.0,0.09999999999999998
7664,-5.0,0.09999999999999998
7665,-7.0,0.09999999999999998
7666,-5.0,0.09999999999999998
7667,-10.0,0.09999999999999998
7668,-4.0,0.09999999999999998
7669,-5.0,0.09999999999999998
7670,9.0,0.09999999999999998
7671,-7.0,0.09999999999999998
7672,-2.0,0.09999999999999998
7673,-3.0,0.09999999999999998
7674,-2.0,0.09999999999999998
7675,-10.0,0.09999999999999998
7676,9.0,0.09999999999999998
7677,-3.0,0.09999999999999998
7678,-13.0,0.09999999999999998
7679,-10.0,0.09999999999999998
7680,-2.0,0.09999999999999998
7681,9.0,0.09999999999999998
7682,-4.0,0.09999999999999998
7683,-11.0,0.09999999999999998
7684,-9.0,0.09999999999999998
7685,2.0,0.09999999999999998
7686,3.0,0.09999999999999998
7687,6.0,0.09999999999999998
7688,1.0,0.09999999999999998
7689,-5.0,0.09999999999999998
7690,-6.0,0.09999999999999998
7691,-1.0,0.09999999999999998
7692,-9.0,0.09999999999999998
7693,4.0,0.09999999999999998
7694,-1.0,0.09999999999999998
7695,-10.0,0.09999999999999998
7696,-1.0,0.09999999999999998
7697,1.0,0.09999999999999998
7698,7.0,0.09999999999999998
7699,-7.0,0.09999999999999998
7700,4.0,0.09999999999999998
7701,4.0,0.09999999999999998
7702,-4.0,0.09999999999999998
7703,12.0,0.09999999999999998
7704,-12.0,0.09999999999999998
7705,5.0,0.09999999999999998
7706,-6.0,0.09999999999999998
7707,-12.0,0.09999999999999998
7708,-1.0,0.09999999999999998
7709,-7.0,0.09999999999999998
7710,-7.0,0.09999999999999998
7711,-10.0,0.09999999999999998
7712,-8.0,0.09999999999999998
7713,1.0,0.09999999999999998
7714,5.0,0.09999999999999998
7715,4.0,0.09999999999999998
7716,-5.0,0.09999999999999998
7717,-10.0,0.09999999999999998
7718,2.0,0.09999999999999998
7719,-8.0,0.09999999999999998
7720,3.0,0.09999999999999998
7721,3.0,0.09999999999999998
7722,-3.0,0.09999999999999998
7723,-12.0,0.09999999999999998
7724,-10.0,0.09999999999999998
7725,-9.0,0.09999999999999998
7726,-3.0,0.09999999999999998
7727,-8.0,0.09999999999999998
7728,-3.0,0.09999999999999998
7729,-3.0,0.09999999999999998
7730,-5.0,0.09999999999999998
7731,-1.0,0.09999999999999998
7732,1.0,0.09999999999999998
7733,-7.0,0.09999999999999998
7734,-6.0,0.09999999999999998
7735,-3.0,0.09999999999999998
7736,-16.0,0.09999999999999998
7737,-8.0,0.09999999999999998
7738,-3.0,0.09999999999999998
7739,-11.0,0.09999999999999998
7740,-8.0,0.09999999999999998
7741,-11.0,0.09999999999999998
7742,-10.0,0.09999999999999998
7743,-10.0,0.09999999999999998
7744,-11.0,0.09999999999999998
7745,-6.0,0.09999999999999998
7746,-8.0,0.09999999999999998
7747,-10.0,0.09999999999999998
7748,-10.0,0.09999999999999998
7749,-7.0,0.09999999999999998
7750,-7.0,0.09999999999999998
7751,-3.0,0.09999999999999998
7752,-9.0,0.09999999999999998
7753,-7.0,0.09999999999999998
7754,-4.0,0.09999999999999998
7755,-2.0,0.09999999999999998
7756,-3.0,0.09999999999999998
7757,-1.0,0.09999999999999998
7758,-7.0,0.09999999999999998
7759,-10.0,0.09999999999999998
7760,-10.0,0.09999999999999998
7761,-2.0,0.09999999999999998
7762,-14.0,0.09999999999999998
7763,-6.0,0.09999999999999998
7764,-9.0,0.09999999999999998
7765,-9.0,0.09999999999999998
7766,-8.0,0.09999999999999998
7767,-5.0,0.09999999999999998
7768,-10.0,0.09999999999999998
7769,-12.0,0.09999999999999998
7770,-1.0,0.09999999999999998
7771,-8.0,0.09999999999999998
7772,5.0,0.09999999999999998
7773,-10.0,0.09999999999999998
7774,5.0,0.09999999999999998
7775,1.0,0.09999999999999998
7776,-8.0,0.09999999999999998
7777,-6.0,0.09999999999999998
7778,-9.0,0.09999999999999998
7779,-12.0,0.09999999999999998
7780,-6.0,0.09999999999999998
7781,-1.0,0.09999999999999998
7782,2.0,0.09999999999999998
7783,-4.0,0.09999999999999998
7784,-2.0,0.09999999999999998
7785,-14.0,0.09999999999999998
7786,-6.0,0.09999999999999998
7787,-2.0,0.09999999999999998
7788,-3.0,0.09999999999999998
7789,-2.0,0.09999999999999998
7790,-4.0,0.09999999999999998
7791,-14.0,0.09999999999999998
7792,-6.0,0.09999999999999998
7793,-9.0,0.09999999999999998
7794,2.0,0.09999999999999998
7795,2.0,0.09999999999999998
7796,4.0,0.09999999999999998
7797,-8.0,0.09999999999999998
7798,-7.0,0.09999999999999998
7799,-2.0,0.09999999999999998
7800,2.0,0.09999999999999998
7801,3.0,0.09999999999999998
7802,-18.0,0.09999999999999998
7803,-13.0,0.09999999999999998
7804,-3.0,0.09999999999999998
7805,-8.0,0.09999999999999998
7806,-11.0,0.09999999999999998
7807,-4.0,0.09999999999999998
7808,-8.0,0.09999999999999998
7809,1.0,0.09999999999999998
7810,-6.0,0.09999999999999998
7811,9.0,0.09999999999999998
7812,-4.0,0.09999999999999998
7813,1.0,0.09999999999999998
7814,-2.0,0.09999999999999998
7815,7.0,0.09999999999999998
7816,4.0,0.09999999999999998
7817,-13.0,0.09999999999999998
7818,-7.0,0.09999999999999998
7819,-7.0,0.09999999999999998
7820,-15.0,0.09999999999999998
7821,2.0,0.09999999999999998
7822,-2.0,0.09999999999999998
7823,-12.0,0.09999999999999998
7824,-10.0,0.09999999999999998
7825,9.0,0.09999999999999998
7826,-18.0,0.09999999999999998
7827,-13.0,0.09999999999999998
7828,6.0,0.09999999999999998
7829,-5.0,0.09999999999999998
7830,-9.0,0.09999999999999998
7831,-1.0,0.09999999999999998
7832,-2.0,0.09999999999999998
7833,2.0,0.09999999999999998
7834,-3.0,0.09999999999999998
7835,-8.0,0.09999999999999998
7836,-6.0,0.09999999999999998
7837,2.0,0.09999999999999998
7838,-1.0,0.09999999999999998
7839,-6.0,0.09999999999999998
7840,-1.0,0.09999999999999998
7841,-1.0,0.09999999999999998
7842,1.0,0.09999999999999998
7843,-5.0,0.09999999999999998
7844,-5.0,0.09999999999999998
7845,-5.0,0.09999999999999998
7846,-1.0,0.09999999999999998
7847,1.0,0.09999999999999998
7848,-11.0,0.09999999999999998
7849,-10.0,0.09999999999999998
7850,-1.0,0.09999999999999998
7851,-10.0,0.09999999999999998
7852,-4.0,0.09999999999999998
7853,-11.0,0.09999999999999998
7854,-13.0,0.09999999999999998
7855,-6.0,0.09999999999999998
7856,-13.0,0.09999999999999998
7857,-4.0,0.09999999999999998
7858,-2.0,0.09999999999999998
7859,-11.0,0.09999999999999998
7860,-7.0,0.09999999999999998
7861,2.0,0.09999999999999998
7862,1.0,0.09999999999999998
7863,-2.0,0.09999999999999998
7864,-5.0,0.09999999999999998
7865,-2.0,0.09999999999999998
7866,-10.0,0.09999999999999998
7867,-2.0,0.09999999999999998
7868,-6.0,0.09999999999999998
7869,-11.0,0.09999999999999998
7870,-7.0,0.09999999999999998
7871,-8.0,0.09999999999999998
7872,6.0,0.09999999999999998
7873,-7.0,0.09999999999999998
7874,-4.0,0.09999999999999998
7875,-14.0,0.09999999999999998
7876,-9.0,0.09999999999999998
7877,-2.0,0.09999999999999998
7878,-8.0,0.09999999999999998
7879,-1.0,0.09999999999999998
7880,-11.0,0.09999999999999998
7881,-6.0,0.09999999999999998
7882,-3.0,0.09999999999999998
7883,-9.0,0.09999999999999998
7884,-8.0,0.09999999999999998
7885,-15.0,0.09999999999999998
7886,-9.0,0.09999999999999998
7887,-4.0,0.09999999999999998
7888,-15.0,0.09999999999999998
7889,1.0,0.09999999999999998
7890,4.0,0.09999999999999998
7891,4.0,0.09999999999999998
7892,-2.0,0.09999999999999998
7893,-7.0,0.09999999999999998
7894,-6.0,0.09999999999999998
7895,-9.0,0.09999999999999998
7896,-11.0,0.09999999999999998
7897,-3.0,0.09999999999999998
7898,5.0,0.09999999999999998
7899,-3.0,0.09999999999999998
7900,-8.0,0.09999999999999998
7901,-5.0,0.09999999999999998
7902,-7.0,0.09999999999999998
7903,-7.0,0.09999999999999998
7904,-9.0,0.09999999999999998
7905,-12.0,0.09999999999999998
7906,-3.0,0.09999999999999998
7907,-7.0,0.09999999999999998
7908,4.0,0.09999999999999998
7909,-9.0,0.09999999999999998
7910,-10.0,0.09999999999999998
7911,13.0,0.09999999999999998
7912,-5.0,0.09999999999999998
7913,-7.0,0.09999999999999998
7914,-4.0,0.09999999999999998
7915,-4.0,0.09999999999999998
7916,-11.0,0.09999999999999998
7917,-6.0,0.09999999999999998
7918,7.0,0.09999999999999998
7919,-4.0,0.09999999999999998
7920,-5.0,0.09999999999999998
7921,-12.0,0.09999999999999998
7922,-13.0,0.09999999999999998
7923,-13.0,0.09999999999999998
7924,-2.0,0.09999999999999998
7925,-3.0,0.09999999999999998
7926,9.0,0.09999999999999998
7927,-13.0,0.09999999999999998
7928,7.0,0.09999999999999998
7929,5.0,0.09999999999999998
7930,-15.0,0.09999999999999998
7931,-10.0,0.09999999999999998
7932,-6.0,0.09999999999999998
7933,-10.0,0.09999999999999998
7934,-10.0,0.09999999999999998
7935,-11.0,0.09999999999999998
7936,-6.0,0.09999999999999998
7937,-9.0,0.09999999999999998
7938,-2.0,0.09999999999999998
7939,-2.0,0.09999999999999998
7940,-3.0,0.09999999999999998
7941,-5.0,0.09999999999999998
7942,-6.0,0.09999999999999998
7943,-11.0,0.09999999999999998
7944,-10.0,0.09999999999999998
7945,-1.0,0.09999999999999998
7946,-3.0,0.09999999999999998
7947,-13.0,0.09999999999999998
7948,6.0,0.09999999999999998
7949,-7.0,0.09999999999999998
7950,-4.0,0.09999999999999998
7951,-1.0,0.09999999999999998
7952,-5.0,0.09999999999999998
7953,-9.0,0.09999999999999998
7954,-7.0,0.09999999999999998
7955,-7.0,0.09999999999999998
7956,-11.0,0.09999999999999998
7957,-4.0,0.09999999999999998
7958,-6.0,0.09999999999999998
7959,-7.0,0.09999999999999998
7960,4.0,0.09999999999999998
7961,-6.0,0.09999999999999998
7962,-11.0,0.09999999999999998
7963,-1.0,0.09999999999999998
7964,-7.0,0.09999999999999998
7965,-8.0,0.09999999999999998
7966,-8.0,0.09999999999999998
7967,-11.0,0.09999999999999998
7968,-11.0,0.09999999999999998
7969,2.0,0.09999999999999998
7970,-8.0,0.09999999999999998
7971,-12.0,0.09999999999999998
7972,-3.0,0.09999999999999998
7973,-7.0,0.09999999999999998
7974,-8.0,0.09999999999999998
7975,-10.0,0.09999999999999998
7976,-7.0,0.09999999999999998
7977,-9.0,0.09999999999999998
7978,-6.0,0.09999999999999998
7979,-11.0,0.09999999999999998
7980,-11.0,0.09999999999999998
7981,-13.0,0.09999999999999998
7982,-6.0,0.09999999999999998
7983,-7.0,0.09999999999999998
7984,-13.0,0.09999999999999998
7985,-1.0,0.09999999999999998
7986,-10.0,0.09999999999999998
7987,-9.0,0.09999999999999998
7988,-8.0,0.09999999999999998
7989,-1.0,0.09999999999999998
7990,-3.0,0.09999999999999998
7991,-14.0,0.09999999999999998
7992,12.0,0.09999999999999998
7993,-17.0,0.09999999999999998
7994,-4.0,0.09999999999999998
7995,-9.0,0.09999999999999998
7996,-4.0,0.09999999999999998
7997,-5.0,0.09999999999999998
7998,5.0,0.09999999999999998
7999,-6.0,0.09999999999999998
8000,-5.0,0.09999999999999998
8001,-14.0,0.09999999999999998
8002,-1.0,0.09999999999999998
8003,-10.0,0.09999999999999998
8004,-14.0,0.09999999999999998
8005,-3.0,0.09999999999999998
8006,1.0,0.09999999999999998
8007,4.0,0.09999999999999998
8008,-13.0,0.09999999999999998
8009,-13.0,0.09999999999999998
8010,-5.0,0.09999999999999998
8011,-11.0,0.09999999999999998
8012,-5.0,0.09999999999999998
8013,5.0,0.09999999999999998
8014,-1.0,0.09999999999999998
8015,-4.0,0.09999999999999998
8016,-9.0,0.09999999999999998
8017,-4.0,0.09999999999999998
8018,-6.0,0.09999999999999998
8019,-1.0,0.09999999999999998
8020,-2.0,0.09999999999999998
8021,-7.0,0.09999999999999998
8022,-13.0,0.09999999999999998
8023,-6.0,0.09999999999999998
8024,-7.0,0.09999999999999998
8025,-9.0,0.09999999999999998
8026,-5.0,0.09999999999999998
8027,4.0,0.09999999999999998
8028,-5.0,0.09999999999999998
8029,-13.0,0.09999999999999998
8030,5.0,0.09999999999999998
8031,-1.0,0.09999999999999998
8032,-7.0,0.09999999999999998
8033,8.0,0.09999999999999998
8034,-2.0,0.09999999999999998
8035,1.0,0.09999999999999998
8036,-4.0,0.09999999999999998
8037,-11.0,0.09999999999999998
8038,-7.0,0.09999999999999998
8039,-1.0,0.09999999999999998
8040,-7.0,0.09999999999999998
8041,-10.0,0.09999999999999998
8042,-1.0,0.09999999999999998
8043,-6.0,0.09999999999999998
8044,-4.0,0.09999999999999998
8045,-11.0,0.09999999999999998
8046,7.0,0.09999999999999998
8047,-13.0,0.09999999999999998
8048,-1.0,0.09999999999999998
8049,-5.0,0.09999999999999998
8050,1.0,0.09999999999999998
8051,-5.0,0.09999999999999998
8052,-3.0,0.09999999999999998
8053,3.0,0.09999999999999998
8054,6.0,0.09999999999999998
8055,-9.0,0.09999999999999998
8056,-8.0,0.09999999999999998
8057,-3.0,0.09999999999999998
8058,-6.0,0.09999999999999998
8059,-4.0,0.09999999999999998
8060,-4.0,0.09999999999999998
8061,-14.0,0.09999999999999998
8062,7.0,0.09999999999999998
8063,-9.0,0.09999999999999998
8064,-7.0,0.09999999999999998
8065,-7.0,0.09999999999999998
8066,-11.0,0.09999999999999998
8067,-10.0,0.09999999999999998
8068,-9.0,0.09999999999999998
8069,-13.0,0.09999999999999998
8070,-10.0,0.09999999999999998
8071,-1.0,0.09999999999999998
8072,2.0,0.09999999999999998
8073,2.0,0.09999999999999998
8074,4.0,0.09999999999999998
8075,-6.0,0.09999999999999998
8076,3.0,0.09999999999999998
8077,-10.0,0.09999999999999998
8078,-6.0,0.09999999999999998
8079,-2.0,0.09999999999999998
8080,-7.0,0.09999999999999998
8081,-11.0,0.09999999999999998
8082,-4.0,0.09999999999999998
8083,-6.0,0.09999999999999998
8084,-12.0,0.09999999999999998
8085,-3.0,0.09999999999999998
8086,-1.0,0.09999999999999998
8087,-7.0,0.09999999999999998
8088,-8.0,0.09999999999999998
8089,-12.0,0.09999999999999998
8090,-8.0,0.09999999999999998
8091,-16.0,0.09999999999999998
8092,-7.0,0.09999999999999998
8093,-2.0,0.09999999999999998
8094,-4.0,0.09999999999999998
8095,-2.0,0.09999999999999998
8096,-3.0,0.09999999999999998
8097,-4.0,0.09999999999999998
8098,-5.0,0.09999999999999998
8099,-5.0,0.09999999999999998
8100,-8.0,0.09999999999999998
8101,-1.0,0.09999999999999998
8102,-9.0,0.09999999999999998
8103,-3.0,0.09999999999999998
8104,-4.0,0.09999999999999998
8105,-9.0,0.09999999999999998
8106,-14.0,0.09999999999999998
8107,-16.0,0.09999999999999998
8108,-4.0,0.09999999999999998
8109,-8.0,0.09999999999999998
8110,-10.0,0.09999999999999998
8111,-3.0,0.09999999999999998
8112,-8.0,0.09999999999999998
8113,-6.0,0.09999999999999998
8114,6.0,0.09999999999999998
8115,-15.0,0.09999999999999998
8116,-9.0,0.09999999999999998
8117,5.0,0.09999999999999998
8118,-6.0,0.09999999999999998
8119,7.0,0.09999999999999998
8120,-8.0,0.09999999999999998
8121,-14.0,0.09999999999999998
8122,-1.0,0.09999999999999998
8123,-7.0,0.09999999999999998
8124,-1.0,0.09999999999999998
8125,-13.0,0.09999999999999998
8126,4.0,0.09999999999999998
8127,5.0,0.09999999999999998
8128,-5.0,0.09999999999999998
8129,-6.0,0.09999999999999998
8130,-1.0,0.09999999999999998
8131,2.0,0.09999999999999998
8132,1.0,0.09999999999999998
8133,10.0,0.09999999999999998
8134,-6.0,0.09999999999999998
8135,-8.0,0.09999999999999998
8136,-15.0,0.09999999999999998
8137,-13.0,0.09999999999999998
8138,-5.0,0.09999999999999998
8139,1.0,0.09999999999999998
8140,-9.0,0.09999999999999998
8141,-13.0,0.09999999999999998
8142,-6.0,0.09999999999999998
8143,-5.0,0.09999999999999998
8144,2.0,0.09999999999999998
8145,-3.0,0.09999999999999998
8146,-7.0,0.09999999999999998
8147,-7.0,0.09999999999999998
8148,2.0,0.09999999999999998
8149,-8.0,0.09999999999999998
8150,3.0,0.09999999999999998
8151,-11.0,0.09999999999999998
8152,-6.0,0.09999999999999998
8153,-9.0,0.09999999999999998
8154,3.0,0.09999999999999998
8155,-4.0,0.09999999999999998
8156,2.0,0.09999999999999998
8157,-8.0,0.09999999999999998
8158,-14.0,0.09999999999999998
8159,-11.0,0.09999999999999998
8160,-4.0,0.09999999999999998
8161,-10.0,0.09999999999999998
8162,-13.0,0.09999999999999998
8163,-4.0,0.09999999999999998
8164,-3.0,0.09999999999999998
8165,-8.0,0.09999999999999998
8166,-1.0,0.09999999999999998
8167,5.0,0.09999999999999998
8168,-2.0,0.09999999999999998
8169,-8.0,0.09999999999999998
8170,-7.0,0.09999999999999998
8171,-3.0,0.09999999999999998
8172,-3.0,0.09999999999999998
8173,-9.0,0.09999999999999998
8174,-8.0,0.09999999999999998
8175,-1.0,0.09999999999999998
8176,-7.0,0.09999999999999998
8177,4.0,0.09999999999999998
8178,-4.0,0.09999999999999998
8179,-6.0,0.09999999999999998
8180,-8.0,0.09999999999999998
8181,-14.0,0.09999999999999998
8182,6.0,0.09999999999999998
8183,-13.0,0.09999999999999998
8184,-14.0,0.09999999999999998
8185,-9.0,0.09999999999999998
8186,-7.0,0.09999999999999998
8187,-15.0,0.09999999999999998
8188,5.0,0.09999999999999998
8189,-2.0,0.09999999999999998
8190,-6.0,0.09999999999999998
8191,-1.0,0.09999999999999998
8192,-2.0,0.09999999999999998
8193,-2.0,0.09999999999999998
8194,-3.0,0.09999999999999998
8195,-11.0,0.09999999999999998
8196,-6.0,0.09999999999999998
8197,-12.0,0.09999999999999998
8198,-6.0,0.09999999999999998
8199,-13.0,0.09999999999999998
8200,2.0,0.09999999999999998
8201,-14.0,0.09999999999999998
8202,-7.0,0.09999999999999998
8203,4.0,0.09999999999999998
8204,-8.0,0.09999999999999998
8205,-2.0,0.09999999999999998
8206,-16.0,0.09999999999999998
8207,-8.0,0.09999999999999998
8208,-8.0,0.09999999999999998
8209,-7.0,0.09999999999999998
8210,-5.0,0.09999999999999998
8211,-3.0,0.09999999999999998
8212,-2.0,0.09999999999999998
8213,3.0,0.09999999999999998
8214,-1.0,0.09999999999999998
8215,-7.0,0.09999999999999998
8216,1.0,0.09999999999999998
8217,-6.0,0.09999999999999998
8218,-10.0,0.09999999999999998
8219,-1.0,0.09999999999999998
8220,-7.0,0.09999999999999998
8221,-9.0,0.09999999999999998
8222,-9.0,0.09999999999999998
8223,-4.0,0.09999999999999998
8224,-4.0,0.09999999999999998
8225,-1.0,0.09999999999999998
8226,-11.0,0.09999999999999998
8227,-11.0,0.09999999999999998
8228,-4.0,0.09999999999999998
8229,4.0,0.09999999999999998
8230,-7.0,0.09999999999999998
8231,-7.0,0.09999999999999998
8232,-11.0,0.09999999999999998
8233,-9.0,0.09999999999999998
8234,-8.0,0.09999999999999998
8235,-4.0,0.09999999999999998
8236,-3.0,0.09999999999999998
8237,-15.0,0.09999999999999998
8238,-5.0,0.09999999999999998
8239,-9.0,0.09999999999999998
8240,-3.0,0.09999999999999998
8241,-6.0,0.09999999999999998
8242,-9.0,0.09999999999999998
8243,-11.0,0.09999999999999998
8244,-17.0,0.09999999999999998
8245,-9.0,0.09999999999999998
8246,-1.0,0.09999999999999998
8247,-5.0,0.09999999999999998
8248,3.0,0.09999999999999998
8249,-9.0,0.09999999999999998
8250,8.0,0.09999999999999998
8251,-10.0,0.09999999999999998
8252,-8.0,0.09999999999999998
8253,-3.0,0.09999999999999998
8254,7.0,0.09999999999999998
8255,-10.0,0.09999999999999998
8256,-3.0,0.09999999999999998
8257,-1.0,0.09999999999999998
8258,-1.0,0.09999999999999998
8259,-8.0,0.09999999999999998
8260,-3.0,0.09999999999999998
8261,-5.0,0.09999999999999998
8262,-9.0,0.09999999999999998
8263,-2.0,0.09999999999999998
8264,-1.0,0.09999999999999998
8265,-9.0,0.09999999999999998
8266,-7.0,0.09999999999999998
8267,-1.0,0.09999999999999998
8268,-1.0,0.09999999999999998
8269,-6.0,0.09999999999999998
8270,-1.0,0.09999999999999998
8271,-6.0,0.09999999999999998
8272,-6.0,0.09999999999999998
8273,-6.0,0.09999999999999998
8274,-9.0,0.09999999999999998
8275,-7.0,0.09999999999999998
8276,-1.0,0.09999999999999998
8277,-1.0,0.09999999999999998
8278,-4.0,0.09999999999999998
8279,-7.0,0.09999999999999998
8280,4.0,0.09999999999999998
8281,1.0,0.09999999999999998
8282,7.0,0.09999999999999998
8283,-8.0,0.09999999999999998
8284,-5.0,0.09999999999999998
8285,-1.0,0.09999999999999998
8286,-6.0,0.09999999999999998
8287,-7.0,0.09999999999999998
8288,-15.0,0.09999999999999998
8289,-4.0,0.09999999999999998
8290,-9.0,0.09999999999999998
8291,-6.0,0.09999999999999998
8292,-9.0,0.09999999999999998
8293,-2.0,0.09999999999999998
8294,-13.0,0.09999999999999998
8295,3.0,0.09999999999999998
8296,3.0,0.09999999999999998
8297,-8.0,0.09999999999999998
8298,-10.0,0.09999999999999998
8299,-8.0,0.09999999999999998
8300,-4.0,0.09999999999999998
8301,3.0,0.09999999999999998
8302,-14.0,0.09999999999999998
8303,-4.0,0.09999999999999998
8304,-15.0,0.09999999999999998
8305,-4.0,0.09999999999999998
8306,-12.0,0.09999999999999998
8307,-2.0,0.09999999999999998
8308,-1.0,0.09999999999999998
8309,-13.0,0.09999999999999998
8310,-9.0,0.09999999999999998
8311,8.0,0.09999999999999998
8312,-9.0,0.09999999999999998
8313,2.0,0.09999999999999998
8314,7.0,0.09999999999999998
8315,-13.0,0.09999999999999998
8316,-7.0,0.09999999999999998
8317,-8.0,0.09999999999999998
8318,-5.0,0.09999999999999998
8319,-11.0,0.09999999999999998
8320,-9.0,0.09999999999999998
8321,-6.0,0.09999999999999998
8322,6.0,0.09999999999999998
8323,-10.0,0.09999999999999998
8324,-1.0,0.09999999999999998
8325,1.0,0.09999999999999998
8326,-8.0,0.09999999999999998
8327,-2.0,0.09999999999999998
8328,-2.0,0.09999999999999998
8329,-2.0,0.09999999999999998
8330,-5.0,0.09999999999999998
8331,-1.0,0.09999999999999998
8332,-3.0,0.09999999999999998
8333,-7.0,0.09999999999999998
8334,-4.0,0.09999999999999998
8335,-15.0,0.09999999999999998
8336,-5.0,0.09999999999999998
8337,-2.0,0.09999999999999998
8338,-5.0,0.09999999999999998
8339,-11.0,0.09999999999999998
8340,-6.0,0.09999999999999998
8341,6.0,0.09999999999999998
8342,2.0,0.09999999999999998
8343,-2.0,0.09999999999999998
8344,-3.0,0.09999999999999998
8345,12.0,0.09999999999999998
8346,-14.0,0.09999999999999998
8347,-3.0,0.09999999999999998
8348,-2.0,0.09999999999999998
8349,1.0,0.09999999999999998
8350,7.0,0.09999999999999998
8351,-7.0,0.09999999999999998
8352,-11.0,0.09999999999999998
8353,-9.0,0.09999999999999998
8354,-1.0,0.09999999999999998
8355,-5.0,0.09999999999999998
8356,-8.0,0.09999999999999998
8357,3.0,0.09999999999999998
8358,-3.0,0.09999999999999998
8359,-18.0,0.09999999999999998
8360,-1.0,0.09999999999999998
8361,-5.0,0.09999999999999998
8362,-12.0,0.09999999999999998
8363,1.0,0.09999999999999998
8364,-4.0,0.09999999999999998
8365,-3.0,0.09999999999999998
8366,-5.0,0.09999999999999998
8367,-14.0,0.09999999999999998
8368,2.0,0.09999999999999998
8369,5.0,0.09999999999999998
8370,-1.0,0.09999999999999998
8371,-10.0,0.09999999999999998
8372,-2.0,0.09999999999999998
8373,-6.0,0.09999999999999998
8374,2.0,0.09999999999999998
8375,-5.0,0.09999999999999998
8376,-8.0,0.09999999999999998
8377,-12.0,0.09999999999999998
8378,6.0,0.09999999999999998
8379,-7.0,0.09999999999999998
8380,1.0,0.09999999999999998
8381,-1.0,0.09999999999999998
8382,-5.0,0.09999999999999998
8383,-2.0,0.09999999999999998
8384,-2.0,0.09999999999999998
8385,-6.0,0.09999999999999998
8386,-4.0,0.09999999999999998
8387,-1.0,0.09999999999999998
8388,-13.0,0.09999999999999998
8389,-7.0,0.09999999999999998
8390,1.0,0.09999999999999998
8391,-5.0,0.09999999999999998
8392,-10.0,0.09999999999999998
8393,-11.0,0.09999999999999998
8394,-9.0,0.09999999999999998
8395,-1.0,0.09999999999999998
8396,-7.0,0.09999999999999998
8397,-6.0,0.09999999999999998
8398,-6.0,0.09999999999999998
8399,1.0,0.09999999999999998
8400,4.0,0.09999999999999998
8401,2.0,0.09999999999999998
8402,-10.0,0.09999999999999998
8403,-6.0,0.09999999999999998
8404,-6.0,0.09999999999999998
8405,-9.0,0.09999999999999998
8406,1.0,0.09999999999999998
8407,-8.0,0.09999999999999998
8408,-9.0,0.09999999999999998
8409,-12.0,0.09999999999999998
8410,-11.0,0.09999999999999998
8411,-4.0,0.09999999999999998
8412,1.0,0.09999999999999998
8413,2.0,0.09999999999999998
8414,-5.0,0.09999999999999998
8415,-6.0,0.09999999999999998
8416,-8.0,0.09999999999999998
8417,-8.0,0.09999999999999998
8418,-1.0,0.09999999999999998
8419,-8.0,0.09999999999999998
8420,-2.0,0.09999999999999998
8421,-10.0,0.09999999999999998
8422,-8.0,0.09999999999999998
8423,-7.0,0.09999999999999998
8424,-1.0,0.09999999999999998
8425,-9.0,0.09999999999999998
8426,5.0,0.09999999999999998
8427,-9.0,0.09999999999999998
8428,-5.0,0.09999999999999998
8429,-2.0,0.09999999999999998
8430,-5.0,0.09999999999999998
8431,-16.0,0.09999999999999998
8432,-7.0,0.09999999999999998
8433,-12.0,0.09999999999999998
8434,-14.0,0.09999999999999998
8435,-7.0,0.09999999999999998
8436,-10.0,0.09999999999999998
8437,-5.0,0.09999999999999998
8438,-14.0,0.09999999999999998
8439,2.0,0.09999999999999998
8440,8.0,0.09999999999999998
8441,-2.0,0.09999999999999998
8442,-4.0,0.09999999999999998
8443,3.0,0.09999999999999998
8444,-4.0,0.09999999999999998
8445,-12.0,0.09999999999999998
8446,-4.0,0.09999999999999998
8447,-13.0,0.09999999999999998
8448,-8.0,0.09999999999999998
8449,-6.0,0.09999999999999998
8450,-2.0,0.09999999999999998
8451,-12.0,0.09999999999999998
8452,-3.0,0.09999999999999998
8453,-8.0,0.09999999999999998
8454,-13.0,0.09999999999999998
8455,-8.0,0.09999999999999998
8456,-5.0,0.09999999999999998
8457,-15.0,0.09999999999999998
8458,1.0,0.09999999999999998
8459,-7.0,0.09999999999999998
8460,-5.0,0.09999999999999998
8461,-12.0,0.09999999999999998
8462,-4.0,0.09999999999999998
8463,-2.0,0.09999999999999998
8464,-3.0,0.09999999999999998
8465,-9.0,0.09999999999999998
8466,3.0,0.09999999999999998
8467,-8.0,0.09999999999999998
8468,-8.0,0.09999999999999998
8469,2.0,0.09999999999999998
8470,-7.0,0.09999999999999998
8471,-9.0,0.09999999999999998
8472,-8.0,0.09999999999999998
8473,-12.0,0.09999999999999998
8474,-5.0,0.09999999999999998
8475,-10.0,0.09999999999999998
8476,-8.0,0.09999999999999998
8477,-1.0,0.09999999999999998
8478,-1.0,0.09999999999999998
8479,1.0,0.09999999999999998
8480,-10.0,0.09999999999999998
8481,-6.0,0.09999999999999998
8482,4.0,0.09999999999999998
8483,-10.0,0.09999999999999998
8484,-9.0,0.09999999999999998
8485,-9.0,0.09999999999999998
8486,-1.0,0.09999999999999998
8487,-9.0,0.09999999999999998
8488,-6.0,0.09999999999999998
8489,-1.0,0.09999999999999998
8490,-13.0,0.09999999999999998
8491,-6.0,0.09999999999999998
8492,-11.0,0.09999999999999998
8493,2.0,0.09999999999999998
8494,-9.0,0.09999999999999998
8495,-3.0,0.09999999999999998
8496,-8.0,0.09999999999999998
8497,-7.0,0.09999999999999998
8498,4.0,0.09999999999999998
8499,-12.0,0.09999999999999998
8500,-7.0,0.09999999999999998
8501,-3.0,0.09999999999999998
8502,-8.0,0.09999999999999998
8503,-6.0,0.09999999999999998
8504,-12.0,0.09999999999999998
8505,-1.0,0.09999999999999998
8506,-2.0,0.09999999999999998
8507,1.0,0.09999999999999998
8508,-5.0,0.09999999999999998
8509,-6.0,0.09999999999999998
8510,-7.0,0.09999999999999998
8511,-6.0,0.09999999999999998
8512,-8.0,0.09999999999999998
8513,-5.0,0.09999999999999998
8514,8.0,0.09999999999999998
8515,-3.0,0.09999999999999998
8516,-11.0,0.09999999999999998
8517,5.0,0.09999999999999998
8518,-6.0,0.09999999999999998
8519,-14.0,0.09999999999999998
8520,-7.0,0.09999999999999998
8521,-10.0,0.09999999999999998
8522,-7.0,0.09999999999999998
8523,-4.0,0.09999999999999998
8524,-1.0,0.09999999999999998
8525,-5.0,0.09999999999999998
8526,-5.0,0.09999999999999998
8527,1.0,0.09999999999999998
8528,-10.0,0.09999999999999998
8529,-4.0,0.09999999999999998
8530,-11.0,0.09999999999999998
8531,-5.0,0.09999999999999998
8532,2.0,0.09999999999999998
8533,-9.0,0.09999999999999998
8534,-4.0,0.09999999999999998
8535,-9.0,0.09999999999999998
8536,3.0,0.09999999999999998
8537,-4.0,0.09999999999999998
8538,1.0,0.09999999999999998
8539,-6.0,0.09999999999999998
8540,-10.0,0.09999999999999998
8541,-2.0,0.09999999999999998
8542,-3.0,0.09999999999999998
8543,-5.0,0.09999999999999998
8544,-6.0,0.09999999999999998
8545,-13.0,0.09999999999999998
8546,-6.0,0.09999999999999998
8547,-4.0,0.09999999999999998
8548,-3.0,0.09999999999999998
8549,6.0,0.09999999999999998
8550,-2.0,0.09999999999999998
8551,-12.0,0.09999999999999998
8552,-6.0,0.09999999999999998
8553,-15.0,0.09999999999999998
8554,-13.0,0.09999999999999998
8555,2.0,0.09999999999999998
8556,-10.0,0.09999999999999998
8557,-11.0,0.09999999999999998
8558,-2.0,0.09999999999999998
8559,-13.0,0.09999999999999998
8560,3.0,0.09999999999999998
8561,-12.0,0.09999999999999998
8562,-5.0,0.09999999999999998
8563,-4.0,0.09999999999999998
8564,-18.0,0.09999999999999998
8565,-5.0,0.09999999999999998
8566,-4.0,0.09999999999999998
8567,-8.0,0.09999999999999998
8568,-3.0,0.09999999999999998
8569,-12.0,0.09999999999999998
8570,1.0,0.09999999999999998
8571,-7.0,0.09999999999999998
8572,-8.0,0.09999999999999998
8573,8.0,0.09999999999999998
8574,-9.0,0.09999999999999998
8575,-2.0,0.09999999999999998
8576,-5.0,0.09999999999999998
8577,4.0,0.09999999999999998
8578,-8.0,0.09999999999999998
8579,-3.0,0.09999999999999998
8580,-1.0,0.09999999999999998
8581,6.0,0.09999999999999998
8582,-10.0,0.09999999999999998
8583,-4.0,0.09999999999999998
8584,-7.0,0.09999999999999998
8585,-3.0,0.09999999999999998
8586,-5.0,0.09999999999999998
8587,-6.0,0.09999999999999998
8588,-11.0,0.09999999999999998
8589,3.0,0.09999999999999998
8590,-10.0,0.09999999999999998
8591,-1.0,0.09999999999999998
8592,-10.0,0.09999999999999998
8593,-2.0,0.09999999999999998
8594,-11.0,0.09999999999999998
8595,-1.0,0.09999999999999998
8596,-8.0,0.09999999999999998
8597,4.0,0.09999999999999998
8598,7.0,0.09999999999999998
8599,-16.0,0.09999999999999998
8600,-11.0,0.09999999999999998
8601,-1.0,0.09999999999999998
8602,-2.0,0.09999999999999998
8603,-5.0,0.09999999999999998
8604,1.0,0.09999999999999998
8605,-13.0,0.09999999999999998
8606,-3.0,0.09999999999999998
8607,-6.0,0.09999999999999998
8608,-8.0,0.09999999999999998
8609,1.0,0.09999999999999998
8610,-1.0,0.09999999999999998
8611,-11.0,0.09999999999999998
8612,-1.0,0.09999999999999998
8613,-5.0,0.09999999999999998
8614,-7.0,0.09999999999999998
8615,-12.0,0.09999999999999998
8616,-9.0,0.09999999999999998
8617,3.0,0.09999999999999998
8618,-9.0,0.09999999999999998
8619,-12.0,0.09999999999999998
8620,-4.0,0.09999999999999998
8621,1.0,0.09999999999999998
8622,-16.0,0.09999999999999998
8623,-3.0,0.09999999999999998
8624,-4.0,0.09999999999999998
8625,-7.0,0.09999999999999998
8626,-1.0,0.09999999999999998
8627,-2.0,0.09999999999999998
8628,-2.0,0.09999999999999998
8629,-1.0,0.09999999999999998
8630,5.0,0.09999999999999998
8631,-7.0,0.09999999999999998
8632,-1.0,0.09999999999999998
8633,-5.0,0.09999999999999998
8634,-11.0,0.09999999999999998
8635,-9.0,0.09999999999999998
8636,-2.0,0.09999999999999998
8637,-5.0,0.09999999999999998
8638,-1.0,0.09999999999999998
8639,-10.0,0.09999999999999998
8640,-5.0,0.09999999999999998
8641,-8.0,0.09999999999999998
8642,-10.0,0.09999999999999998
8643,-5.0,0.09999999999999998
8644,2.0,0.09999999999999998
8645,-1.0,0.09999999999999998
8646,1.0,0.09999999999999998
8647,-11.0,0.09999999999999998
8648,-14.0,0.09999999999999998
8649,-5.0,0.09999999999999998
8650,-2.0,0.09999999999999998
8651,-11.0,0.09999999999999998
8652,4.0,0.09999999999999998
8653,-12.0,0.09999999999999998
8654,-4.0,0.09999999999999998
8655,-5.0,0.09999999999999998
8656,-7.0,0.09999999999999998
8657,-10.0,0.09999999999999998
8658,-7.0,0.09999999999999998
8659,-6.0,0.09999999999999998
8660,1.0,0.09999999999999998
8661,-2.0,0.09999999999999998
8662,-5.0,0.09999999999999998
8663,-2.0,0.09999999999999998
8664,-6.0,0.09999999999999998
8665,-11.0,0.09999999999999998
8666,-7.0,0.09999999999999998
8667,-2.0,0.09999999999999998
8668,-5.0,0.09999999999999998
8669,-15.0,0.09999999999999998
8670,-7.0,0.09999999999999998
8671,-6.0,0.09999999999999998
8672,1.0,0.09999999999999998
8673,4.0,0.09999999999999998
8674,7.0,0.09999999999999998
8675,-5.0,0.09999999999999998
8676,2.0,0.09999999999999998
8677,-14.0,0.09999999999999998
8678,6.0,0.09999999999999998
8679,-3.0,0.09999999999999998
8680,-9.0,0.09999999999999998
8681,-2.0,0.09999999999999998
8682,-8.0,0.09999999999999998
8683,5.0,0.09999999999999998
8684,-5.0,0.09999999999999998
8685,-3.0,0.09999999999999998
8686,9.0,0.09999999999999998
8687,3.0,0.09999999999999998
8688,-6.0,0.09999999999999998
8689,4.0,0.09999999999999998
8690,-11.0,0.09999999999999998
8691,-4.0,0.09999999999999998
8692,-11.0,0.09999999999999998
8693,-16.0,0.09999999999999998
8694,-6.0,0.09999999999999998
8695,1.0,0.09999999999999998
8696,-2.0,0.09999999999999998
8697,-5.0,0.09999999999999998
8698,-12.0,0.09999999999999998
8699,2.0,0.09999999999999998
8700,-1.0,0.09999999999999998
8701,-3.0,0.09999999999999998
8702,4.0,0.09999999999999998
8703,4.0,0.09999999999999998
8704,-5.0,0.09999999999999998
8705,-6.0,0.09999999999999998
8706,-7.0,0.09999999999999998
8707,-5.0,0.09999999999999998
8708,-11.0,0.09999999999999998
8709,-1.0,0.09999999999999998
8710,-4.0,0.09999999999999998
8711,-6.0,0.09999999999999998
8712,-5.0,0.09999999999999998
8713,-1.0,0.09999999999999998
8714,-6.0,0.09999999999999998
8715,-1.0,0.09999999999999998
8716,1.0,0.09999999999999998
8717,-3.0,0.09999999999999998
8718,-15.0,0.09999999999999998
8719,-8.0,0.09999999999999998
8720,-3.0,0.09999999999999998
8721,-12.0,0.09999999999999998
8722,-8.0,0.09999999999999998
8723,-7.0,0.09999999999999998
8724,1.0,0.09999999999999998
8725,-11.0,0.09999999999999998
8726,4.0,0.09999999999999998
8727,-4.0,0.09999999999999998
8728,-14.0,0.09999999999999998
8729,-6.0,0.09999999999999998
8730,-12.0,0.09999999999999998
8731,-7.0,0.09999999999999998
8732,-13.0,0.09999999999999998
8733,-16.0,0.09999999999999998
8734,6.0,0.09999999999999998
8735,-5.0,0.09999999999999998
8736,-2.0,0.09999999999999998
8737,1.0,0.09999999999999998
8738,1.0,0.09999999999999998
8739,1.0,0.09999999999999998
8740,-1.0,0.09999999999999998
8741,-1.0,0.09999999999999998
8742,-4.0,0.09999999999999998
8743,-2.0,0.09999999999999998
8744,-9.0,0.09999999999999998
8745,4.0,0.09999999999999998
8746,-10.0,0.09999999999999998
8747,-10.0,0.09999999999999998
8748,-7.0,0.09999999999999998
8749,-16.0,0.09999999999999998
8750,3.0,0.09999999999999998
8751,3.0,0.09999999999999998
8752,-9.0,0.09999999999999998
8753,-1.0,0.09999999999999998
8754,-1.0,0.09999999999999998
8755,-2.0,0.09999999999999998
8756,-10.0,0.09999999999999998
8757,-8.0,0.09999999999999998
8758,-5.0,0.09999999999999998
8759,1.0,0.09999999999999998
8760,-5.0,0.09999999999999998
8761,-5.0,0.09999999999999998
8762,-3.0,0.09999999999999998
8763,5.0,0.09999999999999998
8764,-5.0,0.09999999999999998
8765,-5.0,0.09999999999999998
8766,-1.0,0.09999999999999998
8767,1.0,0.09999999999999998
8768,-9.0,0.09999999999999998
8769,-10.0,0.09999999999999998
8770,-9.0,0.09999999999999998
8771,6.0,0.09999999999999998
8772,-5.0,0.09999999999999998
8773,-9.0,0.09999999999999998
8774,-9.0,0.09999999999999998
8775,3.0,0.09999999999999998
8776,1.0,0.09999999999999998
8777,-7.0,0.09999999999999998
8778,-8.0,0.09999999999999998
8779,-4.0,0.09999999999999998
8780,-1.0,0.09999999999999998
8781,-3.0,0.09999999999999998
8782,-1.0,0.09999999999999998
8783,-2.0,0.09999999999999998
8784,-9.0,0.09999999999999998
8785,-6.0,0.09999999999999998
8786,-1.0,0.09999999999999998
8787,-11.0,0.09999999999999998
8788,-6.0,0.09999999999999998
8789,-6.0,0.09999999999999998
8790,-9.0,0.09999999999999998
8791,-7.0,0.09999999999999998
8792,3.0,0.09999999999999998
8793,-14.0,0.09999999999999998
8794,8.0,0.09999999999999998
8795,2.0,0.09999999999999998
8796,-6.0,0.09999999999999998
8797,-14.0,0.09999999999999998
8798,-2.0,0.09999999999999998
8799,-6.0,0.09999999999999998
8800,-11.0,0.09999999999999998
8801,-3.0,0.09999999999999998
8802,-11.0,0.09999999999999998
8803,-6.0,0.09999999999999998
8804,-8.0,0.09999999999999998
8805,-11.0,0.09999999999999998
8806,-3.0,0.09999999999999998
8807,3.0,0.09999999999999998
8808,1.0,0.09999999999999998
8809,-6.0,0.09999999999999998
8810,2.0,0.09999999999999998
8811,-5.0,0.09999999999999998
8812,1.0,0.09999999999999998
8813,-10.0,0.09999999999999998
8814,1.0,0.09999999999999998
8815,3.0,0.09999999999999998
8816,-2.0,0.09999999999999998
8817,-5.0,0.09999999999999998
8818,-7.0,0.09999999999999998
8819,-8.0,0.09999999999999998
8820,1.0,0.09999999999999998
8821,-6.0,0.09999999999999998
8822,-5.0,0.09999999999999998
8823,-5.0,0.09999999999999998
8824,-11.0,0.09999999999999998
8825,6.0,0.09999999999999998
8826,3.0,0.09999999999999998
8827,-3.0,0.09999999999999998
8828,-3.0,0.09999999999999998
8829,-2.0,0.09999999999999998
8830,-7.0,0.09999999999999998
8831,-19.0,0.09999999999999998
8832,-3.0,0.09999999999999998
8833,-1.0,0.09999999999999998
8834,-4.0,0.09999999999999998
8835,-10.0,0.09999999999999998
8836,-7.0,0.09999999999999998
8837,-11.0,0.09999999999999998
8838,-1.0,0.09999999999999998
8839,-4.0,0.09999999999999998
8840,7.0,0.09999999999999998
8841,-8.0,0.09999999999999998
8842,-4.0,0.09999999999999998
8843,-6.0,0.09999999999999998
8844,-4.0,0.09999999999999998
8845,-6.0,0.09999999999999998
8846,-4.0,0.09999999999999998
8847,-1.0,0.09999999999999998
8848,1.0,0.09999999999999998
8849,-2.0,0.09999999999999998
8850,-5.0,0.09999999999999998
8851,-1.0,0.09999999999999998
8852,6.0,0.09999999999999998
8853,1.0,0.09999999999999998
8854,-4.0,0.09999999999999998
8855,-12.0,0.09999999999999998
8856,-6.0,0.09999999999999998
8857,-8.0,0.09999999999999998
8858,-6.0,0.09999999999999998
8859,2.0,0.09999999999999998
8860,-11.0,0.09999999999999998
8861,-10.0,0.09999999999999998
8862,-9.0,0.09999999999999998
8863,-10.0,0.09999999999999998
8864,-8.0,0.09999999999999998
8865,-8.0,0.09999999999999998
8866,-2.0,0.09999999999999998
8867,-5.0,0.09999999999999998
8868,-7.0,0.09999999999999998
8869,-6.0,0.09999999999999998
8870,10.0,0.09999999999999998
8871,-10.0,0.09999999999999998
8872,9.0,0.09999999999999998
8873,-4.0,0.09999999999999998
8874,-5.0,0.09999999999999998
8875,3.0,0.09999999999999998
8876,-15.0,0.09999999999999998
8877,-10.0,0.09999999999999998
8878,-1.0,0.09999999999999998
8879,-8.0,0.09999999999999998
8880,-13.0,0.09999999999999998
8881,-3.0,0.09999999999999998
8882,-9.0,0.09999999999999998
8883,-1.0,0.09999999999999998
8884,-10.0,0.09999999999999998
8885,2.0,0.09999999999999998
8886,-10.0,0.09999999999999998
8887,1.0,0.09999999999999998
8888,3.0,0.09999999999999998
8889,-5.0,0.09999999999999998
8890,-10.0,0.09999999999999998
8891,-1.0,0.09999999999999998
8892,-6.0,0.09999999999999998
8893,-11.0,0.09999999999999998
8894,-7.0,0.09999999999999998
8895,-4.0,0.09999999999999998
8896,-1.0,0.09999999999999998
8897,1.0,0.09999999999999998
8898,2.0,0.09999999999999998
8899,-1.0,0.09999999999999998
8900,-3.0,0.09999999999999998
8901,-8.0,0.09999999999999998
8902,-8.0,0.09999999999999998
8903,-9.0,0.09999999999999998
8904,3.0,0.09999999999999998
8905,-4.0,0.09999999999999998
8906,-6.0,0.09999999999999998
8907,-7.0,0.09999999999999998
8908,-1.0,0.09999999999999998
8909,3.0,0.09999999999999998
8910,6.0,0.09999999999999998
8911,-7.0,0.09999999999999998
8912,-7.0,0.09999999999999998
8913,3.0,0.09999999999999998
8914,3.0,0.09999999999999998
8915,-1.0,0.09999999999999998
8916,-1.0,0.09999999999999998
8917,1.0,0.09999999999999998
8918,3.0,0.09999999999999998
8919,-1.0,0.09999999999999998
8920,-1.0,0.09999999999999998
8921,11.0,0.09999999999999998
8922,-12.0,0.09999999999999998
8923,2.0,0.09999999999999998
8924,-7.0,0.09999999999999998
8925,-3.0,0.09999999999999998
8926,7.0,0.09999999999999998
8927,-4.0,0.09999999999999998
8928,9.0,0.09999999999999998
8929,-6.0,0.09999999999999998
8930,5.0,0.09999999999999998
8931,-4.0,0.09999999999999998
8932,2.0,0.09999999999999998
8933,-2.0,0.09999999999999998
8934,-8.0,0.09999999999999998
8935,-2.0,0.09999999999999998
8936,1.0,0.09999999999999998
8937,-7.0,0.09999999999999998
8938,-3.0,0.09999999999999998
8939,4.0,0.09999999999999998
8940,-6.0,0.09999999999999998
8941,1.0,0.09999999999999998
8942,6.0,0.09999999999999998
8943,-1.0,0.09999999999999998
8944,-8.0,0.09999999999999998
8945,-5.0,0.09999999999999998
8946,8.0,0.09999999999999998
8947,-8.0,0.09999999999999998
8948,4.0,0.09999999999999998
8949,4.0,0.09999999999999998
8950,-4.0,0.09999999999999998
8951,-5.0,0.09999999999999998
8952,-8.0,0.09999999999999998
8953,-9.0,0.09999999999999998
8954,-10.0,0.09999999999999998
8955,1.0,0.09999999999999998
8956,1.0,0.09999999999999998
8957,5.0,0.09999999999999998
8958,-6.0,0.09999999999999998
8959,-4.0,0.09999999999999998
8960,-7.0,0.09999999999999998
8961,-4.0,0.09999999999999998
8962,-4.0,0.09999999999999998
8963,-6.0,0.09999999999999998
8964,-6.0,0.09999999999999998
8965,-13.0,0.09999999999999998
8966,-7.0,0.09999999999999998
8967,-5.0,0.09999999999999998
8968,-12.0,0.09999999999999998
8969,-4.0,0.09999999999999998
8970,6.0,0.09999999999999998
8971,4.0,0.09999999999999998
8972,-3.0,0.09999999999999998
8973,4.0,0.09999999999999998
8974,-7.0,0.09999999999999998
8975,-16.0,0.09999999999999998
8976,4.0,0.09999999999999998
8977,-2.0,0.09999999999999998
8978,1.0,0.09999999999999998
8979,-3.0,0.09999999999999998
8980,-4.0,0.09999999999999998
8981,-3.0,0.09999999999999998
8982,-8.0,0.09999999999999998
8983,-4.0,0.09999999999999998
8984,-2.0,0.09999999999999998
8985,4.0,0.09999999999999998
8986,8.0,0.09999999999999998
8987,-3.0,0.09999999999999998
8988,7.0,0.09999999999999998
8989,8.0,0.09999999999999998
8990,-13.0,0.09999999999999998
8991,6.0,0.09999999999999998
8992,-12.0,0.09999999999999998
8993,-8.0,0.09999999999999998
8994,5.0,0.09999999999999998
8995,-1.0,0.09999999999999998
8996,-13.0,0.09999999999999998
8997,1.0,0.09999999999999998
8998,2.0,0.09999999999999998
8999,-7.0,0.09999999999999998
9000,-12.0,0.09999999999999998
9001,6.0,0.09999999999999998
9002,-4.0,0.09999999999999998
9003,-4.0,0.09999999999999998
9004,-14.0,0.09999999999999998
9005,-6.0,0.09999999999999998
9006,-9.0,0.09999999999999998
9007,-1.0,0.09999999999999998
9008,-1.0,0.09999999999999998
9009,-8.0,0.09999999999999998
9010,-4.0,0.09999999999999998
9011,-4.0,0.09999999999999998
9012,-12.0,0.09999999999999998
9013,-14.0,0.09999999999999998
9014,1.0,0.09999999999999998
9015,13.0,0.09999999999999998
9016,-4.0,0.09999999999999998
9017,-3.0,0.09999999999999998
9018,-9.0,0.09999999999999998
9019,-1.0,0.09999999999999998
9020,-4.0,0.09999999999999998
9021,-5.0,0.09999999999999998
9022,-1.0,0.09999999999999998
9023,4.0,0.09999999999999998
9024,-6.0,0.09999999999999998
9025,-6.0,0.09999999999999998
9026,-3.0,0.09999999999999998
9027,-10.0,0.09999999999999998
9028,-5.0,0.09999999999999998
9029,-1.0,0.09999999999999998
9030,-6.0,0.09999999999999998
9031,1.0,0.09999999999999998
9032,-3.0,0.09999999999999998
9033,-10.0,0.09999999999999998
9034,-3.0,0.09999999999999998
9035,-8.0,0.09999999999999998
9036,-5.0,0.09999999999999998
9037,-1.0,0.09999999999999998
9038,5.0,0.09999999999999998
9039,-1.0,0.09999999999999998
9040,2.0,0.09999999999999998
9041,-1.0,0.09999999999999998
9042,-12.0,0.09999999999999998
9043,11.0,0.09999999999999998
9044,6.0,0.09999999999999998
9045,-11.0,0.09999999999999998
9046,-2.0,0.09999999999999998
9047,-3.0,0.09999999999999998
9048,-7.0,0.09999999999999998
9049,9.0,0.09999999999999998
9050,-3.0,0.09999999999999998
9051,-12.0,0.09999999999999998
9052,-3.0,0.09999999999999998
9053,-3.0,0.09999999999999998
9054,-15.0,0.09999999999999998
9055,-3.0,0.09999999999999998
9056,-7.0,0.09999999999999998
9057,-1.0,0.09999999999999998
9058,-10.0,0.09999999999999998
9059,-1.0,0.09999999999999998
9060,1.0,0.09999999999999998
9061,-5.0,0.09999999999999998
9062,-3.0,0.09999999999999998
9063,-15.0,0.09999999999999998
9064,-11.0,0.09999999999999998
9065,-8.0,0.09999999999999998
9066,-11.0,0.09999999999999998
9067,9.0,0.09999999999999998
9068,-5.0,0.09999999999999998
9069,-5.0,0.09999999999999998
9070,-9.0,0.09999999999999998
9071,-8.0,0.09999999999999998
9072,-9.0,0.09999999999999998
9073,-6.0,0.09999999999999998
9074,-4.0,0.09999999999999998
9075,4.0,0.09999999999999998
9076,5.0,0.09999999999999998
9077,-8.0,0.09999999999999998
9078,-13.0,0.09999999999999998
9079,-3.0,0.09999999999999998
9080,-7.0,0.09999999999999998
9081,3.0,0.09999999999999998
9082,1.0,0.09999999999999998
9083,1.0,0.09999999999999998
9084,-13.0,0.09999999999999998
9085,-16.0,0.09999999999999998
9086,-7.0,0.09999999999999998
9087,-8.0,0.09999999999999998
9088,1.0,0.09999999999999998
9089,-6.0,0.09999999999999998
9090,-7.0,0.09999999999999998
9091,-10.0,0.09999999999999998
9092,2.0,0.09999999999999998
9093,3.0,0.09999999999999998
9094,6.0,0.09999999999999998
9095,-1.0,0.09999999999999998
9096,-15.0,0.09999999999999998
9097,-13.0,0.09999999999999998
9098,-10.0,0.09999999999999998
9099,-1.0,0.09999999999999998
9100,2.0,0.09999999999999998
9101,-17.0,0.09999999999999998
9102,1.0,0.09999999999999998
9103,-10.0,0.09999999999999998
9104,8.0,0.09999999999999998
9105,-10.0,0.09999999999999998
9106,7.0,0.09999999999999998
9107,-10.0,0.09999999999999998
9108,-2.0,0.09999999999999998
9109,4.0,0.09999999999999998
9110,1.0,0.09999999999999998
9111,-2.0,0.09999999999999998
9112,6.0,0.09999999999999998
9113,-13.0,0.09999999999999998
9114,-6.0,0.09999999999999998
9115,-4.0,0.09999999999999998
9116,-11.0,0.09999999999999998
9117,4.0,0.09999999999999998
9118,2.0,0.09999999999999998
9119,-5.0,0.09999999999999998
9120,-1.0,0.09999999999999998
9121,1.0,0.09999999999999998
9122,-1.0,0.09999999999999998
9123,-10.0,0.09999999999999998
9124,-9.0,0.09999999999999998
9125,-1.0,0.09999999999999998
9126,-12.0,0.09999999999999998
9127,-1.0,0.09999999999999998
9128,-1.0,0.09999999999999998
9129,-8.0,0.09999999999999998
9130,-5.0,0.09999999999999998
9131,-8.0,0.09999999999999998
9132,3.0,0.09999999999999998
9133,-8.0,0.09999999999999998
9134,-10.0,0.09999999999999998
9135,9.0,0.09999999999999998
9136,-9.0,0.09999999999999998
9137,5.0,0.09999999999999998
9138,-5.0,0.09999999999999998
9139,-6.0,0.09999999999999998
9140,-4.0,0.09999999999999998
9141,-6.0,0.09999999999999998
9142,-13.0,0.09999999999999998
9143,2.0,0.09999999999999998
9144,-7.0,0.09999999999999998
9145,2.0,0.09999999999999998
9146,-12.0,0.09999999999999998
9147,-4.0,0.09999999999999998
9148,6.0,0.09999999999999998
9149,-3.0,0.09999999999999998
9150,6.0,0.09999999999999998
9151,1.0,0.09999999999999998
9152,-5.0,0.09999999999999998
9153,-10.0,0.09999999999999998
9154,-2.0,0.09999999999999998
9155,-1.0,0.09999999999999998
9156,2.0,0.09999999999999998
9157,-8.0,0.09999999999999998
9158,3.0,0.09999999999999998
9159,-6.0,0.09999999999999998
9160,-2.0,0.09999999999999998
9161,-1.0,0.09999999999999998
9162,7.0,0.09999999999999998
9163,-15.0,0.09999999999999998
9164,5.0,0.09999999999999998
9165,-10.0,0.09999999999999998
9166,-11.0,0.09999999999999998
9167,-5.0,0.09999999999999998
9168,-3.0,0.09999999999999998
9169,-5.0,0.09999999999999998
9170,-10.0,0.09999999999999998
9171,-7.0,0.09999999999999998
9172,-2.0,0.09999999999999998
9173,-7.0,0.09999999999999998
9174,-1.0,0.09999999999999998
9175,9.0,0.09999999999999998
9176,-1.0,0.09999999999999998
9177,-5.0,0.09999999999999998
9178,-5.0,0.09999999999999998
9179,-3.0,0.09999999999999998
9180,-11.0,0.09999999999999998
9181,-14.0,0.09999999999999998
9182,-4.0,0.09999999999999998
9183,1.0,0.09999999999999998
9184,-9.0,0.09999999999999998
9185,-5.0,0.09999999999999998
9186,-3.0,0.09999999999999998
9187,-6.0,0.09999999999999998
9188,-10.0,0.09999999999999998
9189,-3.0,0.09999999999999998
9190,2.0,0.09999999999999998
9191,-14.0,0.09999999999999998
9192,-10.0,0.09999999999999998
9193,-9.0,0.09999999999999998
9194,-5.0,0.09999999999999998
9195,-4.0,0.09999999999999998
9196,-1.0,0.09999999999999998
9197,-7.0,0.09999999999999998
9198,8.0,0.09999999999999998
9199,-10.0,0.09999999999999998
9200,-10.0,0.09999999999999998
9201,-2.0,0.09999999999999998
9202,-3.0,0.09999999999999998
9203,-7.0,0.09999999999999998
9204,10.0,0.09999999999999998
9205,1.0,0.09999999999999998
9206,-10.0,0.09999999999999998
9207,8.0,0.09999999999999998
9208,3.0,0.09999999999999998
9209,10.0,0.09999999999999998
9210,-2.0,0.09999999999999998
9211,-2.0,0.09999999999999998
9212,2.0,0.09999999999999998
9213,-4.0,0.09999999999999998
9214,-3.0,0.09999999999999998
9215,-9.0,0.09999999999999998
9216,-9.0,0.09999999999999998
9217,1.0,0.09999999999999998
9218,8.0,0.09999999999999998
9219,-2.0,0.09999999999999998
9220,-4.0,0.09999999999999998
9221,2.0,0.09999999999999998
9222,-8.0,0.09999999999999998
9223,1.0,0.09999999999999998
9224,-4.0,0.09999999999999998
9225,-10.0,0.09999999999999998
9226,-10.0,0.09999999999999998
9227,5.0,0.09999999999999998
9228,-1.0,0.09999999999999998
9229,-3.0,0.09999999999999998
9230,7.0,0.09999999999999998
9231,-4.0,0.09999999999999998
9232,8.0,0.09999999999999998
9233,2.0,0.09999999999999998
9234,-1.0,0.09999999999999998
9235,-9.0,0.09999999999999998
9236,7.0,0.09999999999999998
9237,-3.0,0.09999999999999998
9238,-8.0,0.09999999999999998
9239,-15.0,0.09999999999999998
9240,-9.0,0.09999999999999998
9241,-6.0,0.09999999999999998
9242,-9.0,0.09999999999999998
9243,3.0,0.09999999999999998
9244,-10.0,0.09999999999999998
9245,-3.0,0.09999999999999998
9246,4.0,0.09999999999999998
9247,-1.0,0.09999999999999998
9248,-8.0,0.09999999999999998
9249,-8.0,0.09999999999999998
9250,-3.0,0.09999999999999998
9251,-11.0,0.09999999999999998
9252,1.0,0.09999999999999998
9253,10.0,0.09999999999999998
9254,-6.0,0.09999999999999998
9255,-4.0,0.09999999999999998
9256,-7.0,0.09999999999999998
9257,-9.0,0.09999999999999998
9258,4.0,0.09999999999999998
9259,3.0,0.09999999999999998
9260,-7.0,0.09999999999999998
9261,-14.0,0.09999999999999998
9262,-10.0,0.09999999999999998
9263,-8.0,0.09999999999999998
9264,7.0,0.09999999999999998
9265,-12.0,0.09999999999999998
9266,-14.0,0.09999999999999998
9267,-7.0,0.09999999999999998
9268,-9.0,0.09999999999999998
9269,-1.0,0.09999999999999998
9270,-7.0,0.09999999999999998
9271,3.0,0.09999999999999998
9272,-1.0,0.09999999999999998
9273,-13.0,0.09999999999999998
9274,-1.0,0.09999999999999998
9275,-7.0,0.09999999999999998
9276,-3.0,0.09999999999999998
9277,-11.0,0.09999999999999998
9278,-5.0,0.09999999999999998
9279,-1.0,0.09999999999999998
9280,-2.0,0.09999999999999998
9281,-5.0,0.09999999999999998
9282,-7.0,0.09999999999999998
9283,9.0,0.09999999999999998
9284,5.0,0.09999999999999998
9285,1.0,0.09999999999999998
9286,1.0,0.09999999999999998
9287,3.0,0.09999999999999998
9288,-2.0,0.09999999999999998
9289,-4.0,0.09999999999999998
9290,-1.0,0.09999999999999998
9291,-13.0,0.09999999999999998
9292,-9.0,0.09999999999999998
9293,-14.0,0.09999999999999998
9294,-1.0,0.09999999999999998
9295,-3.0,0.09999999999999998
9296,-5.0,0.09999999999999998
9297,4.0,0.09999999999999998
9298,-6.0,0.09999999999999998
9299,1.0,0.09999999999999998
9300,6.0,0.09999999999999998
9301,-8.0,0.09999999999999998
9302,-11.0,0.09999999999999998
9303,-1.0,0.09999999999999998
9304,2.0,0.09999999999999998
9305,9.0,0.09999999999999998
9306,-9.0,0.09999999999999998
9307,6.0,0.09999999999999998
9308,-1.0,0.09999999999999998
9309,-4.0,0.09999999999999998
9310,-4.0,0.09999999999999998
9311,-2.0,0.09999999999999998
9312,-9.0,0.09999999999999998
9313,-8.0,0.09999999999999998
9314,-9.0,0.09999999999999998
9315,-7.0,0.09999999999999998
9316,6.0,0.09999999999999998
9317,-1.0,0.09999999999999998
9318,1.0,0.09999999999999998
9319,-9.0,0.09999999999999998
9320,-7.0,0.09999999999999998
9321,-3.0,0.09999999999999998
9322,-7.0,0.09999999999999998
9323,-1.0,0.09999999999999998
9324,-3.0,0.09999999999999998
9325,1.0,0.09999999999999998
9326,-3.0,0.09999999999999998
9327,-4.0,0.09999999999999998
9328,-1.0,0.09999999999999998
9329,6.0,0.09999999999999998
9330,-3.0,0.09999999999999998
9331,2.0,0.09999999999999998
9332,-9.0,0.09999999999999998
9333,-5.0,0.09999999999999998
9334,-6.0,0.09999999999999998
9335,7.0,0.09999999999999998
9336,-10.0,0.09999999999999998
9337,-1.0,0.09999999999999998
9338,-8.0,0.09999999999999998
9339,-11.0,0.09999999999999998
9340,-1.0,0.09999999999999998
9341,-9.0,0.09999999999999998
9342,-5.0,0.09999999999999998
9343,-12.0,0.09999999999999998
9344,-4.0,0.09999999999999998
9345,-4.0,0.09999999999999998
9346,-4.0,0.09999999999999998
9347,-3.0,0.09999999999999998
9348,-4.0,0.09999999999999998
9349,7.0,0.09999999999999998
9350,-13.0,0.09999999999999998
9351,2.0,0.09999999999999998
9352,-5.0,0.09999999999999998
9353,-11.0,0.09999999999999998
9354,-4.0,0.09999999999999998
9355,-7.0,0.09999999999999998
9356,6.0,0.09999999999999998
9357,-11.0,0.09999999999999998
9358,-5.0,0.09999999999999998
9359,-5.0,0.09999999999999998
9360,-1.0,0.09999999999999998
9361,9.0,0.09999999999999998
9362,-10.0,0.09999999999999998
9363,2.0,0.09999999999999998
9364,-10.0,0.09999999999999998
9365,4.0,0.09999999999999998
9366,-7.0,0.09999999999999998
9367,-6.0,0.09999999999999998
9368,-9.0,0.09999999999999998
9369,-6.0,0.09999999999999998
9370,-2.0,0.09999999999999998
9371,-1.0,0.09999999999999998
9372,2.0,0.09999999999999998
9373,9.0,0.09999999999999998
9374,3.0,0.09999999999999998
9375,3.0,0.09999999999999998
9376,-7.0,0.09999999999999998
9377,1.0,0.09999999999999998
9378,-10.0,0.09999999999999998
9379,1.0,0.09999999999999998
9380,-13.0,0.09999999999999998
9381,-5.0,0.09999999999999998
9382,-8.0,0.09999999999999998
9383,4.0,0.09999999999999998
9384,-9.0,0.09999999999999998
9385,4.0,0.09999999999999998
9386,2.0,0.09999999999999998
9387,-9.0,0.09999999999999998
9388,-4.0,0.09999999999999998
9389,2.0,0.09999999999999998
9390,-9.0,0.09999999999999998
9391,-5.0,0.09999999999999998
9392,8.0,0.09999999999999998
9393,-9.0,0.09999999999999998
9394,8.0,0.09999999999999998
9395,-3.0,0.09999999999999998
9396,-8.0,0.09999999999999998
9397,6.0,0.09999999999999998
9398,4.0,0.09999999999999998
9399,-5.0,0.09999999999999998
9400,-3.0,0.09999999999999998
9401,-4.0,0.09999999999999998
9402,3.0,0.09999999999999998
9403,-6.0,0.09999999999999998
9404,-12.0,0.09999999999999998
9405,-7.0,0.09999999999999998
9406,-3.0,0.09999999999999998
9407,-7.0,0.09999999999999998
9408,6.0,0.09999999999999998
9409,-3.0,0.09999999999999998
9410,-1.0,0.09999999999999998
9411,-10.0,0.09999999999999998
9412,4.0,0.09999999999999998
9413,-9.0,0.09999999999999998
9414,-9.0,0.09999999999999998
9415,-3.0,0.09999999999999998
9416,1.0,0.09999999999999998
9417,-5.0,0.09999999999999998
9418,-3.0,0.09999999999999998
9419,-7.0,0.09999999999999998
9420,7.0,0.09999999999999998
9421,4.0,0.09999999999999998
9422,1.0,0.09999999999999998
9423,-1.0,0.09999999999999998
9424,-11.0,0.09999999999999998
9425,-6.0,0.09999999999999998
9426,-13.0,0.09999999999999998
9427,-3.0,0.09999999999999998
9428,-9.0,0.09999999999999998
9429,5.0,0.09999999999999998
9430,5.0,0.09999999999999998
9431,-13.0,0.09999999999999998
9432,-4.0,0.09999999999999998
9433,-10.0,0.09999999999999998
9434,-6.0,0.09999999999999998
9435,3.0,0.09999999999999998
9436,8.0,0.09999999999999998
9437,3.0,0.09999999999999998
9438,-11.0,0.09999999999999998
9439,-4.0,0.09999999999999998
9440,-13.0,0.09999999999999998
9441,-10.0,0.09999999999999998
9442,-4.0,0.09999999999999998
9443,-4.0,0.09999999999999998
9444,2.0,0.09999999999999998
9445,-8.0,0.09999999999999998
9446,-6.0,0.09999999999999998
9447,-9.0,0.09999999999999998
9448,3.0,0.09999999999999998
9449,2.0,0.09999999999999998
9450,-5.0,0.09999999999999998
9451,-9.0,0.09999999999999998
9452,-1.0,0.09999999999999998
9453,-8.0,0.09999999999999998
9454,-10.0,0.09999999999999998
9455,-12.0,0.09999999999999998
9456,3.0,0.09999999999999998
9457,-7.0,0.09999999999999998
9458,-12.0,0.09999999999999998
9459,-7.0,0.09999999999999998
9460,-8.0,0.09999999999999998
9461,-8.0,0.09999999999999998
9462,-10.0,0.09999999999999998
9463,-1.0,0.09999999999999998
9464,9.0,0.09999999999999998
9465,-3.0,0.09999999999999998
9466,-5.0,0.09999999999999998
9467,-8.0,0.09999999999999998
9468,-6.0,0.09999999999999998
9469,-2.0,0.09999999999999998
9470,-10.0,0.09999999999999998
9471,-9.0,0.09999999999999998
9472,-2.0,0.09999999999999998
9473,3.0,0.09999999999999998
9474,-1.0,0.09999999999999998
9475,-6.0,0.09999999999999998
9476,-4.0,0.09999999999999998
9477,-7.0,0.09999999999999998
9478,-7.0,0.09999999999999998
9479,-1.0,0.09999999999999998
9480,-3.0,0.09999999999999998
9481,4.0,0.09999999999999998
9482,-3.0,0.09999999999999998
9483,-5.0,0.09999999999999998
9484,-4.0,0.09999999999999998
9485,-14.0,0.09999999999999998
9486,3.0,0.09999999999999998
9487,-3.0,0.09999999999999998
9488,-1.0,0.09999999999999998
9489,1.0,0.09999999999999998
9490,-16.0,0.09999999999999998
9491,-1.0,0.09999999999999998
9492,-14.0,0.09999999999999998
9493,-3.0,0.09999999999999998
9494,3.0,0.09999999999999998
9495,-13.0,0.09999999999999998
9496,-8.0,0.09999999999999998
9497,-5.0,0.09999999999999998
9498,-11.0,0.09999999999999998
9499,-12.0,0.09999999999999998
9500,-9.0,0.09999999999999998
9501,-9.0,0.09999999999999998
9502,-5.0,0.09999999999999998
9503,-11.0,0.09999999999999998
9504,-12.0,0.09999999999999998
9505,-4.0,0.09999999999999998
9506,-4.0,0.09999999999999998
9507,-2.0,0.09999999999999998
9508,-12.0,0.09999999999999998
9509,-4.0,0.09999999999999998
9510,3.0,0.09999999999999998
9511,-7.0,0.09999999999999998
9512,9.0,0.09999999999999998
9513,-12.0,0.09999999999999998
9514,-11.0,0.09999999999999998
9515,-8.0,0.09999999999999998
9516,-14.0,0.09999999999999998
9517,-6.0,0.09999999999999998
9518,-3.0,0.09999999999999998
9519,3.0,0.09999999999999998
9520,-2.0,0.09999999999999998
9521,7.0,0.09999999999999998
9522,-5.0,0.09999999999999998
9523,-1.0,0.09999999999999998
9524,1.0,0.09999999999999998
9525,-12.0,0.09999999999999998
9526,-1.0,0.09999999999999998
9527,-8.0,0.09999999999999998
9528,-5.0,0.09999999999999998
9529,-10.0,0.09999999999999998
9530,-9.0,0.09999999999999998
9531,4.0,0.09999999999999998
9532,3.0,0.09999999999999998
9533,6.0,0.09999999999999998
9534,1.0,0.09999999999999998
9535,5.0,0.09999999999999998
9536,-10.0,0.09999999999999998
9537,-9.0,0.09999999999999998
9538,-8.0,0.09999999999999998
9539,-5.0,0.09999999999999998
9540,-3.0,0.09999999999999998
9541,-7.0,0.09999999999999998
9542,-1.0,0.09999999999999998
9543,-4.0,0.09999999999999998
9544,1.0,0.09999999999999998
9545,-4.0,0.09999999999999998
9546,-9.0,0.09999999999999998
9547,-10.0,0.09999999999999998
9548,-9.0,0.09999999999999998
9549,-1.0,0.09999999999999998
9550,-8.0,0.09999999999999998
9551,-3.0,0.09999999999999998
9552,-15.0,0.09999999999999998
9553,-7.0,0.09999999999999998
9554,-12.0,0.09999999999999998
9555,1.0,0.09999999999999998
9556,-5.0,0.09999999999999998
9557,-8.0,0.09999999999999998
9558,-13.0,0.09999999999999998
9559,-8.0,0.09999999999999998
9560,2.0,0.09999999999999998
9561,-8.0,0.09999999999999998
9562,-4.0,0.09999999999999998
9563,-9.0,0.09999999999999998
9564,-7.0,0.09999999999999998
9565,-5.0,0.09999999999999998
9566,-3.0,0.09999999999999998
9567,-14.0,0.09999999999999998
9568,-5.0,0.09999999999999998
9569,5.0,0.09999999999999998
9570,-6.0,0.09999999999999998
9571,4.0,0.09999999999999998
9572,-4.0,0.09999999999999998
9573,3.0,0.09999999999999998
9574,-8.0,0.09999999999999998
9575,-6.0,0.09999999999999998
9576,-12.0,0.09999999999999998
9577,-10.0,0.09999999999999998
9578,-5.0,0.09999999999999998
9579,2.0,0.09999999999999998
9580,-6.0,0.09999999999999998
9581,-4.0,0.09999999999999998
9582,-10.0,0.09999999999999998
9583,-2.0,0.09999999999999998
9584,1.0,0.09999999999999998
9585,-12.0,0.09999999999999998
9586,-1.0,0.09999999999999998
9587,-5.0,0.09999999999999998
9588,-7.0,0.09999999999999998
9589,-11.0,0.09999999999999998
9590,3.0,0.09999999999999998
9591,-9.0,0.09999999999999998
9592,-14.0,0.09999999999999998
9593,-10.0,0.09999999999999998
9594,-10.0,0.09999999999999998
9595,-2.0,0.09999999999999998
9596,-3.0,0.09999999999999998
9597,5.0,0.09999999999999998
9598,-6.0,0.09999999999999998
9599,-9.0,0.09999999999999998
9600,-1.0,0.09999999999999998
9601,-6.0,0.09999999999999998
9602,-8.0,0.09999999999999998
9603,-13.0,0.09999999999999998
9604,1.0,0.09999999999999998
9605,-9.0,0.09999999999999998
9606,-2.0,0.09999999999999998
9607,-2.0,0.09999999999999998
9608,1.0,0.09999999999999998
9609,-8.0,0.09999999999999998
9610,-6.0,0.09999999999999998
9611,-8.0,0.09999999999999998
9612,4.0,0.09999999999999998
9613,-10.0,0.09999999999999998
9614,-10.0,0.09999999999999998
9615,8.0,0.09999999999999998
9616,-9.0,0.09999999999999998
9617,12.0,0.09999999999999998
9618,-8.0,0.09999999999999998
9619,-1.0,0.09999999999999998
9620,-5.0,0.09999999999999998
9621,-2.0,0.09999999999999998
9622,-1.0,0.09999999999999998
9623,-7.0,0.09999999999999998
9624,-1.0,0.09999999999999998
9625,-5.0,0.09999999999999998
9626,-10.0,0.09999999999999998
9627,-1.0,0.09999999999999998
9628,-8.0,0.09999999999999998
9629,5.0,0.09999999999999998
9630,-3.0,0.09999999999999998
9631,1.0,0.09999999999999998
9632,-6.0,0.09999999999999998
9633,-7.0,0.09999999999999998
9634,7.0,0.09999999999999998
9635,-6.0,0.09999999999999998
9636,3.0,0.09999999999999998
9637,-6.0,0.09999999999999998
9638,-7.0,0.09999999999999998
9639,9.0,0.09999999999999998
9640,-1.0,0.09999999999999998
9641,2.0,0.09999999999999998
9642,-9.0,0.09999999999999998
9643,-1.0,0.09999999999999998
9644,-9.0,0.09999999999999998
9645,4.0,0.09999999999999998
9646,-9.0,0.09999999999999998
9647,-4.0,0.09999999999999998
9648,-6.0,0.09999999999999998
9649,-2.0,0.09999999999999998
9650,-5.0,0.09999999999999998
9651,-14.0,0.09999999999999998
9652,-12.0,0.09999999999999998
9653,-5.0,0.09999999999999998
9654,-1.0,0.09999999999999998
9655,-6.0,0.09999999999999998
9656,1.0,0.09999999999999998
9657,-10.0,0.09999999999999998
9658,-14.0,0.09999999999999998
9659,-4.0,0.09999999999999998
9660,-4.0,0.09999999999999998
9661,4.0,0.09999999999999998
9662,10.0,0.09999999999999998
9663,2.0,0.09999999999999998
9664,-11.0,0.09999999999999998
9665,-3.0,0.09999999999999998
9666,-3.0,0.09999999999999998
9667,-1.0,0.09999999999999998
9668,8.0,0.09999999999999998
9669,-10.0,0.09999999999999998
9670,1.0,0.09999999999999998
9671,-12.0,0.09999999999999998
9672,-15.0,0.09999999999999998
9673,1.0,0.09999999999999998
9674,-13.0,0.09999999999999998
9675,-7.0,0.09999999999999998
9676,-5.0,0.09999999999999998
9677,3.0,0.09999999999999998
9678,-8.0,0.09999999999999998
9679,-12.0,0.09999999999999998
9680,-15.0,0.09999999999999998
9681,1.0,0.09999999999999998
9682,-8.0,0.09999999999999998
9683,-13.0,0.09999999999999998
9684,-6.0,0.09999999999999998
9685,1.0,0.09999999999999998
9686,-3.0,0.09999999999999998
9687,4.0,0.09999999999999998
9688,-10.0,0.09999999999999998
9689,3.0,0.09999999999999998
9690,-10.0,0.09999999999999998
9691,-7.0,0.09999999999999998
9692,-11.0,0.09999999999999998
9693,-3.0,0.09999999999999998
9694,1.0,0.09999999999999998
9695,-11.0,0.09999999999999998
9696,-13.0,0.09999999999999998
9697,-11.0,0.09999999999999998
9698,-1.0,0.09999999999999998
9699,8.0,0.09999999999999998
9700,-5.0,0.09999999999999998
9701,2.0,0.09999999999999998
9702,-8.0,0.09999999999999998
9703,1.0,0.09999999999999998
9704,-3.0,0.09999999999999998
9705,-2.0,0.09999999999999998
9706,4.0,0.09999999999999998
9707,-8.0,0.09999999999999998
9708,-4.0,0.09999999999999998
9709,-15.0,0.09999999999999998
9710,-8.0,0.09999999999999998
9711,-5.0,0.09999999999999998
9712,-9.0,0.09999999999999998
9713,-4.0,0.09999999999999998
9714,-7.0,0.09999999999999998
9715,-8.0,0.09999999999999998
9716,-16.0,0.09999999999999998
9717,-4.0,0.09999999999999998
9718,-14.0,0.09999999999999998
9719,-3.0,0.09999999999999998
9720,-4.0,0.09999999999999998
9721,-5.0,0.09999999999999998
9722,-11.0,0.09999999999999998
9723,9.0,0.09999999999999998
9724,-9.0,0.09999999999999998
9725,5.0,0.09999999999999998
9726,4.0,0.09999999999999998
9727,-11.0,0.09999999999999998
9728,-1.0,0.09999999999999998
9729,3.0,0.09999999999999998
9730,-12.0,0.09999999999999998
9731,-5.0,0.09999999999999998
9732,2.0,0.09999999999999998
9733,-5.0,0.09999999999999998
9734,-8.0,0.09999999999999998
9735,-1.0,0.09999999999999998
9736,-4.0,0.09999999999999998
9737,2.0,0.09999999999999998
9738,1.0,0.09999999999999998
9739,-10.0,0.09999999999999998
9740,-8.0,0.09999999999999998
9741,6.0,0.09999999999999998
9742,-4.0,0.09999999999999998
9743,-3.0,0.09999999999999998
9744,1.0,0.09999999999999998
9745,-5.0,0.09999999999999998
9746,1.0,0.09999999999999998
9747,-2.0,0.09999999999999998
9748,-4.0,0.09999999999999998
9749,6.0,0.09999999999999998
9750,-1.0,0.09999999999999998
9751,-1.0,0.09999999999999998
9752,-7.0,0.09999999999999998
9753,-1.0,0.09999999999999998
9754,-2.0,0.09999999999999998
9755,-8.0,0.09999999999999998
9756,-12.0,0.09999999999999998
9757,3.0,0.09999999999999998
9758,4.0,0.09999999999999998
9759,-5.0,0.09999999999999998
9760,-2.0,0.09999999999999998
9761,-19.0,0.09999999999999998
9762,5.0,0.09999999999999998
9763,-13.0,0.09999999999999998
9764,-4.0,0.09999999999999998
9765,-13.0,0.09999999999999998
9766,-3.0,0.09999999999999998
9767,3.0,0.09999999999999998
9768,-9.0,0.09999999999999998
9769,-8.0,0.09999999999999998
9770,4.0,0.09999999999999998
9771,3.0,0.09999999999999998
9772,-12.0,0.09999999999999998
9773,-9.0,0.09999999999999998
9774,-9.0,0.09999999999999998
9775,-6.0,0.09999999999999998
9776,-8.0,0.09999999999999998
9777,3.0,0.09999999999999998
9778,-2.0,0.09999999999999998
9779,-4.0,0.09999999999999998
9780,-1.0,0.09999999999999998
9781,-7.0,0.09999999999999998
9782,7.0,0.09999999999999998
9783,-2.0,0.09999999999999998
9784,-10.0,0.09999999999999998
9785,-1.0,0.09999999999999998
9786,-4.0,0.09999999999999998
9787,-8.0,0.09999999999999998
9788,-1.0,0.09999999999999998
9789,-6.0,0.09999999999999998
9790,-4.0,0.09999999999999998
9791,-2.0,0.09999999999999998
9792,-6.0,0.09999999999999998
9793,-2.0,0.09999999999999998
9794,7.0,0.09999999999999998
9795,-3.0,0.09999999999999998
9796,-10.0,0.09999999999999998
9797,-3.0,0.09999999999999998
9798,-10.0,0.09999999999999998
9799,-2.0,0.09999999999999998
9800,-4.0,0.09999999999999998
9801,1.0,0.09999999999999998
9802,-6.0,0.09999999999999998
9803,-6.0,0.09999999999999998
9804,-7.0,0.09999999999999998
9805,-2.0,0.09999999999999998
9806,-9.0,0.09999999999999998
9807,-2.0,0.09999999999999998
9808,2.0,0.09999999999999998
9809,-3.0,0.09999999999999998
9810,-13.0,0.09999999999999998
9811,1.0,0.09999999999999998
9812,-1.0,0.09999999999999998
9813,1.0,0.09999999999999998
9814,-1.0,0.09999999999999998
9815,8.0,0.09999999999999998
9816,-8.0,0.09999999999999998
9817,-2.0,0.09999999999999998
9818,-8.0,0.09999999999999998
9819,-6.0,0.09999999999999998
9820,-10.0,0.09999999999999998
9821,-1.0,0.09999999999999998
9822,-10.0,0.09999999999999998
9823,2.0,0.09999999999999998
9824,-5.0,0.09999999999999998
9825,-2.0,0.09999999999999998
9826,-2.0,0.09999999999999998
9827,-4.0,0.09999999999999998
9828,-2.0,0.09999999999999998
9829,-5.0,0.09999999999999998
9830,-4.0,0.09999999999999998
9831,-3.0,0.09999999999999998
9832,-7.0,0.09999999999999998
9833,-10.0,0.09999999999999998
9834,-10.0,0.09999999999999998
9835,1.0,0.09999999999999998
9836,-10.0,0.09999999999999998
9837,4.0,0.09999999999999998
9838,-5.0,0.09999999999999998
9839,-13.0,0.09999999999999998
9840,-5.0,0.09999999999999998
9841,2.0,0.09999999999999998
9842,-7.0,0.09999999999999998
9843,-3.0,0.09999999999999998
9844,9.0,0.09999999999999998
9845,6.0,0.09999999999999998
9846,-5.0,0.09999999999999998
9847,-5.0,0.09999999999999998
9848,-11.0,0.09999999999999998
9849,-10.0,0.09999999999999998
9850,-11.0,0.09999999999999998
9851,-14.0,0.09999999999999998
9852,-9.0,0.09999999999999998
9853,-8.0,0.09999999999999998
9854,-1.0,0.09999999999999998
9855,-9.0,0.09999999999999998
9856,-3.0,0.09999999999999998
9857,-5.0,0.09999999999999998
9858,-6.0,0.09999999999999998
9859,-12.0,0.09999999999999998
9860,3.0,0.09999999999999998
9861,11.0,0.09999999999999998
9862,-1.0,0.09999999999999998
9863,-9.0,0.09999999999999998
9864,-6.0,0.09999999999999998
9865,-8.0,0.09999999999999998
9866,-6.0,0.09999999999999998
9867,-9.0,0.09999999999999998
9868,-9.0,0.09999999999999998
9869,-7.0,0.09999999999999998
9870,-14.0,0.09999999999999998
9871,-4.0,0.09999999999999998
9872,3.0,0.09999999999999998
9873,2.0,0.09999999999999998
9874,8.0,0.09999999999999998
9875,-4.0,0.09999999999999998
9876,2.0,0.09999999999999998
9877,-4.0,0.09999999999999998
9878,-3.0,0.09999999999999998
9879,-3.0,0.09999999999999998
9880,-10.0,0.09999999999999998
9881,-1.0,0.09999999999999998
9882,6.0,0.09999999999999998
9883,7.0,0.09999999999999998
9884,-9.0,0.09999999999999998
9885,-6.0,0.09999999999999998
9886,-7.0,0.09999999999999998
9887,-10.0,0.09999999999999998
9888,-1.0,0.09999999999999998
9889,-11.0,0.09999999999999998
9890,-7.0,0.09999999999999998
9891,-5.0,0.09999999999999998
9892,5.0,0.09999999999999998
9893,-1.0,0.09999999999999998
9894,1.0,0.09999999999999998
9895,-5.0,0.09999999999999998
9896,-5.0,0.09999999999999998
9897,-9.0,0.09999999999999998
9898,-6.0,0.09999999999999998
9899,-8.0,0.09999999999999998
9900,-8.0,0.09999999999999998
9901,-5.0,0.09999999999999998
9902,-1.0,0.09999999999999998
9903,4.0,0.09999999999999998
9904,-2.0,0.09999999999999998
9905,-3.0,0.09999999999999998
9906,5.0,0.09999999999999998
9907,-12.0,0.09999999999999998
9908,4.0,0.09999999999999998
9909,-6.0,0.09999999999999998
9910,-6.0,0.09999999999999998
9911,12.0,0.09999999999999998
9912,-1.0,0.09999999999999998
9913,-8.0,0.09999999999999998
9914,-1.0,0.09999999999999998
9915,-2.0,0.09999999999999998
9916,-1.0,0.09999999999999998
9917,-15.0,0.09999999999999998
9918,5.0,0.09999999999999998
9919,-8.0,0.09999999999999998
9920,4.0,0.09999999999999998
9921,-11.0,0.09999999999999998
9922,-15.0,0.09999999999999998
9923,-2.0,0.09999999999999998
9924,-10.0,0.09999999999999998
9925,-7.0,0.09999999999999998
9926,-3.0,0.09999999999999998
9927,4.0,0.09999999999999998
9928,-6.0,0.09999999999999998
9929,-7.0,0.09999999999999998
9930,-17.0,0.09999999999999998
9931,-4.0,0.09999999999999998
9932,-7.0,0.09999999999999998
9933,-9.0,0.09999999999999998
9934,-11.0,0.09999999999999998
9935,-10.0,0.09999999999999998
9936,-11.0,0.09999999999999998
9937,-9.0,0.09999999999999998
9938,-11.0,0.09999999999999998
9939,-1.0,0.09999999999999998
9940,-6.0,0.09999999999999998
9941,-9.0,0.09999999999999998
9942,-10.0,0.09999999999999998
9943,2.0,0.09999999999999998
9944,7.0,0.09999999999999998
9945,9.0,0.09999999999999998
9946,2.0,0.09999999999999998
9947,-12.0,0.09999999999999998
9948,-5.0,0.09999999999999998
9949,-1.0,0.09999999999999998
9950,9.0,0.09999999999999998
9951,-5.0,0.09999999999999998
9952,-12.0,0.09999999999999998
9953,-1.0,0.09999999999999998
9954,-3.0,0.09999999999999998
9955,-1.0,0.09999999999999998
9956,-7.0,0.09999999999999998
9957,-3.0,0.09999999999999998
9958,-3.0,0.09999999999999998
9959,-2.0,0.09999999999999998
9960,-5.0,0.09999999999999998
9961,-6.0,0.09999999999999998
9962,4.0,0.09999999999999998
9963,-7.0,0.09999999999999998
9964,-1.0,0.09999999999999998
9965,-12.0,0.09999999999999998
9966,7.0,0.09999999999999998
9967,-5.0,0.09999999999999998
9968,4.0,0.09999999999999998
9969,-1.0,0.09999999999999998
9970,-5.0,0.09999999999999998
9971,2.0,0.09999999999999998
9972,-10.0,0.09999999999999998
9973,1.0,0.09999999999999998
9974,-12.0,0.09999999999999998
9975,-8.0,0.09999999999999998
9976,-4.0,0.09999999999999998
9977,-10.0,0.09999999999999998
9978,12.0,0.09999999999999998
9979,-12.0,0.09999999999999998
9980,-4.0,0.09999999999999998
9981,-8.0,0.09999999999999998
9982,-2.0,0.09999999999999998
9983,9.0,0.09999999999999998
9984,-12.0,0.09999999999999998
9985,-1.0,0.09999999999999998
9986,-6.0,0.09999999999999998
9987,8.0,0.09999999999999998
9988,6.0,0.09999999999999998
9989,-12.0,0.09999999999999998
9990,-1.0,0.09999999999999998
9991,-8.0,0.09999999999999998
9992,16.0,0.09999999999999998
9993,5.0,0.09999999999999998
9994,-4.0,0.09999999999999998
9995,-3.0,0.09999999999999998
9996,6.0,0.09999999999999998
9997,-4.0,0.09999999999999998
9998,-11.0,0.09999999999999998
9999,7.0,0.09999999999999998
10000,-2.0,0.09999999999999998
10001,-3.0,0.09999999999999998
10002,-12.0,0.09999999999999998
10003,-8.0,0.09999999999999998
10004,-5.0,0.09999999999999998
10005,4.0,0.09999999999999998
10006,-2.0,0.09999999999999998
10007,-3.0,0.09999999999999998
10008,-5.0,0.09999999999999998
10009,-13.0,0.09999999999999998
10010,-6.0,0.09999999999999998
10011,2.0,0.09999999999999998
10012,-4.0,0.09999999999999998
10013,4.0,0.09999999999999998
10014,-8.0,0.09999999999999998
10015,-12.0,0.09999999999999998
10016,-4.0,0.09999999999999998
10017,-6.0,0.09999999999999998
10018,-5.0,0.09999999999999998
10019,-17.0,0.09999999999999998
10020,-9.0,0.09999999999999998
10021,-4.0,0.09999999999999998
10022,-8.0,0.09999999999999998
10023,-6.0,0.09999999999999998
10024,2.0,0.09999999999999998
10025,-1.0,0.09999999999999998
10026,-10.0,0.09999999999999998
10027,3.0,0.09999999999999998
10028,-14.0,0.09999999999999998
10029,1.0,0.09999999999999998
10030,-5.0,0.09999999999999998
10031,-1.0,0.09999999999999998
10032,12.0,0.09999999999999998
10033,5.0,0.09999999999999998
10034,-9.0,0.09999999999999998
10035,-1.0,0.09999999999999998
10036,-11.0,0.09999999999999998
10037,-1.0,0.09999999999999998
10038,-6.0,0.09999999999999998
10039,-8.0,0.09999999999999998
10040,1.0,0.09999999999999998
10041,-12.0,0.09999999999999998
10042,-6.0,0.09999999999999998
10043,-12.0,0.09999999999999998
10044,-7.0,0.09999999999999998
10045,-13.0,0.09999999999999998
10046,-2.0,0.09999999999999998
10047,6.0,0.09999999999999998
10048,2.0,0.09999999999999998
10049,1.0,0.09999999999999998
10050,-12.0,0.09999999999999998
10051,1.0,0.09999999999999998
10052,-7.0,0.09999999999999998
10053,-6.0,0.09999999999999998
10054,7.0,0.09999999999999998
10055,-9.0,0.09999999999999998
10056,-1.0,0.09999999999999998
10057,-11.0,0.09999999999999998
10058,4.0,0.09999999999999998
10059,-1.0,0.09999999999999998
10060,-12.0,0.09999999999999998
10061,1.0,0.09999999999999998
10062,-4.0,0.09999999999999998
10063,12.0,0.09999999999999998
10064,-1.0,0.09999999999999998
10065,-6.0,0.09999999999999998
10066,-6.0,0.09999999999999998
10067,5.0,0.09999999999999998
10068,3.0,0.09999999999999998
10069,-10.0,0.09999999999999998
10070,-1.0,0.09999999999999998
10071,-4.0,0.09999999999999998
10072,-4.0,0.09999999999999998
10073,-7.0,0.09999999999999998
10074,-4.0,0.09999999999999998
10075,-10.0,0.09999999999999998
10076,7.0,0.09999999999999998
10077,-3.0,0.09999999999999998
10078,8.0,0.09999999999999998
10079,-1.0,0.09999999999999998
10080,-12.0,0.09999999999999998
10081,1.0,0.09999999999999998
10082,-14.0,0.09999999999999998
10083,-3.0,0.09999999999999998
10084,-7.0,0.09999999999999998
10085,-3.0,0.09999999999999998
10086,-6.0,0.09999999999999998
10087,1.0,0.09999999999999998
10088,-6.0,0.09999999999999998
10089,-1.0,0.09999999999999998
10090,1.0,0.09999999999999998
10091,-3.0,0.09999999999999998
10092,-3.0,0.09999999999999998
10093,-8.0,0.09999999999999998
10094,-8.0,0.09999999999999998
10095,-1.0,0.09999999999999998
10096,-6.0,0.09999999999999998
10097,-6.0,0.09999999999999998
10098,-10.0,0.09999999999999998
10099,-4.0,0.09999999999999998
10100,-16.0,0.09999999999999998
10101,1.0,0.09999999999999998
10102,-3.0,0.09999999999999998
10103,-13.0,0.09999999999999998
10104,-6.0,0.09999999999999998
10105,-7.0,0.09999999999999998
10106,-3.0,0.09999999999999998
10107,-9.0,0.09999999999999998
10108,-13.0,0.09999999999999998
10109,-8.0,0.09999999999999998
10110,-6.0,0.09999999999999998
10111,-2.0,0.09999999999999998
10112,-2.0,0.09999999999999998
10113,-6.0,0.09999999999999998
10114,-9.0,0.09999999999999998
10115,1.0,0.09999999999999998
10116,-5.0,0.09999999999999998
10117,11.0,0.09999999999999998
10118,3.0,0.09999999999999998
10119,3.0,0.09999999999999998
10120,-1.0,0.09999999999999998
10121,-5.0,0.09999999999999998
10122,4.0,0.09999999999999998
10123,-1.0,0.09999999999999998
10124,5.0,0.09999999999999998
10125,5.0,0.09999999999999998
10126,-13.0,0.09999999999999998
10127,-8.0,0.09999999999999998
10128,9.0,0.09999999999999998
10129,-3.0,0.09999999999999998
10130,-9.0,0.09999999999999998
10131,-7.0,0.09999999999999998
10132,-10.0,0.09999999999999998
10133,-9.0,0.09999999999999998
10134,-1.0,0.09999999999999998
10135,-7.0,0.09999999999999998
10136,4.0,0.09999999999999998
10137,-6.0,0.09999999999999998
10138,-9.0,0.09999999999999998
10139,3.0,0.09999999999999998
10140,-3.0,0.09999999999999998
10141,3.0,0.09999999999999998
10142,-6.0,0.09999999999999998
10143,-8.0,0.09999999999999998
10144,-5.0,0.09999999999999998
10145,-7.0,0.09999999999999998
10146,6.0,0.09999999999999998
10147,-3.0,0.09999999999999998
10148,-8.0,0.09999999999999998
10149,-9.0,0.09999999999999998
10150,-9.0,0.09999999999999998
10151,-9.0,0.09999999999999998
10152,5.0,0.09999999999999998
10153,-10.0,0.09999999999999998
10154,-8.0,0.09999999999999998
10155,-4.0,0.09999999999999998
10156,-5.0,0.09999999999999998
10157,-8.0,0.09999999999999998
10158,-1.0,0.09999999999999998
10159,-2.0,0.09999999999999998
10160,-2.0,0.09999999999999998
10161,-4.0,0.09999999999999998
10162,-12.0,0.09999999999999998
10163,-9.0,0.09999999999999998
10164,1.0,0.09999999999999998
10165,-8.0,0.09999999999999998
10166,-8.0,0.09999999999999998
10167,-13.0,0.09999999999999998
10168,5.0,0.09999999999999998
10169,-9.0,0.09999999999999998
10170,-3.0,0.09999999999999998
10171,-12.0,0.09999999999999998
10172,-9.0,0.09999999999999998
10173,-8.0,0.09999999999999998
10174,-11.0,0.09999999999999998
10175,3.0,0.09999999999999998
10176,-11.0,0.09999999999999998
10177,-1.0,0.09999999999999998
10178,1.0,0.09999999999999998
10179,5.0,0.09999999999999998
10180,-5.0,0.09999999999999998
10181,-18.0,0.09999999999999998
10182,-11.0,0.09999999999999998
10183,2.0,0.09999999999999998
10184,-14.0,0.09999999999999998
10185,-10.0,0.09999999999999998
10186,1.0,0.09999999999999998
10187,1.0,0.09999999999999998
10188,-1.0,0.09999999999999998
10189,5.0,0.09999999999999998
10190,-6.0,0.09999999999999998
10191,-2.0,0.09999999999999998
10192,5.0,0.09999999999999998
10193,-3.0,0.09999999999999998
10194,-2.0,0.09999999999999998
10195,6.0,0.09999999999999998
10196,-11.0,0.09999999999999998
10197,-1.0,0.09999999999999998
10198,4.0,0.09999999999999998
10199,-8.0,0.09999999999999998
10200,-8.0,0.09999999999999998
10201,6.0,0.09999999999999998
10202,-3.0,0.09999999999999998
10203,-7.0,0.09999999999999998
10204,4.0,0.09999999999999998
10205,-7.0,0.09999999999999998
10206,1.0,0.09999999999999998
10207,4.0,0.09999999999999998
10208,10.0,0.09999999999999998
10209,2.0,0.09999999999999998
10210,-6.0,0.09999999999999998
10211,7.0,0.09999999999999998
10212,-12.0,0.09999999999999998
10213,-5.0,0.09999999999999998
10214,-6.0,0.09999999999999998
10215,-9.0,0.09999999999999998
10216,-1.0,0.09999999999999998
10217,-6.0,0.09999999999999998
10218,4.0,0.09999999999999998
10219,-3.0,0.09999999999999998
10220,-4.0,0.09999999999999998
10221,-7.0,0.09999999999999998
10222,-4.0,0.09999999999999998
10223,-1.0,0.09999999999999998
10224,1.0,0.09999999999999998
10225,-8.0,0.09999999999999998
10226,-4.0,0.09999999999999998
10227,-6.0,0.09999999999999998
10228,-6.0,0.09999999999999998
10229,-5.0,0.09999999999999998
10230,1.0,0.09999999999999998
10231,-6.0,0.09999999999999998
10232,-8.0,0.09999999999999998
10233,-4.0,0.09999999999999998
10234,2.0,0.09999999999999998
10235,-11.0,0.09999999999999998
10236,1.0,0.09999999999999998
10237,9.0,0.09999999999999998
10238,-5.0,0.09999999999999998
10239,2.0,0.09999999999999998
10240,4.0,0.09999999999999998
10241,-8.0,0.09999999999999998
10242,-6.0,0.09999999999999998
10243,-7.0,0.09999999999999998
10244,-3.0,0.09999999999999998
10245,-1.0,0.09999999999999998
10246,-6.0,0.09999999999999998
10247,-7.0,0.09999999999999998
10248,5.0,0.09999999999999998
10249,-9.0,0.09999999999999998
10250,-4.0,0.09999999999999998
10251,-14.0,0.09999999999999998
10252,-1.0,0.09999999999999998
10253,2.0,0.09999999999999998
10254,-8.0,0.09999999999999998
10255,-1.0,0.09999999999999998
10256,-4.0,0.09999999999999998
10257,-2.0,0.09999999999999998
10258,-5.0,0.09999999999999998
10259,-11.0,0.09999999999999998
10260,-7.0,0.09999999999999998
10261,1.0,0.09999999999999998
10262,8.0,0.09999999999999998
10263,-8.0,0.09999999999999998
10264,-8.0,0.09999999999999998
10265,1.0,0.09999999999999998
10266,-12.0,0.09999999999999998
10267,-10.0,0.09999999999999998
10268,-12.0,0.09999999999999998
10269,-5.0,0.09999999999999998
10270,-7.0,0.09999999999999998
10271,1.0,0.09999999999999998
10272,-2.0,0.09999999999999998
10273,-11.0,0.09999999999999998
10274,-3.0,0.09999999999999998
10275,6.0,0.09999999999999998
10276,-5.0,0.09999999999999998
10277,-14.0,0.09999999999999998
10278,-10.0,0.09999999999999998
10279,-7.0,0.09999999999999998
10280,-7.0,0.09999999999999998
10281,6.0,0.09999999999999998
10282,8.0,0.09999999999999998
10283,-8.0,0.09999999999999998
10284,-1.0,0.09999999999999998
10285,2.0,0.09999999999999998
10286,-10.0,0.09999999999999998
10287,-1.0,0.09999999999999998
10288,-3.0,0.09999999999999998
10289,2.0,0.09999999999999998
10290,-11.0,0.09999999999999998
10291,-6.0,0.09999999999999998
10292,-6.0,0.09999999999999998
10293,-9.0,0.09999999999999998
10294,-1.0,0.09999999999999998
10295,-9.0,0.09999999999999998
10296,6.0,0.09999999999999998
10297,-10.0,0.09999999999999998
10298,-8.0,0.09999999999999998
10299,4.0,0.09999999999999998
10300,2.0,0.09999999999999998
10301,-2.0,0.09999999999999998
10302,-6.0,0.09999999999999998
10303,6.0,0.09999999999999998
10304,-1.0,0.09999999999999998
10305,9.0,0.09999999999999998
10306,6.0,0.09999999999999998
10307,-3.0,0.09999999999999998
10308,3.0,0.09999999999999998
10309,-12.0,0.09999999999999998
10310,-7.0,0.09999999999999998
10311,-8.0,0.09999999999999998
10312,-4.0,0.09999999999999998
10313,-3.0,0.09999999999999998
10314,-4.0,0.09999999999999998
10315,4.0,0.09999999999999998
10316,2.0,0.09999999999999998
10317,-9.0,0.09999999999999998
10318,-11.0,0.09999999999999998
10319,-3.0,0.09999999999999998
10320,-7.0,0.09999999999999998
10321,-7.0,0.09999999999999998
10322,-5.0,0.09999999999999998
10323,-3.0,0.09999999999999998
10324,-5.0,0.09999999999999998
10325,-2.0,0.09999999999999998
10326,-9.0,0.09999999999999998
10327,8.0,0.09999999999999998
10328,-7.0,0.09999999999999998
10329,-1.0,0.09999999999999998
10330,-10.0,0.09999999999999998
10331,-2.0,0.09999999999999998
10332,-17.0,0.09999999999999998
10333,2.0,0.09999999999999998
10334,-8.0,0.09999999999999998
10335,8.0,0.09999999999999998
10336,5.0,0.09999999999999998
10337,-8.0,0.09999999999999998
10338,-4.0,0.09999999999999998
10339,-1.0,0.09999999999999998
10340,-9.0,0.09999999999999998
10341,-8.0,0.09999999999999998
10342,-4.0,0.09999999999999998
10343,-6.0,0.09999999999999998
10344,-3.0,0.09999999999999998
10345,1.0,0.09999999999999998
10346,-6.0,0.09999999999999998
10347,-9.0,0.09999999999999998
10348,-9.0,0.09999999999999998
10349,-1.0,0.09999999999999998
10350,-4.0,0.09999999999999998
10351,-8.0,0.09999999999999998
10352,10.0,0.09999999999999998
10353,1.0,0.09999999999999998
10354,-4.0,0.09999999999999998
10355,1.0,0.09999999999999998
10356,7.0,0.09999999999999998
10357,3.0,0.09999999999999998
10358,-5.0,0.09999999999999998
10359,1.0,0.09999999999999998
10360,-9.0,0.09999999999999998
10361,-14.0,0.09999999999999998
10362,6.0,0.09999999999999998
10363,-11.0,0.09999999999999998
10364,-5.0,0.09999999999999998
10365,1.0,0.09999999999999998
10366,-9.0,0.09999999999999998
10367,-5.0,0.09999999999999998
10368,10.0,0.09999999999999998
10369,-10.0,0.09999999999999998
10370,-8.0,0.09999999999999998
10371,3.0,0.09999999999999998
10372,-16.0,0.09999999999999998
10373,-10.0,0.09999999999999998
10374,-6.0,0.09999999999999998
10375,-4.0,0.09999999999999998
10376,-9.0,0.09999999999999998
10377,-9.0,0.09999999999999998
10378,-1.0,0.09999999999999998
10379,-3.0,0.09999999999999998
10380,-12.0,0.09999999999999998
10381,-7.0,0.09999999999999998
10382,4.0,0.09999999999999998
10383,-2.0,0.09999999999999998
10384,7.0,0.09999999999999998
10385,2.0,0.09999999999999998
10386,-6.0,0.09999999999999998
10387,-15.0,0.09999999999999998
10388,-4.0,0.09999999999999998
10389,-8.0,0.09999999999999998
10390,1.0,0.09999999999999998
10391,-6.0,0.09999999999999998
10392,-6.0,0.09999999999999998
10393,-12.0,0.09999999999999998
10394,-12.0,0.09999999999999998
10395,-2.0,0.09999999999999998
10396,-13.0,0.09999999999999998
10397,-1.0,0.09999999999999998
10398,-9.0,0.09999999999999998
10399,-2.0,0.09999999999999998
10400,-8.0,0.09999999999999998
10401,-5.0,0.09999999999999998
10402,-1.0,0.09999999999999998
10403,-4.0,0.09999999999999998
10404,-6.0,0.09999999999999998
10405,-5.0,0.09999999999999998
10406,-8.0,0.09999999999999998
10407,-2.0,0.09999999999999998
10408,-1.0,0.09999999999999998
10409,-8.0,0.09999999999999998
10410,-6.0,0.09999999999999998
10411,13.0,0.09999999999999998
10412,-1.0,0.09999999999999998
10413,-9.0,0.09999999999999998
10414,-4.0,0.09999999999999998
10415,-2.0,0.09999999999999998
10416,-6.0,0.09999999999999998
10417,5.0,0.09999999999999998
10418,-8.0,0.09999999999999998
10419,9.0,0.09999999999999998
10420,-6.0,0.09999999999999998
10421,-6.0,0.09999999999999998
10422,-9.0,0.09999999999999998
10423,6.0,0.09999999999999998
10424,-2.0,0.09999999999999998
10425,-1.0,0.09999999999999998
10426,-13.0,0.09999999999999998
10427,-2.0,0.09999999999999998
10428,-1.0,0.09999999999999998
10429,10.0,0.09999999999999998
10430,5.0,0.09999999999999998
10431,-2.0,0.09999999999999998
10432,-2.0,0.09999999999999998
10433,2.0,0.09999999999999998
10434,-2.0,0.09999999999999998
10435,-3.0,0.09999999999999998
10436,-5.0,0.09999999999999998
10437,14.0,0.09999999999999998
10438,-10.0,0.09999999999999998
10439,-9.0,0.09999999999999998
10440,-9.0,0.09999999999999998
10441,5.0,0.09999999999999998
10442,-1.0,0.09999999999999998
10443,-7.0,0.09999999999999998
10444,-8.0,0.09999999999999998
10445,-10.0,0.09999999999999998
10446,-4.0,0.09999999999999998
10447,3.0,0.09999999999999998
10448,-2.0,0.09999999999999998
10449,-10.0,0.09999999999999998
10450,-15.0,0.09999999999999998
10451,-2.0,0.09999999999999998
10452,-1.0,0.09999999999999998
10453,-10.0,0.09999999999999998
10454,-14.0,0.09999999999999998
10455,-1.0,0.09999999999999998
10456,-6.0,0.09999999999999998
10457,6.0,0.09999999999999998
10458,-10.0,0.09999999999999998
10459,-11.0,0.09999999999999998
10460,3.0,0.09999999999999998
10461,-8.0,0.09999999999999998
10462,11.0,0.09999999999999998
10463,-1.0,0.09999999999999998
10464,-1.0,0.09999999999999998
10465,6.0,0.09999999999999998
10466,-1.0,0.09999999999999998
10467,-10.0,0.09999999999999998
10468,-14.0,0.09999999999999998
10469,-11.0,0.09999999999999998
10470,-7.0,0.09999999999999998
10471,-12.0,0.09999999999999998
10472,7.0,0.09999999999999998
10473,5.0,0.09999999999999998
10474,2.0,0.09999999999999998
10475,-9.0,0.09999999999999998
10476,-6.0,0.09999999999999998
10477,-9.0,0.09999999999999998
10478,-9.0,0.09999999999999998
10479,-8.0,0.09999999999999998
10480,-4.0,0.09999999999999998
10481,-6.0,0.09999999999999998
10482,-3.0,0.09999999999999998
10483,-15.0,0.09999999999999998
10484,-6.0,0.09999999999999998
10485,-6.0,0.09999999999999998
10486,-6.0,0.09999999999999998
10487,-3.0,0.09999999999999998
10488,2.0,0.09999999999999998
10489,-7.0,0.09999999999999998
10490,10.0,0.09999999999999998
10491,-2.0,0.09999999999999998
10492,-5.0,0.09999999999999998
10493,-1.0,0.09999999999999998
10494,1.0,0.09999999999999998
10495,-10.0,0.09999999999999998
10496,-10.0,0.09999999999999998
10497,3.0,0.09999999999999998
10498,-6.0,0.09999999999999998
10499,-4.0,0.09999999999999998
10500,-1.0,0.09999999999999998
10501,-5.0,0.09999999999999998
10502,2.0,0.09999999999999998
10503,1.0,0.09999999999999998
10504,-8.0,0.09999999999999998
10505,-15.0,0.09999999999999998
10506,-3.0,0.09999999999999998
10507,-17.0,0.09999999999999998
10508,-7.0,0.09999999999999998
10509,-14.0,0.09999999999999998
10510,-12.0,0.09999999999999998
10511,9.0,0.09999999999999998
10512,-10.0,0.09999999999999998
10513,-1.0,0.09999999999999998
10514,3.0,0.09999999999999998
10515,-1.0,0.09999999999999998
10516,4.0,0.09999999999999998
10517,-12.0,0.09999999999999998
10518,-3.0,0.09999999999999998
10519,-14.0,0.09999999999999998
10520,-10.0,0.09999999999999998
10521,-9.0,0.09999999999999998
10522,-10.0,0.09999999999999998
10523,7.0,0.09999999999999998
10524,-7.0,0.09999999999999998
10525,2.0,0.09999999999999998
10526,-2.0,0.09999999999999998
10527,-5.0,0.09999999999999998
10528,-1.0,0.09999999999999998
10529,-9.0,0.09999999999999998
10530,-9.0,0.09999999999999998
10531,-6.0,0.09999999999999998
10532,3.0,0.09999999999999998
10533,-11.0,0.09999999999999998
10534,2.0,0.09999999999999998
10535,-9.0,0.09999999999999998
10536,-1.0,0.09999999999999998
10537,-13.0,0.09999999999999998
10538,3.0,0.09999999999999998
10539,-2.0,0.09999999999999998
10540,3.0,0.09999999999999998
10541,-7.0,0.09999999999999998
10542,2.0,0.09999999999999998
10543,-6.0,0.09999999999999998
10544,2.0,0.09999999999999998
10545,1.0,0.09999999999999998
10546,-10.0,0.09999999999999998
10547,1.0,0.09999999999999998
10548,-3.0,0.09999999999999998
10549,-17.0,0.09999999999999998
10550,2.0,0.09999999999999998
10551,-6.0,0.09999999999999998
10552,-14.0,0.09999999999999998
10553,-12.0,0.09999999999999998
10554,-5.0,0.09999999999999998
10555,-2.0,0.09999999999999998
10556,-4.0,0.09999999999999998
10557,-4.0,0.09999999999999998
10558,8.0,0.09999999999999998
10559,-7.0,0.09999999999999998
10560,-1.0,0.09999999999999998
10561,-1.0,0.09999999999999998
10562,6.0,0.09999999999999998
10563,-5.0,0.09999999999999998
10564,-3.0,0.09999999999999998
10565,-7.0,0.09999999999999998
10566,-8.0,0.09999999999999998
10567,-1.0,0.09999999999999998
10568,5.0,0.09999999999999998
10569,-6.0,0.09999999999999998
10570,-8.0,0.09999999999999998
10571,-6.0,0.09999999999999998
10572,3.0,0.09999999999999998
10573,-1.0,0.09999999999999998
10574,-12.0,0.09999999999999998
10575,-5.0,0.09999999999999998
10576,-9.0,0.09999999999999998
10577,-9.0,0.09999999999999998
10578,-5.0,0.09999999999999998
10579,-10.0,0.09999999999999998
10580,-6.0,0.09999999999999998
10581,-8.0,0.09999999999999998
10582,-1.0,0.09999999999999998
10583,-2.0,0.09999999999999998
10584,-9.0,0.09999999999999998
10585,-11.0,0.09999999999999998
10586,6.0,0.09999999999999998
10587,-10.0,0.09999999999999998
10588,1.0,0.09999999999999998
10589,-5.0,0.09999999999999998
10590,-9.0,0.09999999999999998
10591,7.0,0.09999999999999998
10592,-4.0,0.09999999999999998
10593,-3.0,0.09999999999999998
10594,-7.0,0.09999999999999998
10595,-6.0,0.09999999999999998
10596,-5.0,0.09999999999999998
10597,-11.0,0.09999999999999998
10598,1.0,0.09999999999999998
10599,-10.0,0.09999999999999998
10600,1.0,0.09999999999999998
10601,-14.0,0.09999999999999998
10602,5.0,0.09999999999999998
10603,-8.0,0.09999999999999998
10604,-3.0,0.09999999999999998
10605,-8.0,0.09999999999999998
10606,-1.0,0.09999999999999998
10607,6.0,0.09999999999999998
10608,-6.0,0.09999999999999998
10609,-2.0,0.09999999999999998
10610,-10.0,0.09999999999999998
10611,-3.0,0.09999999999999998
10612,-14.0,0.09999999999999998
10613,-1.0,0.09999999999999998
10614,-11.0,0.09999999999999998
10615,-9.0,0.09999999999999998
10616,-11.0,0.09999999999999998
10617,-1.0,0.09999999999999998
10618,-12.0,0.09999999999999998
10619,-7.0,0.09999999999999998
10620,-7.0,0.09999999999999998
10621,-9.0,0.09999999999999998
10622,-10.0,0.09999999999999998
10623,3.0,0.09999999999999998
10624,5.0,0.09999999999999998
10625,-2.0,0.09999999999999998
10626,-13.0,0.09999999999999998
10627,-11.0,0.09999999999999998
10628,-3.0,0.09999999999999998
10629,6.0,0.09999999999999998
10630,-15.0,0.09999999999999998
10631,-16.0,0.09999999999999998
10632,-9.0,0.09999999999999998
10633,1.0,0.09999999999999998
10634,-15.0,0.09999999999999998
10635,-9.0,0.09999999999999998
10636,-3.0,0.09999999999999998
10637,-4.0,0.09999999999999998
10638,-4.0,0.09999999999999998
10639,-6.0,0.09999999999999998
10640,-4.0,0.09999999999999998
10641,6.0,0.09999999999999998
10642,-2.0,0.09999999999999998
10643,-11.0,0.09999999999999998
10644,-7.0,0.09999999999999998
10645,-5.0,0.09999999999999998
10646,-5.0,0.09999999999999998
10647,3.0,0.09999999999999998
10648,-2.0,0.09999999999999998
10649,3.0,0.09999999999999998
10650,-12.0,0.09999999999999998
10651,7.0,0.09999999999999998
10652,-1.0,0.09999999999999998
10653,-3.0,0.09999999999999998
10654,-6.0,0.09999999999999998
10655,-8.0,0.09999999999999998
10656,2.0,0.09999999999999998
10657,-11.0,0.09999999999999998
10658,6.0,0.09999999999999998
10659,-8.0,0.09999999999999998
10660,-7.0,0.09999999999999998
10661,2.0,0.09999999999999998
10662,4.0,0.09999999999999998
10663,-6.0,0.09999999999999998
10664,-5.0,0.09999999999999998
10665,3.0,0.09999999999999998
10666,-4.0,0.09999999999999998
10667,-4.0,0.09999999999999998
10668,11.0,0.09999999999999998
10669,-14.0,0.09999999999999998
10670,-6.0,0.09999999999999998
10671,-10.0,0.09999999999999998
10672,-8.0,0.09999999999999998
10673,-4.0,0.09999999999999998
10674,-2.0,0.09999999999999998
10675,-1.0,0.09999999999999998
10676,1.0,0.09999999999999998
10677,10.0,0.09999999999999998
10678,5.0,0.09999999999999998
10679,14.0,0.09999999999999998
10680,-17.0,0.09999999999999998
10681,-12.0,0.09999999999999998
10682,1.0,0.09999999999999998
10683,-1.0,0.09999999999999998
10684,-5.0,0.09999999999999998
10685,-8.0,0.09999999999999998
10686,-1.0,0.09999999999999998
10687,-4.0,0.09999999999999998
10688,-8.0,0.09999999999999998
10689,-3.0,0.09999999999999998
10690,-1.0,0.09999999999999998
10691,-9.0,0.09999999999999998
10692,-4.0,0.09999999999999998
10693,-12.0,0.09999999999999998
10694,-10.0,0.09999999999999998
10695,-1.0,0.09999999999999998
10696,-10.0,0.09999999999999998
10697,-6.0,0.09999999999999998
10698,-3.0,0.09999999999999998
10699,-5.0,0.09999999999999998
10700,-9.0,0.09999999999999998
10701,-2.0,0.09999999999999998
10702,-3.0,0.09999999999999998
10703,-6.0,0.09999999999999998
10704,-11.0,0.09999999999999998
10705,1.0,0.09999999999999998
10706,1.0,0.09999999999999998
10707,-1.0,0.09999999999999998
10708,-4.0,0.09999999999999998
10709,-13.0,0.09999999999999998
10710,-7.0,0.09999999999999998
10711,-2.0,0.09999999999999998
10712,-11.0,0.09999999999999998
10713,-11.0,0.09999999999999998
10714,-7.0,0.09999999999999998
10715,-2.0,0.09999999999999998
10716,-7.0,0.09999999999999998
10717,-1.0,0.09999999999999998
10718,-12.0,0.09999999999999998
10719,-1.0,0.09999999999999998
10720,2.0,0.09999999999999998
10721,1.0,0.09999999999999998
10722,-10.0,0.09999999999999998
10723,-14.0,0.09999999999999998
10724,-5.0,0.09999999999999998
10725,8.0,0.09999999999999998
10726,-8.0,0.09999999999999998
10727,-10.0,0.09999999999999998
10728,-4.0,0.09999999999999998
10729,6.0,0.09999999999999998
10730,-6.0,0.09999999999999998
10731,-2.0,0.09999999999999998
10732,-10.0,0.09999999999999998
10733,-9.0,0.09999999999999998
10734,-11.0,0.09999999999999998
10735,-9.0,0.09999999999999998
10736,2.0,0.09999999999999998
10737,5.0,0.09999999999999998
10738,-1.0,0.09999999999999998
10739,3.0,0.09999999999999998
10740,-8.0,0.09999999999999998
10741,-5.0,0.09999999999999998
10742,-5.0,0.09999999999999998
10743,5.0,0.09999999999999998
10744,-12.0,0.09999999999999998
10745,-8.0,0.09999999999999998
10746,2.0,0.09999999999999998
10747,-4.0,0.09999999999999998
10748,-5.0,0.09999999999999998
10749,-12.0,0.09999999999999998
10750,-11.0,0.09999999999999998
10751,2.0,0.09999999999999998
10752,-3.0,0.09999999999999998
10753,2.0,0.09999999999999998
10754,-1.0,0.09999999999999998
10755,2.0,0.09999999999999998
10756,-5.0,0.09999999999999998
10757,-4.0,0.09999999999999998
10758,-12.0,0.09999999999999998
10759,-10.0,0.09999999999999998
10760,4.0,0.09999999999999998
10761,-10.0,0.09999999999999998
10762,-13.0,0.09999999999999998
10763,1.0,0.09999999999999998
10764,-1.0,0.09999999999999998
10765,-6.0,0.09999999999999998
10766,-1.0,0.09999999999999998
10767,5.0,0.09999999999999998
10768,-10.0,0.09999999999999998
10769,-7.0,0.09999999999999998
10770,-8.0,0.09999999999999998
10771,-1.0,0.09999999999999998
10772,-10.0,0.09999999999999998
10773,-10.0,0.09999999999999998
10774,-9.0,0.09999999999999998
10775,-6.0,0.09999999999999998
10776,8.0,0.09999999999999998
10777,-4.0,0.09999999999999998
10778,-7.0,0.09999999999999998
10779,8.0,0.09999999999999998
10780,-14.0,0.09999999999999998
10781,-6.0,0.09999999999999998
10782,-10.0,0.09999999999999998
10783,4.0,0.09999999999999998
10784,-4.0,0.09999999999999998
10785,-12.0,0.09999999999999998
10786,3.0,0.09999999999999998
10787,-6.0,0.09999999999999998
10788,1.0,0.09999999999999998
10789,-2.0,0.09999999999999998
10790,-1.0,0.09999999999999998
10791,-7.0,0.09999999999999998
10792,-1.0,0.09999999999999998
10793,3.0,0.09999999999999998
10794,-2.0,0.09999999999999998
10795,-13.0,0.09999999999999998
10796,-7.0,0.09999999999999998
10797,-10.0,0.09999999999999998
10798,-4.0,0.09999999999999998
10799,-5.0,0.09999999999999998
10800,9.0,0.09999999999999998
10801,1.0,0.09999999999999998
10802,-8.0,0.09999999999999998
10803,-6.0,0.09999999999999998
10804,-10.0,0.09999999999999998
10805,-17.0,0.09999999999999998
10806,6.0,0.09999999999999998
10807,-9.0,0.09999999999999998
10808,-14.0,0.09999999999999998
10809,-8.0,0.09999999999999998
10810,-2.0,0.09999999999999998
10811,-11.0,0.09999999999999998
10812,-3.0,0.09999999999999998
10813,-5.0,0.09999999999999998
10814,-1.0,0.09999999999999998
10815,-7.0,0.09999999999999998
10816,-1.0,0.09999999999999998
10817,-9.0,0.09999999999999998
10818,-13.0,0.09999999999999998
10819,-7.0,0.09999999999999998
10820,-4.0,0.09999999999999998
10821,-8.0,0.09999999999999998
10822,-6.0,0.09999999999999998
10823,-5.0,0.09999999999999998
10824,1.0,0.09999999999999998
10825,-8.0,0.09999999999999998
10826,-8.0,0.09999999999999998
10827,1.0,0.09999999999999998
10828,-8.0,0.09999999999999998
10829,-6.0,0.09999999999999998
10830,-2.0,0.09999999999999998
10831,-2.0,0.09999999999999998
10832,-1.0,0.09999999999999998
10833,-13.0,0.09999999999999998
10834,-4.0,0.09999999999999998
10835,-10.0,0.09999999999999998
10836,-8.0,0.09999999999999998
10837,-7.0,0.09999999999999998
10838,-7.0,0.09999999999999998
10839,-8.0,0.09999999999999998
10840,-13.0,0.09999999999999998
10841,-1.0,0.09999999999999998
10842,-1.0,0.09999999999999998
10843,4.0,0.09999999999999998
10844,-3.0,0.09999999999999998
10845,-1.0,0.09999999999999998
10846,-13.0,0.09999999999999998
10847,-18.0,0.09999999999999998
10848,-1.0,0.09999999999999998
10849,4.0,0.09999999999999998
10850,6.0,0.09999999999999998
10851,-8.0,0.09999999999999998
10852,-4.0,0.09999999999999998
10853,-7.0,0.09999999999999998
10854,-7.0,0.09999999999999998
10855,2.0,0.09999999999999998
10856,-4.0,0.09999999999999998
10857,6.0,0.09999999999999998
10858,-3.0,0.09999999999999998
10859,-3.0,0.09999999999999998
10860,2.0,0.09999999999999998
10861,2.0,0.09999999999999998
10862,-9.0,0.09999999999999998
10863,-1.0,0.09999999999999998
10864,-1.0,0.09999999999999998
10865,-1.0,0.09999999999999998
10866,-7.0,0.09999999999999998
10867,-5.0,0.09999999999999998
10868,-1.0,0.09999999999999998
10869,-11.0,0.09999999999999998
10870,-2.0,0.09999999999999998
10871,-11.0,0.09999999999999998
10872,-2.0,0.09999999999999998
10873,-5.0,0.09999999999999998
10874,-7.0,0.09999999999999998
10875,-3.0,0.09999999999999998
10876,5.0,0.09999999999999998
10877,-9.0,0.09999999999999998
10878,-2.0,0.09999999999999998
10879,-5.0,0.09999999999999998
10880,-10.0,0.09999999999999998
10881,-4.0,0.09999999999999998
10882,-5.0,0.09999999999999998
10883,-6.0,0.09999999999999998
10884,-2.0,0.09999999999999998
10885,9.0,0.09999999999999998
10886,3.0,0.09999999999999998
10887,-7.0,0.09999999999999998
10888,-15.0,0.09999999999999998
10889,-3.0,0.09999999999999998
10890,-11.0,0.09999999999999998
10891,-12.0,0.09999999999999998
10892,-12.0,0.09999999999999998
10893,-4.0,0.09999999999999998
10894,-3.0,0.09999999999999998
10895,-5.0,0.09999999999999998
10896,1.0,0.09999999999999998
10897,5.0,0.09999999999999998
10898,-1.0,0.09999999999999998
10899,-10.0,0.09999999999999998
10900,-9.0,0.09999999999999998
10901,-11.0,0.09999999999999998
10902,-12.0,0.09999999999999998
10903,-8.0,0.09999999999999998
10904,-11.0,0.09999999999999998
10905,-9.0,0.09999999999999998
10906,3.0,0.09999999999999998
10907,-10.0,0.09999999999999998
10908,6.0,0.09999999999999998
10909,-1.0,0.09999999999999998
10910,-12.0,0.09999999999999998
10911,7.0,0.09999999999999998
10912,-7.0,0.09999999999999998
10913,-9.0,0.09999999999999998
10914,-7.0,0.09999999999999998
10915,-12.0,0.09999999999999998
10916,-6.0,0.09999999999999998
10917,-8.0,0.09999999999999998
10918,-7.0,0.09999999999999998
10919,-5.0,0.09999999999999998
10920,1.0,0.09999999999999998
10921,-5.0,0.09999999999999998
10922,3.0,0.09999999999999998
10923,-8.0,0.09999999999999998
10924,-8.0,0.09999999999999998
10925,-4.0,0.09999999999999998
10926,-11.0,0.09999999999999998
10927,-3.0,0.09999999999999998
10928,-12.0,0.09999999999999998
10929,3.0,0.09999999999999998
10930,-3.0,0.09999999999999998
10931,-4.0,0.09999999999999998
10932,-6.0,0.09999999999999998
10933,2.0,0.09999999999999998
10934,-13.0,0.09999999999999998
10935,-1.0,0.09999999999999998
10936,-4.0,0.09999999999999998
10937,-5.0,0.09999999999999998
10938,-12.0,0.09999999999999998
10939,-6.0,0.09999999999999998
10940,-13.0,0.09999999999999998
10941,-11.0,0.09999999999999998
10942,-11.0,0.09999999999999998
10943,2.0,0.09999999999999998
10944,-14.0,0.09999999999999998
10945,-7.0,0.09999999999999998
10946,-11.0,0.09999999999999998
10947,4.0,0.09999999999999998
10948,-3.0,0.09999999999999998
10949,-10.0,0.09999999999999998
10950,-13.0,0.09999999999999998
10951,-7.0,0.09999999999999998
10952,-5.0,0.09999999999999998
10953,7.0,0.09999999999999998
10954,-12.0,0.09999999999999998
10955,-13.0,0.09999999999999998
10956,-7.0,0.09999999999999998
10957,-7.0,0.09999999999999998
10958,-9.0,0.09999999999999998
10959,-9.0,0.09999999999999998
10960,-8.0,0.09999999999999998
10961,4.0,0.09999999999999998
10962,-4.0,0.09999999999999998
10963,-3.0,0.09999999999999998
10964,-2.0,0.09999999999999998
10965,-7.0,0.09999999999999998
10966,-6.0,0.09999999999999998
10967,-7.0,0.09999999999999998
10968,-4.0,0.09999999999999998
10969,-9.0,0.09999999999999998
10970,-13.0,0.09999999999999998
10971,-2.0,0.09999999999999998
10972,-1.0,0.09999999999999998
10973,-2.0,0.09999999999999998
10974,2.0,0.09999999999999998
10975,-7.0,0.09999999999999998
10976,3.0,0.09999999999999998
10977,-16.0,0.09999999999999998
10978,-2.0,0.09999999999999998
10979,-13.0,0.09999999999999998
10980,-4.0,0.09999999999999998
10981,-6.0,0.09999999999999998
10982,1.0,0.09999999999999998
10983,-4.0,0.09999999999999998
10984,-12.0,0.09999999999999998
10985,-1.0,0.09999999999999998
10986,-6.0,0.09999999999999998
10987,-4.0,0.09999999999999998
10988,-8.0,0.09999999999999998
10989,-10.0,0.09999999999999998
10990,-1.0,0.09999999999999998
10991,3.0,0.09999999999999998
10992,-1.0,0.09999999999999998
10993,-8.0,0.09999999999999998
10994,-5.0,0.09999999999999998
10995,-12.0,0.09999999999999998
10996,-1.0,0.09999999999999998
10997,-10.0,0.09999999999999998
10998,-10.0,0.09999999999999998
10999,-1.0,0.09999999999999998
11000,4.0,0.09999999999999998
11001,-11.0,0.09999999999999998
11002,-4.0,0.09999999999999998
11003,-7.0,0.09999999999999998
11004,-3.0,0.09999999999999998
11005,-10.0,0.09999999999999998
11006,-13.0,0.09999999999999998
11007,-3.0,0.09999999999999998
11008,-16.0,0.09999999999999998
11009,-10.0,0.09999999999999998
11010,-7.0,0.09999999999999998
11011,-7.0,0.09999999999999998
11012,-7.0,0.09999999999999998
11013,-7.0,0.09999999999999998
11014,-16.0,0.09999999999999998
11015,-1.0,0.09999999999999998
11016,-5.0,0.09999999999999998
11017,-11.0,0.09999999999999998
11018,-7.0,0.09999999999999998
11019,-6.0,0.09999999999999998
11020,-3.0,0.09999999999999998
11021,-6.0,0.09999999999999998
11022,-10.0,0.09999999999999998
11023,-1.0,0.09999999999999998
11024,-7.0,0.09999999999999998
11025,-8.0,0.09999999999999998
11026,-11.0,0.09999999999999998
11027,-9.0,0.09999999999999998
11028,-4.0,0.09999999999999998
11029,-1.0,0.09999999999999998
11030,-1.0,0.09999999999999998
11031,-4.0,0.09999999999999998
11032,-10.0,0.09999999999999998
11033,-13.0,0.09999999999999998
11034,-1.0,0.09999999999999998
11035,2.0,0.09999999999999998
11036,-6.0,0.09999999999999998
11037,-7.0,0.09999999999999998
11038,-2.0,0.09999999999999998
11039,-9.0,0.09999999999999998
11040,-4.0,0.09999999999999998
11041,5.0,0.09999999999999998
11042,4.0,0.09999999999999998
11043,-8.0,0.09999999999999998
11044,-6.0,0.09999999999999998
11045,-1.0,0.09999999999999998
11046,-3.0,0.09999999999999998
11047,-4.0,0.09999999999999998
11048,-6.0,0.09999999999999998
11049,-1.0,0.09999999999999998
11050,-5.0,0.09999999999999998
11051,-1.0,0.09999999999999998
11052,2.0,0.09999999999999998
11053,-1.0,0.09999999999999998
11054,-6.0,0.09999999999999998
11055,-5.0,0.09999999999999998
11056,-3.0,0.09999999999999998
11057,-5.0,0.09999999999999998
11058,-5.0,0.09999999999999998
11059,-3.0,0.09999999999999998
11060,1.0,0.09999999999999998
11061,-9.0,0.09999999999999998
11062,9.0,0.09999999999999998
11063,1.0,0.09999999999999998
11064,-10.0,0.09999999999999998
11065,-9.0,0.09999999999999998
11066,1.0,0.09999999999999998
11067,1.0,0.09999999999999998
11068,-10.0,0.09999999999999998
11069,-11.0,0.09999999999999998
11070,-8.0,0.09999999999999998
11071,-6.0,0.09999999999999998
11072,-2.0,0.09999999999999998
11073,-1.0,0.09999999999999998
11074,-7.0,0.09999999999999998
11075,-7.0,0.09999999999999998
11076,-15.0,0.09999999999999998
11077,2.0,0.09999999999999998
11078,1.0,0.09999999999999998
11079,-10.0,0.09999999999999998
11080,-7.0,0.09999999999999998
11081,-10.0,0.09999999999999998
11082,-4.0,0.09999999999999998
11083,-1.0,0.09999999999999998
11084,-12.0,0.09999999999999998
11085,-3.0,0.09999999999999998
11086,-1.0,0.09999999999999998
11087,-1.0,0.09999999999999998
11088,4.0,0.09999999999999998
11089,-8.0,0.09999999999999998
11090,-9.0,0.09999999999999998
11091,-9.0,0.09999999999999998
11092,-11.0,0.09999999999999998
11093,8.0,0.09999999999999998
11094,-1.0,0.09999999999999998
11095,5.0,0.09999999999999998
11096,-18.0,0.09999999999999998
11097,-6.0,0.09999999999999998
11098,10.0,0.09999999999999998
11099,1.0,0.09999999999999998
11100,-5.0,0.09999999999999998
11101,-7.0,0.09999999999999998
11102,-4.0,0.09999999999999998
11103,-11.0,0.09999999999999998
11104,-5.0,0.09999999999999998
11105,-4.0,0.09999999999999998
11106,-6.0,0.09999999999999998
11107,-8.0,0.09999999999999998
11108,-11.0,0.09999999999999998
11109,6.0,0.09999999999999998
11110,1.0,0.09999999999999998
11111,-9.0,0.09999999999999998
11112,-12.0,0.09999999999999998
11113,1.0,0.09999999999999998
11114,-5.0,0.09999999999999998
11115,10.0,0.09999999999999998
11116,-6.0,0.09999999999999998
11117,-9.0,0.09999999999999998
11118,1.0,0.09999999999999998
11119,-2.0,0.09999999999999998
11120,-3.0,0.09999999999999998
11121,-4.0,0.09999999999999998
11122,-5.0,0.09999999999999998
11123,-5.0,0.09999999999999998
11124,-6.0,0.09999999999999998
11125,-6.0,0.09999999999999998
11126,-11.0,0.09999999999999998
11127,1.0,0.09999999999999998
11128,-4.0,0.09999999999999998
11129,-5.0,0.09999999999999998
11130,4.0,0.09999999999999998
11131,4.0,0.09999999999999998
11132,-9.0,0.09999999999999998
11133,-3.0,0.09999999999999998
11134,1.0,0.09999999999999998
11135,2.0,0.09999999999999998
11136,-10.0,0.09999999999999998
11137,-9.0,0.09999999999999998
11138,-3.0,0.09999999999999998
11139,-5.0,0.09999999999999998
11140,6.0,0.09999999999999998
11141,-1.0,0.09999999999999998
11142,-10.0,0.09999999999999998
11143,-4.0,0.09999999999999998
11144,-6.0,0.09999999999999998
11145,-2.0,0.09999999999999998
11146,-9.0,0.09999999999999998
11147,-5.0,0.09999999999999998
11148,-10.0,0.09999999999999998
11149,6.0,0.09999999999999998
11150,-3.0,0.09999999999999998
11151,-6.0,0.09999999999999998
11152,-9.0,0.09999999999999998
11153,-6.0,0.09999999999999998
11154,-1.0,0.09999999999999998
11155,-1.0,0.09999999999999998
11156,-8.0,0.09999999999999998
11157,-2.0,0.09999999999999998
11158,-1.0,0.09999999999999998
11159,-1.0,0.09999999999999998
11160,1.0,0.09999999999999998
11161,-3.0,0.09999999999999998
11162,-9.0,0.09999999999999998
11163,-6.0,0.09999999999999998
11164,-5.0,0.09999999999999998
11165,-4.0,0.09999999999999998
11166,-8.0,0.09999999999999998
11167,-3.0,0.09999999999999998
11168,-1.0,0.09999999999999998
11169,-1.0,0.09999999999999998
11170,-1.0,0.09999999999999998
11171,-2.0,0.09999999999999998
11172,-6.0,0.09999999999999998
11173,-8.0,0.09999999999999998
11174,-11.0,0.09999999999999998
11175,-8.0,0.09999999999999998
11176,-6.0,0.09999999999999998
11177,-10.0,0.09999999999999998
11178,1.0,0.09999999999999998
11179,-1.0,0.09999999999999998
11180,-4.0,0.09999999999999998
11181,-1.0,0.09999999999999998
11182,-2.0,0.09999999999999998
11183,-1.0,0.09999999999999998
11184,-10.0,0.09999999999999998
11185,-1.0,0.09999999999999998
11186,-4.0,0.09999999999999998
11187,-6.0,0.09999999999999998
11188,-15.0,0.09999999999999998
11189,4.0,0.09999999999999998
11190,-5.0,0.09999999999999998
11191,-5.0,0.09999999999999998
11192,7.0,0.09999999999999998
11193,-1.0,0.09999999999999998
11194,-6.0,0.09999999999999998
11195,-14.0,0.09999999999999998
11196,-1.0,0.09999999999999998
11197,-3.0,0.09999999999999998
11198,-10.0,0.09999999999999998
11199,-1.0,0.09999999999999998
11200,4.0,0.09999999999999998
11201,-3.0,0.09999999999999998
11202,-1.0,0.09999999999999998
11203,-2.0,0.09999999999999998
11204,-4.0,0.09999999999999998
11205,-11.0,0.09999999999999998
11206,-1.0,0.09999999999999998
11207,3.0,0.09999999999999998
11208,-2.0,0.09999999999999998
11209,-7.0,0.09999999999999998
11210,-5.0,0.09999999999999998
11211,-11.0,0.09999999999999998
11212,-10.0,0.09999999999999998
11213,-6.0,0.09999999999999998
11214,2.0,0.09999999999999998
11215,-9.0,0.09999999999999998
11216,-3.0,0.09999999999999998
11217,-6.0,0.09999999999999998
11218,-4.0,0.09999999999999998
11219,-9.0,0.09999999999999998
11220,-12.0,0.09999999999999998
11221,3.0,0.09999999999999998
11222,-12.0,0.09999999999999998
11223,-7.0,0.09999999999999998
11224,-6.0,0.09999999999999998
11225,-5.0,0.09999999999999998
11226,-8.0,0.09999999999999998
11227,-1.0,0.09999999999999998
11228,-11.0,0.09999999999999998
11229,-7.0,0.09999999999999998
11230,-6.0,0.09999999999999998
11231,-5.0,0.09999999999999998
11232,-5.0,0.09999999999999998
11233,-12.0,0.09999999999999998
11234,12.0,0.09999999999999998
11235,2.0,0.09999999999999998
11236,-6.0,0.09999999999999998
11237,-2.0,0.09999999999999998
11238,-12.0,0.09999999999999998
11239,-8.0,0.09999999999999998
11240,-5.0,0.09999999999999998
11241,3.0,0.09999999999999998
11242,5.0,0.09999999999999998
11243,-3.0,0.09999999999999998
11244,-6.0,0.09999999999999998
11245,-6.0,0.09999999999999998
11246,-8.0,0.09999999999999998
11247,-3.0,0.09999999999999998
11248,4.0,0.09999999999999998
11249,-5.0,0.09999999999999998
11250,-5.0,0.09999999999999998
11251,-9.0,0.09999999999999998
11252,-10.0,0.09999999999999998
11253,-10.0,0.09999999999999998
11254,-8.0,0.09999999999999998
11255,-10.0,0.09999999999999998
11256,-12.0,0.09999999999999998
11257,-5.0,0.09999999999999998
11258,-8.0,0.09999999999999998
11259,-1.0,0.09999999999999998
11260,-1.0,0.09999999999999998
11261,-5.0,0.09999999999999998
11262,-6.0,0.09999999999999998
11263,2.0,0.09999999999999998
11264,-10.0,0.09999999999999998
11265,-4.0,0.09999999999999998
11266,-9.0,0.09999999999999998
11267,-8.0,0.09999999999999998
11268,-15.0,0.09999999999999998
11269,-8.0,0.09999999999999998
11270,4.0,0.09999999999999998
11271,-1.0,0.09999999999999998
11272,-1.0,0.09999999999999998
11273,-1.0,0.09999999999999998
11274,-9.0,0.09999999999999998
11275,-14.0,0.09999999999999998
11276,2.0,0.09999999999999998
11277,3.0,0.09999999999999998
11278,-1.0,0.09999999999999998
11279,-9.0,0.09999999999999998
11280,3.0,0.09999999999999998
11281,-3.0,0.09999999999999998
11282,-7.0,0.09999999999999998
11283,-9.0,0.09999999999999998
11284,-5.0,0.09999999999999998
11285,-11.0,0.09999999999999998
11286,-6.0,0.09999999999999998
11287,-4.0,0.09999999999999998
11288,-9.0,0.09999999999999998
11289,-6.0,0.09999999999999998
11290,-8.0,0.09999999999999998
11291,-3.0,0.09999999999999998
11292,-1.0,0.09999999999999998
11293,-12.0,0.09999999999999998
11294,2.0,0.09999999999999998
11295,1.0,0.09999999999999998
11296,-11.0,0.09999999999999998
11297,-2.0,0.09999999999999998
11298,-1.0,0.09999999999999998
11299,-5.0,0.09999999999999998
11300,-3.0,0.09999999999999998
11301,-3.0,0.09999999999999998
11302,-1.0,0.09999999999999998
11303,-7.0,0.09999999999999998
11304,-3.0,0.09999999999999998
11305,-7.0,0.09999999999999998
11306,-4.0,0.09999999999999998
11307,-1.0,0.09999999999999998
11308,-10.0,0.09999999999999998
11309,-12.0,0.09999999999999998
11310,-1.0,0.09999999999999998
11311,-14.0,0.09999999999999998
11312,-9.0,0.09999999999999998
11313,-9.0,0.09999999999999998
11314,-8.0,0.09999999999999998
11315,-2.0,0.09999999999999998
11316,-5.0,0.09999999999999998
11317,-3.0,0.09999999999999998
11318,1.0,0.09999999999999998
11319,-13.0,0.09999999999999998
11320,-6.0,0.09999999999999998
11321,-9.0,0.09999999999999998
11322,-3.0,0.09999999999999998
11323,-5.0,0.09999999999999998
11324,-8.0,0.09999999999999998
11325,-4.0,0.09999999999999998
11326,-8.0,0.09999999999999998
11327,-9.0,0.09999999999999998
11328,-1.0,0.09999999999999998
11329,-7.0,0.09999999999999998
11330,-1.0,0.09999999999999998
11331,-19.0,0.09999999999999998
11332,-1.0,0.09999999999999998
11333,-8.0,0.09999999999999998
11334,-3.0,0.09999999999999998
11335,-2.0,0.09999999999999998
11336,-5.0,0.09999999999999998
11337,-12.0,0.09999999999999998
11338,-3.0,0.09999999999999998
11339,-7.0,0.09999999999999998
11340,-5.0,0.09999999999999998
11341,-2.0,0.09999999999999998
11342,-11.0,0.09999999999999998
11343,-12.0,0.09999999999999998
11344,-1.0,0.09999999999999998
11345,-12.0,0.09999999999999998
11346,-5.0,0.09999999999999998
11347,-10.0,0.09999999999999998
11348,-4.0,0.09999999999999998
11349,-1.0,0.09999999999999998
11350,-8.0,0.09999999999999998
11351,-4.0,0.09999999999999998
11352,-4.0,0.09999999999999998
11353,-1.0,0.09999999999999998
11354,-1.0,0.09999999999999998
11355,-1.0,0.09999999999999998
11356,-10.0,0.09999999999999998
11357,-4.0,0.09999999999999998
11358,-6.0,0.09999999999999998
11359,4.0,0.09999999999999998
11360,2.0,0.09999999999999998
11361,-8.0,0.09999999999999998
11362,-5.0,0.09999999999999998
11363,-8.0,0.09999999999999998
11364,-7.0,0.09999999999999998
11365,-9.0,0.09999999999999998
11366,-4.0,0.09999999999999998
11367,-1.0,0.09999999999999998
11368,-1.0,0.09999999999999998
11369,-4.0,0.09999999999999998
11370,-1.0,0.09999999999999998
11371,-9.0,0.09999999999999998
11372,-3.0,0.09999999999999998
11373,-11.0,0.09999999999999998
11374,-12.0,0.09999999999999998
11375,3.0,0.09999999999999998
11376,-1.0,0.09999999999999998
11377,-6.0,0.09999999999999998
11378,-11.0,0.09999999999999998
11379,-1.0,0.09999999999999998
11380,2.0,0.09999999999999998
11381,-4.0,0.09999999999999998
11382,-8.0,0.09999999999999998
11383,-2.0,0.09999999999999998
11384,-3.0,0.09999999999999998
11385,-3.0,0.09999999999999998
11386,-10.0,0.09999999999999998
11387,-8.0,0.09999999999999998
11388,-5.0,0.09999999999999998
11389,-9.0,0.09999999999999998
11390,1.0,0.09999999999999998
11391,-14.0,0.09999999999999998
11392,-4.0,0.09999999999999998
11393,1.0,0.09999999999999998
11394,-9.0,0.09999999999999998
11395,1.0,0.09999999999999998
11396,-5.0,0.09999999999999998
11397,3.0,0.09999999999999998
11398,-5.0,0.09999999999999998
11399,-9.0,0.09999999999999998
11400,-5.0,0.09999999999999998
11401,-8.0,0.09999999999999998
11402,-5.0,0.09999999999999998
11403,-6.0,0.09999999999999998
11404,-9.0,0.09999999999999998
11405,-14.0,0.09999999999999998
11406,-5.0,0.09999999999999998
11407,-12.0,0.09999999999999998
11408,-8.0,0.09999999999999998
11409,-7.0,0.09999999999999998
11410,-9.0,0.09999999999999998
11411,-5.0,0.09999999999999998
11412,-12.0,0.09999999999999998
11413,-10.0,0.09999999999999998
11414,-2.0,0.09999999999999998
11415,5.0,0.09999999999999998
11416,-1.0,0.09999999999999998
11417,-12.0,0.09999999999999998
11418,-6.0,0.09999999999999998
11419,-8.0,0.09999999999999998
11420,-10.0,0.09999999999999998
11421,-7.0,0.09999999999999998
11422,-11.0,0.09999999999999998
11423,2.0,0.09999999999999998
11424,-5.0,0.09999999999999998
11425,-5.0,0.09999999999999998
11426,-1.0,0.09999999999999998
11427,-1.0,0.09999999999999998
11428,5.0,0.09999999999999998
11429,-14.0,0.09999999999999998
11430,5.0,0.09999999999999998
11431,-6.0,0.09999999999999998
11432,-10.0,0.09999999999999998
11433,-3.0,0.09999999999999998
11434,-3.0,0.09999999999999998
11435,-4.0,0.09999999999999998
11436,-5.0,0.09999999999999998
11437,-1.0,0.09999999999999998
11438,-13.0,0.09999999999999998
11439,-6.0,0.09999999999999998
11440,-14.0,0.09999999999999998
11441,-9.0,0.09999999999999998
11442,-8.0,0.09999999999999998
11443,1.0,0.09999999999999998
11444,6.0,0.09999999999999998
11445,-12.0,0.09999999999999998
11446,-8.0,0.09999999999999998
11447,-6.0,0.09999999999999998
11448,-9.0,0.09999999999999998
11449,-4.0,0.09999999999999998
11450,-4.0,0.09999999999999998
11451,1.0,0.09999999999999998
11452,-3.0,0.09999999999999998
11453,1.0,0.09999999999999998
11454,-14.0,0.09999999999999998
11455,3.0,0.09999999999999998
11456,-10.0,0.09999999999999998
11457,-6.0,0.09999999999999998
11458,-5.0,0.09999999999999998
11459,-1.0,0.09999999999999998
11460,-1.0,0.09999999999999998
11461,4.0,0.09999999999999998
11462,-3.0,0.09999999999999998
11463,-6.0,0.09999999999999998
11464,-6.0,0.09999999999999998
11465,-12.0,0.09999999999999998
11466,-8.0,0.09999999999999998
11467,-8.0,0.09999999999999998
11468,-3.0,0.09999999999999998
11469,6.0,0.09999999999999998
11470,-1.0,0.09999999999999998
11471,-3.0,0.09999999999999998
