episode,reward,epsilon
0,-1.0,0.9983962
1,-5.0,0.9967879
2,-13.0,0.9951796
3,-17.0,0.9935722
4,-2.0,0.9919657
5,2.0,0.9903583
6,-18.0,0.9887518
7,-3.0,0.9871444
8,-7.0,0.9855352
9,-26.0,0.9839287
10,-7.0,0.9823222
11,-25.0,0.9807148
12,-2.0,0.9791047
13,1.0,0.9774991
14,1.0,0.9758926
15,-8.0,0.9742825
16,-6.0,0.972676
17,-2.0,0.9710677
18,3.0,0.9694621
19,-3.0,0.9678538
20,-3.0,0.9662464
21,-11.0,0.964639
22,3.0,0.9630316
23,-3.0,0.961426
24,-7.0,0.9598186
25,-12.0,0.9582094
26,-1.0,0.956602
27,-2.0,0.9549937
28,-16.0,0.9533881
29,2.0,0.9517798
30,2.0,0.9501715
31,-13.0,0.9485659
32,-1.0,0.9469567
33,4.0,0.945352
34,-24.0,0.9437446
35,-1.0,0.9421372
36,-3.0,0.9405298
37,-11.0,0.9389206
38,-8.0,0.9373123
39,-1.0,0.9357076
40,-1.0,0.9340975
41,-10.0,0.9324919
42,-9.0,0.9308854
43,-2.0,0.9292753
44,0.0,0.9276697
45,-9.0,0.9260632
46,-5.0,0.9244549
47,-10.0,0.9228475
48,4.0,0.9212392
49,-27.0,0.9196327
50,-7.0,0.9180253
51,0.0,0.9164179
52,-2.0,0.9148105
53,-5.0,0.9132013
54,-1.0,0.9115939
55,-15.0,0.9099883
56,-18.0,0.9083791
57,-5.0,0.9067735
58,-9.0,0.9051643
59,-3.0,0.9035587
60,-9.0,0.9019513
61,1.0,0.9003439
62,-19.0,0.8987347
63,1.0,0.8971282
64,-27.0,0.8955217
65,2.0,0.8939152
66,0.0,0.8923078
67,-11.0,0.8906977
68,-5.0,0.889093
69,-3.0,0.8874847
70,0.0,0.8858764
71,-4.0,0.884269
72,-5.0,0.8826616
73,0.0,0.8810551
74,-3.0,0.8794476999999999
75,9.0,0.8778394
76,-2.0,0.8762311
77,-6.0,0.8746237
78,-2.0,0.8730163
79,-17.0,0.8714098
80,4.0,0.8698033
81,0.0,0.868195
82,-8.0,0.8665867
83,1.0,0.8649811000000001
84,-3.0,0.8633737
85,-24.0,0.8617645
86,-3.0,0.8601589000000001
87,-5.0,0.8585515
88,3.0,0.8569423
89,2.0,0.8553367000000001
90,-3.0,0.8537275
91,-6.0,0.8521201
92,4.0,0.8505145000000001
93,-2.0,0.8489062
94,-1.0,0.8472997
95,0.0,0.8456932
96,-19.0,0.8440858
97,-7.0,0.8424784
98,-3.0,0.8408683
99,1.0,0.8392627
100,0.0,0.8376544
101,-1.0,0.836047
102,3.0,0.8344387
103,1.0,0.8328313
104,-5.0,0.8312239
105,4.0,0.8296192
106,-1.0,0.8280109
107,-13.0,0.8264026
108,3.0,0.824797
109,-8.0,0.8231878
110,-9.0,0.8215813
111,-4.0,0.8199738999999999
112,-4.0,0.8183647000000001
113,2.0,0.8167599999999999
114,-6.0,0.8151508000000001
115,-1.0,0.8135434
116,-2.0,0.8119351
117,0.0,0.8103286000000001
118,-3.0,0.8087212
119,-9.0,0.8071155999999999
120,-1.0,0.8055082
121,-16.0,0.8038999
122,-3.0,0.8022907
123,-4.0,0.8006842000000001
124,4.0,0.7990786
125,5.0,0.7974703
126,-9.0,0.7958620000000001
127,-16.0,0.7942546
128,-10.0,0.7926481
129,1.0,0.7910398
130,-9.0,0.7894323999999999
131,-6.0,0.7878259
132,-15.0,0.7862167
133,-4.0,0.7846111
134,-7.0,0.7830028
135,-3.0,0.7813972
136,-12.0,0.7797889
137,-21.0,0.7781815
138,-9.0,0.7765732
139,-3.0,0.7749649
140,5.0,0.7733593
141,-2.0,0.7717528
142,-4.0,0.7701435999999999
143,1.0,0.7685362
144,10.0,0.7669288000000001
145,-1.0,0.7653232
146,-14.0,0.7637158
147,-3.0,0.7621066
148,-1.0,0.7605001
149,-9.0,0.7588936
150,2.0,0.7572862
151,-15.0,0.7556761
152,-4.0,0.7540696
153,2.0,0.7524622
154,1.0,0.7508539
155,-9.0,0.7492492
156,-6.0,0.7476418
157,-7.0,0.7460335
158,-6.0,0.744427
159,-10.0,0.7428169
160,1.0,0.7412113
161,0.0,0.7396039
162,-13.0,0.7379974
163,-8.0,0.7363873
164,-10.0,0.7347808
165,1.0,0.7331743
166,-12.0,0.7315651
167,-13.0,0.7299586
168,-7.0,0.7283503
169,-1.0,0.7267456
170,-2.0,0.7251364
171,3.0,0.723529
172,-5.0,0.7219234
173,-6.0,0.7203151
174,-7.0,0.7187068
175,-1.0,0.7170985000000001
176,-3.0,0.7154938
177,-5.0,0.7138837
178,-6.0,0.7122771999999999
179,-5.0,0.7106698
180,-1.0,0.7090642
181,-1.0,0.7074559
182,-2.0,0.7058485
183,-19.0,0.7042402
184,-2.0,0.7026328
185,0.0,0.7010244999999999
186,-6.0,0.6994171
187,-4.0,0.6978097000000001
188,1.0,0.696205
189,-3.0,0.6945967
190,-9.0,0.6929875
191,-14.0,0.6913800999999999
192,2.0,0.6897727
193,7.0,0.688168
194,-2.0,0.6865597
195,-3.0,0.6849514
196,-5.0,0.6833431
197,0.0,0.6817366
198,0.0,0.6801283
199,-2.0,0.6785236
200,-7.0,0.6769162
201,1.0,0.675307
202,4.0,0.6737005
203,4.0,0.6720922
204,1.0,0.6704839
205,-6.0,0.6688765
206,-3.0,0.6672691
207,-5.0,0.6656644
208,4.0,0.6640543
209,1.0,0.6624478
210,5.0,0.6608422
211,2.0,0.659233
212,4.0,0.6576256
213,1.0,0.6560173
214,1.0,0.6544108
215,-3.0,0.6528025
216,-13.0,0.6511969
217,-9.0,0.6495903999999999
218,-1.0,0.6479812
219,-1.0,0.6463756
220,6.0,0.6447655
221,0.0,0.6431608
222,-5.0,0.6415525
223,-9.0,0.6399451
224,-1.0,0.6383377
225,-2.0,0.6367312
226,-1.0,0.6351211
227,0.0,0.6335155
228,-1.0,0.631909
229,-9.0,0.6302998
230,-1.0,0.6286924
231,-5.0,0.6270859
232,-3.0,0.6254767
233,-1.0,0.6238693
234,-4.0,0.6222637
235,-4.0,0.6206554
236,2.0,0.6190471
237,-7.0,0.6174424000000001
238,-1.0,0.6158323
239,1.0,0.6142258
240,-1.0,0.6126193
241,-2.0,0.6110128
242,-9.0,0.6094044999999999
243,-4.0,0.6077962
244,-1.0,0.6061905999999999
245,5.0,0.6045823
246,0.0,0.602974
247,1.0,0.6013657
248,-4.0,0.599761
249,-1.0,0.5981527
250,-20.0,0.5965435
251,-6.0,0.5949379
252,1.0,0.5933314000000001
253,-3.0,0.5917231000000001
254,-2.0,0.5901148
255,0.0,0.5885083
256,2.0,0.5869009000000001
257,-6.0,0.5852917
258,1.0,0.5836852
259,-13.0,0.5820787
260,0.0,0.5804713
261,0.0,0.5788621
262,4.0,0.5772556
263,-5.0,0.57565
264,5.0,0.5740417
265,2.0,0.5724324999999999
266,-4.0,0.5708269
267,2.0,0.5692177
268,1.0,0.5676103
269,-7.0,0.5660056
270,-1.0,0.5643955
271,-6.0,0.562789
272,-1.0,0.5611816000000001
273,2.0,0.5595751
274,6.0,0.5579659
275,7.0,0.5563602999999999
276,-11.0,0.5547511
277,-7.0,0.5531446
278,-4.0,0.5515381
279,4.0,0.5499288999999999
280,6.0,0.5483241999999999
281,-1.0,0.5467141
282,-6.0,0.5451066999999999
283,-4.0,0.5435002
284,-3.0,0.5418946
285,-5.0,0.5402863
286,-1.0,0.5386789
287,1.0,0.5370724
288,2.0,0.5354641
289,3.0,0.5338576
290,-5.0,0.5322475
291,-1.0,0.5306419
292,0.0,0.5290326999999999
293,-5.0,0.5274262
294,-6.0,0.5258206000000001
295,-15.0,0.5242123
296,3.0,0.5226031
297,1.0,0.5209984
298,-1.0,0.5193892
299,-7.0,0.5177827
300,2.0,0.5161744
301,-2.0,0.5145688
302,4.0,0.5129596000000001
303,-3.0,0.5113531
304,11.0,0.5097457000000001
305,-7.0,0.5081382999999999
306,7.0,0.5065318000000001
307,-6.0,0.5049216999999999
308,2.0,0.503317
309,-1.0,0.5017077999999999
310,-1.0,0.5001004
311,2.0,0.49849299999999996
312,6.0,0.4968864999999999
313,3.0,0.4952782
314,0.0,0.49367079999999997
315,4.0,0.49206250000000007
316,3.0,0.49045779999999994
317,3.0,0.4888504
318,-11.0,0.4872421
319,-2.0,0.4856338
320,-3.0,0.4840282
321,3.0,0.4824208
322,-7.0,0.48081339999999995
323,-4.0,0.4792033
324,-3.0,0.4775976999999999
325,8.0,0.4759894
326,6.0,0.47438290000000005
327,-13.0,0.47277459999999993
328,5.0,0.47116900000000006
329,0.0,0.4695616
330,7.0,0.46795149999999996
331,-3.0,0.46634679999999995
332,-8.0,0.4647376
333,-1.0,0.4631311
334,9.0,0.46152190000000004
335,0.0,0.45991629999999994
336,5.0,0.4583098
337,-8.0,0.4567015
338,1.0,0.4550949999999999
339,7.0,0.45348579999999994
340,1.0,0.45187749999999993
341,-1.0,0.4502701
342,5.0,0.4486645
343,-5.0,0.4470562
344,-4.0,0.44544969999999995
345,8.0,0.4438432
346,1.0,0.442234
347,-3.0,0.4406266
348,-3.0,0.4390201
349,-5.0,0.43741090000000005
350,3.0,0.43580530000000006
351,7.0,0.4341978999999999
352,-4.0,0.4325896
353,-12.0,0.4309839999999999
354,1.0,0.4293766
355,4.0,0.42776919999999996
356,4.0,0.42616089999999995
357,6.0,0.4245544
358,-7.0,0.42294699999999996
359,0.0,0.42133960000000004
360,3.0,0.4197295
361,-8.0,0.4181239
362,-1.0,0.41651740000000004
363,-8.0,0.4149090999999999
364,0.0,0.41329989999999994
365,-2.0,0.4116925
366,3.0,0.41008599999999995
367,3.0,0.40847769999999994
368,1.0,0.4068712
369,4.0,0.4052629
370,-3.0,0.40365549999999994
371,-2.0,0.4020481
372,-8.0,0.40044159999999995
373,-5.0,0.39883599999999997
374,2.0,0.3972258999999999
375,-2.0,0.3956212
376,-1.0,0.3940119999999999
377,-4.0,0.3924046
378,0.0,0.3907980999999999
379,0.0,0.3891916000000001
380,-10.0,0.3875815
381,-3.0,0.3859768
382,6.0,0.38436939999999997
383,-5.0,0.3827602
384,-2.0,0.3811545999999999
385,-1.0,0.3795463
386,-2.0,0.37793889999999997
387,-3.0,0.37633059999999996
388,-4.0,0.3747231999999999
389,4.0,0.3731148999999999
390,-2.0,0.37150840000000007
391,3.0,0.3699028
392,-1.0,0.36829539999999994
393,3.0,0.3666853
394,-5.0,0.3650806
395,-6.0,0.36347229999999997
396,0.0,0.3618658
397,-2.0,0.36025569999999996
398,-2.0,0.3586492
399,-4.0,0.35704270000000005
400,0.0,0.3554362
401,7.0,0.353827
402,-4.0,0.3522196000000001
403,9.0,0.350614
404,4.0,0.34900390000000003
405,8.0,0.3473965
406,1.0,0.34578909999999996
407,-7.0,0.34418439999999995
408,0.0,0.3425743
409,-10.0,0.3409696
410,2.0,0.3393613
411,-7.0,0.33775390000000005
412,1.0,0.33614469999999996
413,-3.0,0.33454000000000006
414,1.0,0.33293079999999997
415,-4.0,0.33132249999999996
416,3.0,0.329716
417,6.0,0.3281077
418,1.0,0.32650119999999994
419,1.0,0.32489290000000004
420,-1.0,0.3232864
421,2.0,0.32167900000000005
422,14.0,0.3200715999999999
423,1.0,0.3184659999999999
424,4.0,0.31685589999999997
425,8.0,0.3152503
426,7.0,0.313642
427,7.0,0.3120337000000001
428,5.0,0.31042899999999995
429,-10.0,0.3088198
430,14.0,0.30721239999999994
431,8.0,0.30560410000000005
432,6.0,0.3039976
433,0.0,0.302392
434,-2.0,0.3007837
435,0.0,0.29917630000000006
436,0.0,0.2975671
437,12.0,0.2959606
438,2.0,0.2943532
439,0.0,0.29274579999999994
440,3.0,0.2911384
441,-1.0,0.28953280000000003
442,-2.0,0.2879227
443,-1.0,0.2863162
444,0.0,0.2847079
445,-2.0,0.28310230000000003
446,0.0,0.2814939999999999
447,4.0,0.2798866
448,-4.0,0.2782800999999999
449,8.0,0.2766727
450,2.0,0.2750644
451,-1.0,0.2734588
452,2.0,0.27184869999999994
453,8.0,0.27024309999999996
454,2.0,0.26863570000000003
455,6.0,0.26702649999999994
456,9.0,0.26542180000000004
457,2.0,0.26381259999999995
458,-2.0,0.2622052
459,-3.0,0.2605978
460,14.0,0.2589912999999999
461,14.0,0.2573839
462,1.0,0.25577739999999993
463,12.0,0.2541673
464,-1.0,0.25255989999999995
465,-3.0,0.2509534
466,-4.0,0.2493451
467,1.0,0.2477395
468,0.0,0.24613209999999996
469,0.0,0.2445229
470,4.0,0.2429173
471,4.0,0.24130989999999997
472,-1.0,0.23970249999999993
473,0.0,0.23809599999999997
474,5.0,0.2364868
475,10.0,0.2348812
476,3.0,0.2332729
477,6.0,0.23166639999999994
478,10.0,0.2300563
479,7.0,0.22845159999999998
480,0.0,0.22684329999999997
481,9.0,0.22523499999999996
482,2.0,0.22362939999999998
483,3.0,0.22202109999999997
484,4.0,0.22041370000000005
485,4.0,0.21880539999999993
486,0.0,0.21719709999999992
487,5.0,0.2155897
488,-9.0,0.21398229999999996
489,6.0,0.21237669999999997
490,13.0,0.21077020000000002
491,-4.0,0.2091619
492,4.0,0.20755539999999995
493,6.0,0.2059453
494,-5.0,0.20434059999999998
495,1.0,0.20273229999999998
496,8.0,0.20112399999999997
497,-1.0,0.19951569999999996
498,-3.0,0.19791009999999998
499,1.0,0.19630360000000002
500,16.0,0.19469619999999999
501,6.0,0.19308879999999995
502,9.0,0.1914787
503,8.0,0.189874
504,9.0,0.18826659999999995
505,9.0,0.18665739999999997
506,6.0,0.18505000000000005
507,5.0,0.18344439999999995
508,7.0,0.18183610000000006
509,-10.0,0.18022689999999997
510,4.0,0.1786204
511,2.0,0.17701389999999995
512,10.0,0.1754074
513,-3.0,0.1737982
514,3.0,0.17219079999999998
515,-1.0,0.17058249999999997
516,5.0,0.16897600000000002
517,0.0,0.16737040000000003
518,4.0,0.16576029999999997
519,7.0,0.16415290000000005
520,11.0,0.16254819999999992
521,13.0,0.16093809999999997
522,12.0,0.15933069999999994
523,-2.0,0.15772599999999992
524,6.0,0.1561186
525,11.0,0.15450940000000002
526,5.0,0.1529011
527,1.0,0.15129550000000003
528,-2.0,0.14968899999999996
529,-1.0,0.14808069999999995
530,11.0,0.1464742
531,25.0,0.1448649999999999
532,17.0,0.14325849999999996
533,7.0,0.14165109999999992
534,11.0,0.14004459999999996
535,9.0,0.13843450000000002
536,-3.0,0.1368298
537,14.0,0.13521969999999994
538,7.0,0.13361409999999996
539,6.0,0.13200670000000003
540,4.0,0.13040019999999997
541,13.0,0.12879280000000004
542,9.0,0.12718450000000003
543,8.0,0.12557799999999997
544,5.0,0.12396969999999996
545,7.0,0.12236140000000006
546,8.0,0.12075579999999997
547,0.0,0.11914570000000002
548,5.0,0.11754009999999993
549,9.0,0.11593089999999995
550,18.0,0.11432350000000002
551,8.0,0.11271880000000001
552,14.0,0.11111139999999997
553,9.0,0.10950130000000002
554,13.0,0.10789570000000004
555,-3.0,0.10628919999999997
556,9.0,0.10467909999999991
557,17.0,0.10307349999999993
558,14.0,0.10146430000000006
559,16.0,0.09999999999999998
560,11.0,0.09999999999999998
561,1.0,0.09999999999999998
562,8.0,0.09999999999999998
563,-3.0,0.09999999999999998
564,8.0,0.09999999999999998
565,22.0,0.09999999999999998
566,7.0,0.09999999999999998
567,8.0,0.09999999999999998
568,2.0,0.09999999999999998
569,3.0,0.09999999999999998
570,12.0,0.09999999999999998
571,0.0,0.09999999999999998
572,22.0,0.09999999999999998
573,2.0,0.09999999999999998
574,4.0,0.09999999999999998
575,10.0,0.09999999999999998
576,-6.0,0.09999999999999998
577,2.0,0.09999999999999998
578,6.0,0.09999999999999998
579,-10.0,0.09999999999999998
580,0.0,0.09999999999999998
581,-2.0,0.09999999999999998
582,-10.0,0.09999999999999998
583,2.0,0.09999999999999998
584,6.0,0.09999999999999998
585,3.0,0.09999999999999998
586,19.0,0.09999999999999998
587,20.0,0.09999999999999998
588,-1.0,0.09999999999999998
589,11.0,0.09999999999999998
590,-3.0,0.09999999999999998
591,2.0,0.09999999999999998
592,-2.0,0.09999999999999998
593,0.0,0.09999999999999998
594,-4.0,0.09999999999999998
595,17.0,0.09999999999999998
596,-9.0,0.09999999999999998
597,8.0,0.09999999999999998
598,7.0,0.09999999999999998
599,9.0,0.09999999999999998
600,7.0,0.09999999999999998
601,4.0,0.09999999999999998
602,4.0,0.09999999999999998
603,7.0,0.09999999999999998
604,-8.0,0.09999999999999998
605,10.0,0.09999999999999998
606,30.0,0.09999999999999998
607,5.0,0.09999999999999998
608,9.0,0.09999999999999998
609,1.0,0.09999999999999998
610,2.0,0.09999999999999998
611,2.0,0.09999999999999998
612,20.0,0.09999999999999998
613,11.0,0.09999999999999998
614,1.0,0.09999999999999998
615,19.0,0.09999999999999998
616,4.0,0.09999999999999998
617,3.0,0.09999999999999998
618,17.0,0.09999999999999998
619,5.0,0.09999999999999998
620,1.0,0.09999999999999998
621,12.0,0.09999999999999998
622,-4.0,0.09999999999999998
623,-4.0,0.09999999999999998
624,-1.0,0.09999999999999998
625,4.0,0.09999999999999998
626,4.0,0.09999999999999998
627,2.0,0.09999999999999998
628,9.0,0.09999999999999998
629,17.0,0.09999999999999998
630,-5.0,0.09999999999999998
631,-7.0,0.09999999999999998
632,4.0,0.09999999999999998
633,9.0,0.09999999999999998
634,11.0,0.09999999999999998
635,0.0,0.09999999999999998
636,7.0,0.09999999999999998
637,17.0,0.09999999999999998
638,6.0,0.09999999999999998
639,14.0,0.09999999999999998
640,10.0,0.09999999999999998
641,5.0,0.09999999999999998
642,5.0,0.09999999999999998
643,3.0,0.09999999999999998
644,6.0,0.09999999999999998
645,6.0,0.09999999999999998
646,1.0,0.09999999999999998
647,5.0,0.09999999999999998
648,-1.0,0.09999999999999998
649,-2.0,0.09999999999999998
650,4.0,0.09999999999999998
651,11.0,0.09999999999999998
652,6.0,0.09999999999999998
653,22.0,0.09999999999999998
654,0.0,0.09999999999999998
655,5.0,0.09999999999999998
656,2.0,0.09999999999999998
657,10.0,0.09999999999999998
658,14.0,0.09999999999999998
659,6.0,0.09999999999999998
660,3.0,0.09999999999999998
661,17.0,0.09999999999999998
662,14.0,0.09999999999999998
663,3.0,0.09999999999999998
664,17.0,0.09999999999999998
665,6.0,0.09999999999999998
666,2.0,0.09999999999999998
667,8.0,0.09999999999999998
668,5.0,0.09999999999999998
669,9.0,0.09999999999999998
670,5.0,0.09999999999999998
671,16.0,0.09999999999999998
672,16.0,0.09999999999999998
673,21.0,0.09999999999999998
674,14.0,0.09999999999999998
675,13.0,0.09999999999999998
676,14.0,0.09999999999999998
677,16.0,0.09999999999999998
678,8.0,0.09999999999999998
679,16.0,0.09999999999999998
680,7.0,0.09999999999999998
681,15.0,0.09999999999999998
682,19.0,0.09999999999999998
683,6.0,0.09999999999999998
684,20.0,0.09999999999999998
685,9.0,0.09999999999999998
686,17.0,0.09999999999999998
687,4.0,0.09999999999999998
688,2.0,0.09999999999999998
689,-1.0,0.09999999999999998
690,13.0,0.09999999999999998
691,9.0,0.09999999999999998
692,4.0,0.09999999999999998
693,13.0,0.09999999999999998
694,6.0,0.09999999999999998
695,7.0,0.09999999999999998
696,6.0,0.09999999999999998
697,14.0,0.09999999999999998
698,9.0,0.09999999999999998
699,13.0,0.09999999999999998
700,5.0,0.09999999999999998
701,19.0,0.09999999999999998
702,17.0,0.09999999999999998
703,12.0,0.09999999999999998
704,4.0,0.09999999999999998
705,5.0,0.09999999999999998
706,-3.0,0.09999999999999998
707,6.0,0.09999999999999998
708,3.0,0.09999999999999998
709,3.0,0.09999999999999998
710,18.0,0.09999999999999998
711,13.0,0.09999999999999998
712,9.0,0.09999999999999998
713,13.0,0.09999999999999998
714,7.0,0.09999999999999998
715,14.0,0.09999999999999998
716,-3.0,0.09999999999999998
717,16.0,0.09999999999999998
718,11.0,0.09999999999999998
719,-6.0,0.09999999999999998
720,3.0,0.09999999999999998
721,-2.0,0.09999999999999998
722,6.0,0.09999999999999998
723,19.0,0.09999999999999998
724,8.0,0.09999999999999998
725,4.0,0.09999999999999998
726,7.0,0.09999999999999998
727,18.0,0.09999999999999998
728,8.0,0.09999999999999998
729,1.0,0.09999999999999998
730,0.0,0.09999999999999998
731,8.0,0.09999999999999998
732,18.0,0.09999999999999998
733,29.0,0.09999999999999998
734,14.0,0.09999999999999998
735,11.0,0.09999999999999998
736,19.0,0.09999999999999998
737,4.0,0.09999999999999998
738,22.0,0.09999999999999998
739,16.0,0.09999999999999998
740,0.0,0.09999999999999998
741,6.0,0.09999999999999998
742,4.0,0.09999999999999998
743,20.0,0.09999999999999998
744,13.0,0.09999999999999998
745,3.0,0.09999999999999998
746,8.0,0.09999999999999998
747,-3.0,0.09999999999999998
748,6.0,0.09999999999999998
749,-3.0,0.09999999999999998
750,8.0,0.09999999999999998
751,6.0,0.09999999999999998
752,10.0,0.09999999999999998
753,7.0,0.09999999999999998
754,11.0,0.09999999999999998
755,7.0,0.09999999999999998
756,9.0,0.09999999999999998
757,26.0,0.09999999999999998
758,9.0,0.09999999999999998
759,-3.0,0.09999999999999998
760,14.0,0.09999999999999998
761,-1.0,0.09999999999999998
762,10.0,0.09999999999999998
763,2.0,0.09999999999999998
764,-5.0,0.09999999999999998
765,4.0,0.09999999999999998
766,22.0,0.09999999999999998
767,0.0,0.09999999999999998
768,9.0,0.09999999999999998
769,14.0,0.09999999999999998
770,14.0,0.09999999999999998
771,6.0,0.09999999999999998
772,3.0,0.09999999999999998
773,6.0,0.09999999999999998
774,9.0,0.09999999999999998
775,-1.0,0.09999999999999998
776,2.0,0.09999999999999998
777,12.0,0.09999999999999998
778,5.0,0.09999999999999998
779,9.0,0.09999999999999998
780,7.0,0.09999999999999998
781,8.0,0.09999999999999998
782,10.0,0.09999999999999998
783,12.0,0.09999999999999998
784,19.0,0.09999999999999998
785,17.0,0.09999999999999998
786,17.0,0.09999999999999998
787,9.0,0.09999999999999998
788,4.0,0.09999999999999998
789,10.0,0.09999999999999998
790,25.0,0.09999999999999998
791,22.0,0.09999999999999998
792,21.0,0.09999999999999998
793,5.0,0.09999999999999998
794,6.0,0.09999999999999998
795,6.0,0.09999999999999998
796,0.0,0.09999999999999998
797,11.0,0.09999999999999998
798,14.0,0.09999999999999998
799,5.0,0.09999999999999998
800,6.0,0.09999999999999998
801,4.0,0.09999999999999998
802,11.0,0.09999999999999998
803,-1.0,0.09999999999999998
804,17.0,0.09999999999999998
805,5.0,0.09999999999999998
806,15.0,0.09999999999999998
807,9.0,0.09999999999999998
808,6.0,0.09999999999999998
809,20.0,0.09999999999999998
810,0.0,0.09999999999999998
811,14.0,0.09999999999999998
812,8.0,0.09999999999999998
813,14.0,0.09999999999999998
814,15.0,0.09999999999999998
815,23.0,0.09999999999999998
816,6.0,0.09999999999999998
817,1.0,0.09999999999999998
818,7.0,0.09999999999999998
819,9.0,0.09999999999999998
820,4.0,0.09999999999999998
821,10.0,0.09999999999999998
822,8.0,0.09999999999999998
823,5.0,0.09999999999999998
824,9.0,0.09999999999999998
825,19.0,0.09999999999999998
826,6.0,0.09999999999999998
827,13.0,0.09999999999999998
828,26.0,0.09999999999999998
829,1.0,0.09999999999999998
830,13.0,0.09999999999999998
831,3.0,0.09999999999999998
832,10.0,0.09999999999999998
833,0.0,0.09999999999999998
834,13.0,0.09999999999999998
835,2.0,0.09999999999999998
836,10.0,0.09999999999999998
837,12.0,0.09999999999999998
838,13.0,0.09999999999999998
839,13.0,0.09999999999999998
840,5.0,0.09999999999999998
841,14.0,0.09999999999999998
842,-1.0,0.09999999999999998
843,7.0,0.09999999999999998
844,20.0,0.09999999999999998
845,2.0,0.09999999999999998
846,10.0,0.09999999999999998
847,36.0,0.09999999999999998
848,4.0,0.09999999999999998
849,-3.0,0.09999999999999998
850,-7.0,0.09999999999999998
851,22.0,0.09999999999999998
852,-5.0,0.09999999999999998
853,26.0,0.09999999999999998
854,16.0,0.09999999999999998
855,7.0,0.09999999999999998
856,-1.0,0.09999999999999998
857,19.0,0.09999999999999998
858,10.0,0.09999999999999998
859,6.0,0.09999999999999998
860,3.0,0.09999999999999998
861,2.0,0.09999999999999998
862,1.0,0.09999999999999998
863,9.0,0.09999999999999998
864,15.0,0.09999999999999998
865,15.0,0.09999999999999998
866,3.0,0.09999999999999998
867,7.0,0.09999999999999998
868,9.0,0.09999999999999998
869,12.0,0.09999999999999998
870,12.0,0.09999999999999998
871,18.0,0.09999999999999998
872,-4.0,0.09999999999999998
873,15.0,0.09999999999999998
874,4.0,0.09999999999999998
875,5.0,0.09999999999999998
876,1.0,0.09999999999999998
877,5.0,0.09999999999999998
878,-5.0,0.09999999999999998
879,5.0,0.09999999999999998
880,19.0,0.09999999999999998
881,23.0,0.09999999999999998
882,5.0,0.09999999999999998
883,9.0,0.09999999999999998
884,6.0,0.09999999999999998
885,10.0,0.09999999999999998
886,7.0,0.09999999999999998
887,7.0,0.09999999999999998
888,13.0,0.09999999999999998
889,3.0,0.09999999999999998
890,8.0,0.09999999999999998
891,3.0,0.09999999999999998
892,17.0,0.09999999999999998
893,2.0,0.09999999999999998
894,5.0,0.09999999999999998
895,2.0,0.09999999999999998
896,10.0,0.09999999999999998
897,-3.0,0.09999999999999998
898,20.0,0.09999999999999998
899,4.0,0.09999999999999998
900,8.0,0.09999999999999998
901,5.0,0.09999999999999998
902,3.0,0.09999999999999998
903,14.0,0.09999999999999998
904,5.0,0.09999999999999998
905,6.0,0.09999999999999998
906,29.0,0.09999999999999998
907,17.0,0.09999999999999998
908,14.0,0.09999999999999998
909,8.0,0.09999999999999998
910,12.0,0.09999999999999998
911,12.0,0.09999999999999998
912,1.0,0.09999999999999998
913,9.0,0.09999999999999998
914,12.0,0.09999999999999998
915,20.0,0.09999999999999998
916,16.0,0.09999999999999998
917,8.0,0.09999999999999998
918,21.0,0.09999999999999998
919,13.0,0.09999999999999998
920,0.0,0.09999999999999998
921,9.0,0.09999999999999998
922,-2.0,0.09999999999999998
923,6.0,0.09999999999999998
924,2.0,0.09999999999999998
925,7.0,0.09999999999999998
926,8.0,0.09999999999999998
927,16.0,0.09999999999999998
928,0.0,0.09999999999999998
929,1.0,0.09999999999999998
930,12.0,0.09999999999999998
931,15.0,0.09999999999999998
932,15.0,0.09999999999999998
933,20.0,0.09999999999999998
934,12.0,0.09999999999999998
935,8.0,0.09999999999999998
936,2.0,0.09999999999999998
937,-7.0,0.09999999999999998
938,5.0,0.09999999999999998
939,5.0,0.09999999999999998
940,13.0,0.09999999999999998
941,1.0,0.09999999999999998
942,7.0,0.09999999999999998
943,25.0,0.09999999999999998
944,14.0,0.09999999999999998
945,8.0,0.09999999999999998
946,-5.0,0.09999999999999998
947,16.0,0.09999999999999998
948,11.0,0.09999999999999998
949,2.0,0.09999999999999998
950,-1.0,0.09999999999999998
951,9.0,0.09999999999999998
952,12.0,0.09999999999999998
953,2.0,0.09999999999999998
954,-1.0,0.09999999999999998
955,15.0,0.09999999999999998
956,15.0,0.09999999999999998
957,6.0,0.09999999999999998
958,16.0,0.09999999999999998
959,0.0,0.09999999999999998
960,20.0,0.09999999999999998
961,0.0,0.09999999999999998
962,6.0,0.09999999999999998
963,0.0,0.09999999999999998
964,8.0,0.09999999999999998
965,1.0,0.09999999999999998
966,16.0,0.09999999999999998
967,11.0,0.09999999999999998
968,8.0,0.09999999999999998
969,5.0,0.09999999999999998
970,7.0,0.09999999999999998
971,3.0,0.09999999999999998
972,19.0,0.09999999999999998
973,7.0,0.09999999999999998
974,-2.0,0.09999999999999998
975,13.0,0.09999999999999998
976,10.0,0.09999999999999998
977,4.0,0.09999999999999998
978,14.0,0.09999999999999998
979,16.0,0.09999999999999998
980,8.0,0.09999999999999998
981,3.0,0.09999999999999998
982,-2.0,0.09999999999999998
983,7.0,0.09999999999999998
984,-1.0,0.09999999999999998
985,6.0,0.09999999999999998
986,3.0,0.09999999999999998
987,28.0,0.09999999999999998
988,-1.0,0.09999999999999998
989,15.0,0.09999999999999998
990,-2.0,0.09999999999999998
991,5.0,0.09999999999999998
992,18.0,0.09999999999999998
993,-3.0,0.09999999999999998
994,22.0,0.09999999999999998
995,17.0,0.09999999999999998
996,9.0,0.09999999999999998
997,15.0,0.09999999999999998
998,9.0,0.09999999999999998
999,-2.0,0.09999999999999998
1000,37.0,0.09999999999999998
1001,11.0,0.09999999999999998
1002,9.0,0.09999999999999998
1003,3.0,0.09999999999999998
1004,11.0,0.09999999999999998
1005,6.0,0.09999999999999998
1006,14.0,0.09999999999999998
1007,12.0,0.09999999999999998
1008,5.0,0.09999999999999998
1009,0.0,0.09999999999999998
1010,9.0,0.09999999999999998
1011,-1.0,0.09999999999999998
1012,-8.0,0.09999999999999998
1013,1.0,0.09999999999999998
1014,2.0,0.09999999999999998
1015,4.0,0.09999999999999998
1016,6.0,0.09999999999999998
1017,1.0,0.09999999999999998
1018,9.0,0.09999999999999998
1019,6.0,0.09999999999999998
1020,12.0,0.09999999999999998
1021,11.0,0.09999999999999998
1022,20.0,0.09999999999999998
1023,1.0,0.09999999999999998
1024,0.0,0.09999999999999998
1025,12.0,0.09999999999999998
1026,19.0,0.09999999999999998
1027,2.0,0.09999999999999998
1028,6.0,0.09999999999999998
1029,10.0,0.09999999999999998
1030,12.0,0.09999999999999998
1031,9.0,0.09999999999999998
1032,5.0,0.09999999999999998
1033,21.0,0.09999999999999998
1034,6.0,0.09999999999999998
1035,7.0,0.09999999999999998
1036,2.0,0.09999999999999998
1037,8.0,0.09999999999999998
1038,15.0,0.09999999999999998
1039,-3.0,0.09999999999999998
1040,10.0,0.09999999999999998
1041,9.0,0.09999999999999998
1042,12.0,0.09999999999999998
1043,20.0,0.09999999999999998
1044,4.0,0.09999999999999998
1045,10.0,0.09999999999999998
1046,-2.0,0.09999999999999998
1047,10.0,0.09999999999999998
1048,5.0,0.09999999999999998
1049,8.0,0.09999999999999998
1050,5.0,0.09999999999999998
1051,21.0,0.09999999999999998
1052,5.0,0.09999999999999998
1053,10.0,0.09999999999999998
1054,29.0,0.09999999999999998
1055,4.0,0.09999999999999998
1056,-1.0,0.09999999999999998
1057,28.0,0.09999999999999998
1058,17.0,0.09999999999999998
1059,3.0,0.09999999999999998
1060,8.0,0.09999999999999998
1061,11.0,0.09999999999999998
1062,2.0,0.09999999999999998
1063,1.0,0.09999999999999998
1064,16.0,0.09999999999999998
1065,-5.0,0.09999999999999998
1066,13.0,0.09999999999999998
1067,4.0,0.09999999999999998
1068,9.0,0.09999999999999998
1069,5.0,0.09999999999999998
1070,25.0,0.09999999999999998
1071,10.0,0.09999999999999998
1072,23.0,0.09999999999999998
1073,15.0,0.09999999999999998
1074,5.0,0.09999999999999998
1075,7.0,0.09999999999999998
1076,8.0,0.09999999999999998
1077,10.0,0.09999999999999998
1078,1.0,0.09999999999999998
1079,4.0,0.09999999999999998
1080,8.0,0.09999999999999998
1081,-1.0,0.09999999999999998
1082,1.0,0.09999999999999998
1083,-1.0,0.09999999999999998
1084,9.0,0.09999999999999998
1085,5.0,0.09999999999999998
1086,2.0,0.09999999999999998
1087,4.0,0.09999999999999998
1088,5.0,0.09999999999999998
1089,5.0,0.09999999999999998
1090,20.0,0.09999999999999998
1091,9.0,0.09999999999999998
1092,16.0,0.09999999999999998
1093,6.0,0.09999999999999998
1094,6.0,0.09999999999999998
1095,11.0,0.09999999999999998
1096,-2.0,0.09999999999999998
1097,15.0,0.09999999999999998
1098,-2.0,0.09999999999999998
1099,20.0,0.09999999999999998
1100,5.0,0.09999999999999998
1101,13.0,0.09999999999999998
1102,1.0,0.09999999999999998
1103,18.0,0.09999999999999998
1104,17.0,0.09999999999999998
1105,3.0,0.09999999999999998
1106,7.0,0.09999999999999998
1107,14.0,0.09999999999999998
1108,22.0,0.09999999999999998
1109,12.0,0.09999999999999998
1110,7.0,0.09999999999999998
1111,-2.0,0.09999999999999998
1112,5.0,0.09999999999999998
1113,17.0,0.09999999999999998
1114,1.0,0.09999999999999998
1115,32.0,0.09999999999999998
1116,13.0,0.09999999999999998
1117,4.0,0.09999999999999998
1118,12.0,0.09999999999999998
1119,4.0,0.09999999999999998
1120,15.0,0.09999999999999998
1121,16.0,0.09999999999999998
1122,3.0,0.09999999999999998
1123,2.0,0.09999999999999998
1124,7.0,0.09999999999999998
1125,10.0,0.09999999999999998
1126,12.0,0.09999999999999998
1127,21.0,0.09999999999999998
1128,19.0,0.09999999999999998
1129,20.0,0.09999999999999998
1130,28.0,0.09999999999999998
1131,4.0,0.09999999999999998
1132,4.0,0.09999999999999998
1133,9.0,0.09999999999999998
1134,22.0,0.09999999999999998
1135,11.0,0.09999999999999998
1136,20.0,0.09999999999999998
1137,7.0,0.09999999999999998
1138,7.0,0.09999999999999998
1139,5.0,0.09999999999999998
1140,10.0,0.09999999999999998
1141,8.0,0.09999999999999998
1142,13.0,0.09999999999999998
1143,14.0,0.09999999999999998
1144,12.0,0.09999999999999998
1145,4.0,0.09999999999999998
1146,11.0,0.09999999999999998
1147,16.0,0.09999999999999998
1148,13.0,0.09999999999999998
1149,10.0,0.09999999999999998
1150,21.0,0.09999999999999998
1151,6.0,0.09999999999999998
1152,-3.0,0.09999999999999998
1153,-5.0,0.09999999999999998
1154,12.0,0.09999999999999998
1155,15.0,0.09999999999999998
1156,18.0,0.09999999999999998
1157,5.0,0.09999999999999998
1158,13.0,0.09999999999999998
1159,11.0,0.09999999999999998
1160,0.0,0.09999999999999998
1161,11.0,0.09999999999999998
1162,16.0,0.09999999999999998
1163,21.0,0.09999999999999998
1164,4.0,0.09999999999999998
1165,20.0,0.09999999999999998
1166,16.0,0.09999999999999998
1167,4.0,0.09999999999999998
1168,3.0,0.09999999999999998
1169,9.0,0.09999999999999998
1170,10.0,0.09999999999999998
1171,-3.0,0.09999999999999998
1172,5.0,0.09999999999999998
1173,8.0,0.09999999999999998
1174,8.0,0.09999999999999998
1175,10.0,0.09999999999999998
1176,17.0,0.09999999999999998
1177,15.0,0.09999999999999998
1178,21.0,0.09999999999999998
1179,5.0,0.09999999999999998
1180,5.0,0.09999999999999998
1181,0.0,0.09999999999999998
1182,3.0,0.09999999999999998
1183,10.0,0.09999999999999998
1184,7.0,0.09999999999999998
1185,12.0,0.09999999999999998
1186,5.0,0.09999999999999998
1187,17.0,0.09999999999999998
1188,2.0,0.09999999999999998
1189,15.0,0.09999999999999998
1190,22.0,0.09999999999999998
1191,18.0,0.09999999999999998
1192,19.0,0.09999999999999998
1193,27.0,0.09999999999999998
1194,14.0,0.09999999999999998
1195,5.0,0.09999999999999998
1196,13.0,0.09999999999999998
1197,15.0,0.09999999999999998
1198,9.0,0.09999999999999998
1199,4.0,0.09999999999999998
1200,3.0,0.09999999999999998
1201,21.0,0.09999999999999998
1202,6.0,0.09999999999999998
1203,5.0,0.09999999999999998
1204,8.0,0.09999999999999998
1205,10.0,0.09999999999999998
1206,23.0,0.09999999999999998
1207,21.0,0.09999999999999998
1208,7.0,0.09999999999999998
1209,6.0,0.09999999999999998
1210,7.0,0.09999999999999998
1211,18.0,0.09999999999999998
1212,14.0,0.09999999999999998
1213,3.0,0.09999999999999998
1214,5.0,0.09999999999999998
1215,29.0,0.09999999999999998
1216,6.0,0.09999999999999998
1217,-5.0,0.09999999999999998
1218,22.0,0.09999999999999998
1219,8.0,0.09999999999999998
1220,21.0,0.09999999999999998
1221,-8.0,0.09999999999999998
1222,6.0,0.09999999999999998
1223,11.0,0.09999999999999998
1224,-1.0,0.09999999999999998
1225,23.0,0.09999999999999998
1226,7.0,0.09999999999999998
1227,10.0,0.09999999999999998
1228,4.0,0.09999999999999998
1229,6.0,0.09999999999999998
1230,17.0,0.09999999999999998
1231,12.0,0.09999999999999998
1232,7.0,0.09999999999999998
1233,31.0,0.09999999999999998
1234,16.0,0.09999999999999998
1235,11.0,0.09999999999999998
1236,6.0,0.09999999999999998
1237,11.0,0.09999999999999998
1238,9.0,0.09999999999999998
1239,2.0,0.09999999999999998
1240,20.0,0.09999999999999998
1241,-1.0,0.09999999999999998
1242,8.0,0.09999999999999998
1243,7.0,0.09999999999999998
1244,4.0,0.09999999999999998
1245,5.0,0.09999999999999998
1246,2.0,0.09999999999999998
1247,1.0,0.09999999999999998
1248,10.0,0.09999999999999998
1249,12.0,0.09999999999999998
1250,38.0,0.09999999999999998
1251,12.0,0.09999999999999998
1252,1.0,0.09999999999999998
1253,5.0,0.09999999999999998
1254,10.0,0.09999999999999998
1255,7.0,0.09999999999999998
1256,3.0,0.09999999999999998
1257,1.0,0.09999999999999998
1258,-3.0,0.09999999999999998
1259,4.0,0.09999999999999998
1260,5.0,0.09999999999999998
1261,-2.0,0.09999999999999998
1262,7.0,0.09999999999999998
1263,17.0,0.09999999999999998
1264,7.0,0.09999999999999998
1265,9.0,0.09999999999999998
1266,19.0,0.09999999999999998
1267,5.0,0.09999999999999998
1268,9.0,0.09999999999999998
1269,1.0,0.09999999999999998
1270,6.0,0.09999999999999998
1271,1.0,0.09999999999999998
1272,-2.0,0.09999999999999998
1273,11.0,0.09999999999999998
1274,8.0,0.09999999999999998
1275,6.0,0.09999999999999998
1276,3.0,0.09999999999999998
1277,10.0,0.09999999999999998
1278,-1.0,0.09999999999999998
1279,3.0,0.09999999999999998
1280,0.0,0.09999999999999998
1281,8.0,0.09999999999999998
1282,13.0,0.09999999999999998
1283,-2.0,0.09999999999999998
1284,12.0,0.09999999999999998
1285,10.0,0.09999999999999998
1286,10.0,0.09999999999999998
1287,3.0,0.09999999999999998
1288,13.0,0.09999999999999998
1289,6.0,0.09999999999999998
1290,22.0,0.09999999999999998
1291,2.0,0.09999999999999998
1292,1.0,0.09999999999999998
1293,7.0,0.09999999999999998
1294,13.0,0.09999999999999998
1295,9.0,0.09999999999999998
1296,8.0,0.09999999999999998
1297,-3.0,0.09999999999999998
1298,0.0,0.09999999999999998
1299,3.0,0.09999999999999998
1300,4.0,0.09999999999999998
1301,4.0,0.09999999999999998
1302,8.0,0.09999999999999998
1303,13.0,0.09999999999999998
1304,2.0,0.09999999999999998
1305,5.0,0.09999999999999998
1306,14.0,0.09999999999999998
1307,5.0,0.09999999999999998
1308,4.0,0.09999999999999998
1309,0.0,0.09999999999999998
1310,9.0,0.09999999999999998
1311,5.0,0.09999999999999998
1312,13.0,0.09999999999999998
1313,11.0,0.09999999999999998
1314,8.0,0.09999999999999998
1315,6.0,0.09999999999999998
1316,16.0,0.09999999999999998
1317,-1.0,0.09999999999999998
1318,14.0,0.09999999999999998
1319,9.0,0.09999999999999998
1320,16.0,0.09999999999999998
1321,8.0,0.09999999999999998
1322,29.0,0.09999999999999998
1323,10.0,0.09999999999999998
1324,7.0,0.09999999999999998
1325,8.0,0.09999999999999998
1326,11.0,0.09999999999999998
1327,8.0,0.09999999999999998
1328,26.0,0.09999999999999998
1329,4.0,0.09999999999999998
1330,-5.0,0.09999999999999998
1331,3.0,0.09999999999999998
1332,5.0,0.09999999999999998
1333,4.0,0.09999999999999998
1334,9.0,0.09999999999999998
1335,9.0,0.09999999999999998
1336,-1.0,0.09999999999999998
1337,-3.0,0.09999999999999998
1338,2.0,0.09999999999999998
1339,7.0,0.09999999999999998
1340,18.0,0.09999999999999998
1341,11.0,0.09999999999999998
1342,0.0,0.09999999999999998
1343,30.0,0.09999999999999998
1344,4.0,0.09999999999999998
1345,9.0,0.09999999999999998
1346,13.0,0.09999999999999998
1347,19.0,0.09999999999999998
1348,8.0,0.09999999999999998
1349,5.0,0.09999999999999998
1350,20.0,0.09999999999999998
1351,10.0,0.09999999999999998
1352,16.0,0.09999999999999998
1353,29.0,0.09999999999999998
1354,8.0,0.09999999999999998
1355,11.0,0.09999999999999998
1356,15.0,0.09999999999999998
1357,21.0,0.09999999999999998
1358,4.0,0.09999999999999998
1359,18.0,0.09999999999999998
1360,2.0,0.09999999999999998
1361,6.0,0.09999999999999998
1362,18.0,0.09999999999999998
1363,7.0,0.09999999999999998
1364,8.0,0.09999999999999998
1365,4.0,0.09999999999999998
1366,8.0,0.09999999999999998
1367,13.0,0.09999999999999998
1368,4.0,0.09999999999999998
1369,-7.0,0.09999999999999998
1370,0.0,0.09999999999999998
1371,2.0,0.09999999999999998
1372,0.0,0.09999999999999998
1373,2.0,0.09999999999999998
1374,10.0,0.09999999999999998
1375,21.0,0.09999999999999998
1376,6.0,0.09999999999999998
1377,12.0,0.09999999999999998
1378,6.0,0.09999999999999998
1379,20.0,0.09999999999999998
1380,2.0,0.09999999999999998
1381,13.0,0.09999999999999998
1382,13.0,0.09999999999999998
1383,22.0,0.09999999999999998
1384,15.0,0.09999999999999998
1385,7.0,0.09999999999999998
1386,-1.0,0.09999999999999998
1387,5.0,0.09999999999999998
1388,5.0,0.09999999999999998
1389,25.0,0.09999999999999998
1390,7.0,0.09999999999999998
1391,21.0,0.09999999999999998
1392,7.0,0.09999999999999998
1393,10.0,0.09999999999999998
1394,28.0,0.09999999999999998
1395,0.0,0.09999999999999998
1396,13.0,0.09999999999999998
1397,14.0,0.09999999999999998
1398,-2.0,0.09999999999999998
1399,11.0,0.09999999999999998
1400,10.0,0.09999999999999998
1401,9.0,0.09999999999999998
1402,8.0,0.09999999999999998
1403,4.0,0.09999999999999998
1404,3.0,0.09999999999999998
1405,2.0,0.09999999999999998
1406,10.0,0.09999999999999998
1407,5.0,0.09999999999999998
1408,8.0,0.09999999999999998
1409,18.0,0.09999999999999998
1410,2.0,0.09999999999999998
1411,10.0,0.09999999999999998
1412,15.0,0.09999999999999998
1413,4.0,0.09999999999999998
1414,27.0,0.09999999999999998
1415,1.0,0.09999999999999998
1416,2.0,0.09999999999999998
1417,4.0,0.09999999999999998
1418,17.0,0.09999999999999998
1419,3.0,0.09999999999999998
1420,9.0,0.09999999999999998
1421,7.0,0.09999999999999998
1422,18.0,0.09999999999999998
1423,12.0,0.09999999999999998
1424,5.0,0.09999999999999998
1425,29.0,0.09999999999999998
1426,-1.0,0.09999999999999998
1427,4.0,0.09999999999999998
1428,1.0,0.09999999999999998
1429,14.0,0.09999999999999998
1430,4.0,0.09999999999999998
1431,6.0,0.09999999999999998
1432,2.0,0.09999999999999998
1433,-2.0,0.09999999999999998
1434,15.0,0.09999999999999998
1435,0.0,0.09999999999999998
1436,8.0,0.09999999999999998
1437,16.0,0.09999999999999998
1438,5.0,0.09999999999999998
1439,7.0,0.09999999999999998
1440,10.0,0.09999999999999998
1441,6.0,0.09999999999999998
1442,9.0,0.09999999999999998
1443,11.0,0.09999999999999998
1444,16.0,0.09999999999999998
1445,11.0,0.09999999999999998
1446,29.0,0.09999999999999998
1447,10.0,0.09999999999999998
1448,21.0,0.09999999999999998
1449,31.0,0.09999999999999998
1450,19.0,0.09999999999999998
1451,10.0,0.09999999999999998
1452,7.0,0.09999999999999998
1453,5.0,0.09999999999999998
1454,8.0,0.09999999999999998
1455,6.0,0.09999999999999998
1456,5.0,0.09999999999999998
1457,19.0,0.09999999999999998
1458,6.0,0.09999999999999998
1459,1.0,0.09999999999999998
1460,6.0,0.09999999999999998
1461,11.0,0.09999999999999998
1462,41.0,0.09999999999999998
1463,14.0,0.09999999999999998
1464,19.0,0.09999999999999998
1465,5.0,0.09999999999999998
1466,4.0,0.09999999999999998
1467,9.0,0.09999999999999998
1468,3.0,0.09999999999999998
1469,10.0,0.09999999999999998
1470,3.0,0.09999999999999998
1471,11.0,0.09999999999999998
1472,1.0,0.09999999999999998
1473,26.0,0.09999999999999998
1474,17.0,0.09999999999999998
1475,3.0,0.09999999999999998
1476,10.0,0.09999999999999998
1477,26.0,0.09999999999999998
1478,1.0,0.09999999999999998
1479,24.0,0.09999999999999998
1480,4.0,0.09999999999999998
1481,2.0,0.09999999999999998
1482,23.0,0.09999999999999998
1483,11.0,0.09999999999999998
1484,21.0,0.09999999999999998
1485,13.0,0.09999999999999998
1486,11.0,0.09999999999999998
1487,26.0,0.09999999999999998
1488,13.0,0.09999999999999998
1489,8.0,0.09999999999999998
1490,11.0,0.09999999999999998
1491,18.0,0.09999999999999998
1492,23.0,0.09999999999999998
1493,6.0,0.09999999999999998
1494,21.0,0.09999999999999998
1495,27.0,0.09999999999999998
1496,17.0,0.09999999999999998
1497,11.0,0.09999999999999998
1498,12.0,0.09999999999999998
1499,8.0,0.09999999999999998
1500,11.0,0.09999999999999998
1501,22.0,0.09999999999999998
1502,9.0,0.09999999999999998
1503,17.0,0.09999999999999998
1504,18.0,0.09999999999999998
1505,25.0,0.09999999999999998
1506,16.0,0.09999999999999998
1507,1.0,0.09999999999999998
1508,22.0,0.09999999999999998
1509,12.0,0.09999999999999998
1510,21.0,0.09999999999999998
1511,4.0,0.09999999999999998
1512,15.0,0.09999999999999998
1513,7.0,0.09999999999999998
1514,11.0,0.09999999999999998
1515,16.0,0.09999999999999998
1516,9.0,0.09999999999999998
1517,12.0,0.09999999999999998
1518,6.0,0.09999999999999998
1519,30.0,0.09999999999999998
1520,17.0,0.09999999999999998
1521,11.0,0.09999999999999998
1522,7.0,0.09999999999999998
1523,12.0,0.09999999999999998
1524,4.0,0.09999999999999998
1525,10.0,0.09999999999999998
1526,3.0,0.09999999999999998
1527,13.0,0.09999999999999998
1528,14.0,0.09999999999999998
1529,5.0,0.09999999999999998
1530,3.0,0.09999999999999998
1531,7.0,0.09999999999999998
1532,21.0,0.09999999999999998
1533,8.0,0.09999999999999998
1534,6.0,0.09999999999999998
1535,7.0,0.09999999999999998
1536,6.0,0.09999999999999998
1537,14.0,0.09999999999999998
1538,11.0,0.09999999999999998
1539,17.0,0.09999999999999998
1540,14.0,0.09999999999999998
1541,20.0,0.09999999999999998
1542,17.0,0.09999999999999998
1543,-1.0,0.09999999999999998
1544,14.0,0.09999999999999998
1545,3.0,0.09999999999999998
1546,9.0,0.09999999999999998
1547,11.0,0.09999999999999998
1548,2.0,0.09999999999999998
1549,9.0,0.09999999999999998
1550,16.0,0.09999999999999998
1551,14.0,0.09999999999999998
1552,8.0,0.09999999999999998
1553,7.0,0.09999999999999998
1554,13.0,0.09999999999999998
1555,8.0,0.09999999999999998
1556,13.0,0.09999999999999998
1557,15.0,0.09999999999999998
1558,14.0,0.09999999999999998
1559,5.0,0.09999999999999998
1560,-2.0,0.09999999999999998
1561,5.0,0.09999999999999998
1562,9.0,0.09999999999999998
1563,10.0,0.09999999999999998
1564,22.0,0.09999999999999998
1565,17.0,0.09999999999999998
1566,8.0,0.09999999999999998
1567,7.0,0.09999999999999998
1568,15.0,0.09999999999999998
1569,7.0,0.09999999999999998
1570,2.0,0.09999999999999998
1571,13.0,0.09999999999999998
1572,7.0,0.09999999999999998
1573,7.0,0.09999999999999998
1574,11.0,0.09999999999999998
1575,6.0,0.09999999999999998
1576,-1.0,0.09999999999999998
1577,15.0,0.09999999999999998
1578,12.0,0.09999999999999998
1579,5.0,0.09999999999999998
1580,16.0,0.09999999999999998
1581,5.0,0.09999999999999998
1582,10.0,0.09999999999999998
1583,15.0,0.09999999999999998
1584,-2.0,0.09999999999999998
1585,10.0,0.09999999999999998
1586,5.0,0.09999999999999998
1587,16.0,0.09999999999999998
1588,7.0,0.09999999999999998
1589,13.0,0.09999999999999998
1590,15.0,0.09999999999999998
1591,6.0,0.09999999999999998
1592,8.0,0.09999999999999998
1593,-4.0,0.09999999999999998
1594,-1.0,0.09999999999999998
1595,-3.0,0.09999999999999998
1596,15.0,0.09999999999999998
1597,7.0,0.09999999999999998
1598,21.0,0.09999999999999998
1599,15.0,0.09999999999999998
1600,2.0,0.09999999999999998
1601,15.0,0.09999999999999998
1602,11.0,0.09999999999999998
1603,9.0,0.09999999999999998
1604,13.0,0.09999999999999998
1605,-4.0,0.09999999999999998
1606,21.0,0.09999999999999998
1607,22.0,0.09999999999999998
1608,5.0,0.09999999999999998
1609,5.0,0.09999999999999998
1610,2.0,0.09999999999999998
1611,6.0,0.09999999999999998
1612,25.0,0.09999999999999998
1613,6.0,0.09999999999999998
1614,5.0,0.09999999999999998
1615,-3.0,0.09999999999999998
1616,13.0,0.09999999999999998
1617,16.0,0.09999999999999998
1618,5.0,0.09999999999999998
1619,7.0,0.09999999999999998
1620,14.0,0.09999999999999998
1621,13.0,0.09999999999999998
1622,13.0,0.09999999999999998
1623,18.0,0.09999999999999998
1624,31.0,0.09999999999999998
1625,3.0,0.09999999999999998
1626,10.0,0.09999999999999998
1627,8.0,0.09999999999999998
1628,11.0,0.09999999999999998
1629,10.0,0.09999999999999998
1630,7.0,0.09999999999999998
1631,11.0,0.09999999999999998
1632,13.0,0.09999999999999998
1633,9.0,0.09999999999999998
1634,7.0,0.09999999999999998
1635,15.0,0.09999999999999998
1636,0.0,0.09999999999999998
1637,4.0,0.09999999999999998
1638,9.0,0.09999999999999998
1639,10.0,0.09999999999999998
1640,14.0,0.09999999999999998
1641,13.0,0.09999999999999998
1642,4.0,0.09999999999999998
1643,1.0,0.09999999999999998
1644,10.0,0.09999999999999998
1645,21.0,0.09999999999999998
1646,19.0,0.09999999999999998
1647,14.0,0.09999999999999998
1648,24.0,0.09999999999999998
1649,20.0,0.09999999999999998
1650,11.0,0.09999999999999998
1651,4.0,0.09999999999999998
1652,3.0,0.09999999999999998
1653,7.0,0.09999999999999998
1654,12.0,0.09999999999999998
1655,13.0,0.09999999999999998
1656,15.0,0.09999999999999998
1657,29.0,0.09999999999999998
1658,28.0,0.09999999999999998
1659,9.0,0.09999999999999998
1660,6.0,0.09999999999999998
1661,13.0,0.09999999999999998
1662,10.0,0.09999999999999998
1663,7.0,0.09999999999999998
1664,-4.0,0.09999999999999998
1665,18.0,0.09999999999999998
1666,12.0,0.09999999999999998
1667,-1.0,0.09999999999999998
1668,15.0,0.09999999999999998
1669,11.0,0.09999999999999998
1670,0.0,0.09999999999999998
1671,13.0,0.09999999999999998
1672,12.0,0.09999999999999998
1673,6.0,0.09999999999999998
1674,2.0,0.09999999999999998
1675,16.0,0.09999999999999998
1676,4.0,0.09999999999999998
1677,0.0,0.09999999999999998
1678,15.0,0.09999999999999998
1679,9.0,0.09999999999999998
1680,10.0,0.09999999999999998
1681,9.0,0.09999999999999998
1682,1.0,0.09999999999999998
1683,14.0,0.09999999999999998
1684,6.0,0.09999999999999998
1685,-3.0,0.09999999999999998
1686,16.0,0.09999999999999998
1687,8.0,0.09999999999999998
1688,11.0,0.09999999999999998
1689,16.0,0.09999999999999998
1690,7.0,0.09999999999999998
1691,1.0,0.09999999999999998
1692,20.0,0.09999999999999998
1693,-6.0,0.09999999999999998
1694,11.0,0.09999999999999998
1695,11.0,0.09999999999999998
1696,12.0,0.09999999999999998
1697,0.0,0.09999999999999998
1698,2.0,0.09999999999999998
1699,6.0,0.09999999999999998
1700,11.0,0.09999999999999998
1701,18.0,0.09999999999999998
1702,4.0,0.09999999999999998
1703,-6.0,0.09999999999999998
1704,5.0,0.09999999999999998
1705,14.0,0.09999999999999998
1706,6.0,0.09999999999999998
1707,25.0,0.09999999999999998
1708,9.0,0.09999999999999998
1709,5.0,0.09999999999999998
1710,17.0,0.09999999999999998
1711,7.0,0.09999999999999998
1712,11.0,0.09999999999999998
1713,8.0,0.09999999999999998
1714,5.0,0.09999999999999998
1715,11.0,0.09999999999999998
1716,14.0,0.09999999999999998
1717,9.0,0.09999999999999998
1718,6.0,0.09999999999999998
1719,9.0,0.09999999999999998
1720,16.0,0.09999999999999998
1721,14.0,0.09999999999999998
1722,-5.0,0.09999999999999998
1723,0.0,0.09999999999999998
1724,22.0,0.09999999999999998
1725,5.0,0.09999999999999998
1726,-3.0,0.09999999999999998
1727,16.0,0.09999999999999998
1728,2.0,0.09999999999999998
1729,12.0,0.09999999999999998
1730,6.0,0.09999999999999998
1731,-2.0,0.09999999999999998
1732,12.0,0.09999999999999998
1733,8.0,0.09999999999999998
1734,21.0,0.09999999999999998
1735,10.0,0.09999999999999998
1736,28.0,0.09999999999999998
1737,1.0,0.09999999999999998
1738,11.0,0.09999999999999998
1739,14.0,0.09999999999999998
1740,10.0,0.09999999999999998
1741,14.0,0.09999999999999998
1742,4.0,0.09999999999999998
1743,7.0,0.09999999999999998
1744,17.0,0.09999999999999998
1745,9.0,0.09999999999999998
1746,7.0,0.09999999999999998
1747,9.0,0.09999999999999998
1748,15.0,0.09999999999999998
1749,1.0,0.09999999999999998
1750,15.0,0.09999999999999998
1751,5.0,0.09999999999999998
1752,13.0,0.09999999999999998
1753,18.0,0.09999999999999998
1754,10.0,0.09999999999999998
1755,14.0,0.09999999999999998
1756,10.0,0.09999999999999998
1757,-3.0,0.09999999999999998
1758,24.0,0.09999999999999998
1759,12.0,0.09999999999999998
1760,19.0,0.09999999999999998
1761,2.0,0.09999999999999998
1762,3.0,0.09999999999999998
1763,16.0,0.09999999999999998
1764,12.0,0.09999999999999998
1765,16.0,0.09999999999999998
1766,17.0,0.09999999999999998
1767,10.0,0.09999999999999998
1768,7.0,0.09999999999999998
1769,21.0,0.09999999999999998
1770,0.0,0.09999999999999998
1771,5.0,0.09999999999999998
1772,13.0,0.09999999999999998
1773,6.0,0.09999999999999998
1774,9.0,0.09999999999999998
1775,2.0,0.09999999999999998
1776,6.0,0.09999999999999998
1777,6.0,0.09999999999999998
1778,7.0,0.09999999999999998
1779,22.0,0.09999999999999998
1780,3.0,0.09999999999999998
1781,8.0,0.09999999999999998
1782,7.0,0.09999999999999998
1783,14.0,0.09999999999999998
1784,3.0,0.09999999999999998
1785,16.0,0.09999999999999998
1786,9.0,0.09999999999999998
1787,3.0,0.09999999999999998
1788,8.0,0.09999999999999998
1789,0.0,0.09999999999999998
1790,5.0,0.09999999999999998
1791,21.0,0.09999999999999998
1792,3.0,0.09999999999999998
1793,12.0,0.09999999999999998
1794,12.0,0.09999999999999998
1795,6.0,0.09999999999999998
1796,13.0,0.09999999999999998
1797,11.0,0.09999999999999998
1798,6.0,0.09999999999999998
1799,-1.0,0.09999999999999998
1800,6.0,0.09999999999999998
1801,-8.0,0.09999999999999998
1802,2.0,0.09999999999999998
1803,13.0,0.09999999999999998
1804,3.0,0.09999999999999998
1805,22.0,0.09999999999999998
1806,4.0,0.09999999999999998
1807,9.0,0.09999999999999998
1808,19.0,0.09999999999999998
1809,15.0,0.09999999999999998
1810,16.0,0.09999999999999998
1811,7.0,0.09999999999999998
1812,-6.0,0.09999999999999998
1813,7.0,0.09999999999999998
1814,5.0,0.09999999999999998
1815,6.0,0.09999999999999998
1816,1.0,0.09999999999999998
1817,4.0,0.09999999999999998
1818,4.0,0.09999999999999998
1819,6.0,0.09999999999999998
1820,7.0,0.09999999999999998
1821,6.0,0.09999999999999998
1822,0.0,0.09999999999999998
1823,2.0,0.09999999999999998
1824,-4.0,0.09999999999999998
1825,-3.0,0.09999999999999998
1826,9.0,0.09999999999999998
1827,-1.0,0.09999999999999998
1828,-1.0,0.09999999999999998
1829,4.0,0.09999999999999998
1830,2.0,0.09999999999999998
1831,-2.0,0.09999999999999998
1832,-1.0,0.09999999999999998
1833,16.0,0.09999999999999998
1834,3.0,0.09999999999999998
1835,12.0,0.09999999999999998
1836,13.0,0.09999999999999998
1837,12.0,0.09999999999999998
1838,4.0,0.09999999999999998
1839,-2.0,0.09999999999999998
1840,10.0,0.09999999999999998
1841,13.0,0.09999999999999998
1842,16.0,0.09999999999999998
1843,1.0,0.09999999999999998
1844,12.0,0.09999999999999998
1845,4.0,0.09999999999999998
1846,7.0,0.09999999999999998
1847,8.0,0.09999999999999998
1848,1.0,0.09999999999999998
1849,4.0,0.09999999999999998
1850,-3.0,0.09999999999999998
1851,-2.0,0.09999999999999998
1852,19.0,0.09999999999999998
1853,11.0,0.09999999999999998
1854,10.0,0.09999999999999998
1855,9.0,0.09999999999999998
1856,8.0,0.09999999999999998
1857,5.0,0.09999999999999998
1858,14.0,0.09999999999999998
1859,9.0,0.09999999999999998
1860,-8.0,0.09999999999999998
1861,19.0,0.09999999999999998
1862,-3.0,0.09999999999999998
1863,1.0,0.09999999999999998
1864,4.0,0.09999999999999998
1865,7.0,0.09999999999999998
1866,20.0,0.09999999999999998
1867,-2.0,0.09999999999999998
1868,25.0,0.09999999999999998
1869,5.0,0.09999999999999998
1870,2.0,0.09999999999999998
1871,-3.0,0.09999999999999998
1872,-9.0,0.09999999999999998
1873,-3.0,0.09999999999999998
1874,7.0,0.09999999999999998
1875,0.0,0.09999999999999998
1876,-3.0,0.09999999999999998
1877,1.0,0.09999999999999998
1878,-3.0,0.09999999999999998
1879,3.0,0.09999999999999998
1880,3.0,0.09999999999999998
1881,5.0,0.09999999999999998
1882,6.0,0.09999999999999998
1883,-2.0,0.09999999999999998
1884,-3.0,0.09999999999999998
1885,2.0,0.09999999999999998
1886,0.0,0.09999999999999998
1887,1.0,0.09999999999999998
1888,6.0,0.09999999999999998
1889,-7.0,0.09999999999999998
1890,-7.0,0.09999999999999998
1891,-5.0,0.09999999999999998
1892,-3.0,0.09999999999999998
1893,-1.0,0.09999999999999998
1894,6.0,0.09999999999999998
1895,-2.0,0.09999999999999998
1896,6.0,0.09999999999999998
1897,7.0,0.09999999999999998
1898,-6.0,0.09999999999999998
1899,0.0,0.09999999999999998
1900,0.0,0.09999999999999998
1901,4.0,0.09999999999999998
1902,-5.0,0.09999999999999998
1903,1.0,0.09999999999999998
1904,9.0,0.09999999999999998
1905,-10.0,0.09999999999999998
1906,-9.0,0.09999999999999998
1907,-4.0,0.09999999999999998
1908,1.0,0.09999999999999998
1909,-1.0,0.09999999999999998
1910,3.0,0.09999999999999998
1911,2.0,0.09999999999999998
1912,-5.0,0.09999999999999998
1913,0.0,0.09999999999999998
1914,1.0,0.09999999999999998
1915,19.0,0.09999999999999998
1916,26.0,0.09999999999999998
1917,-6.0,0.09999999999999998
1918,9.0,0.09999999999999998
1919,8.0,0.09999999999999998
1920,3.0,0.09999999999999998
1921,-4.0,0.09999999999999998
1922,10.0,0.09999999999999998
1923,-1.0,0.09999999999999998
1924,8.0,0.09999999999999998
1925,16.0,0.09999999999999998
1926,-4.0,0.09999999999999998
1927,6.0,0.09999999999999998
1928,20.0,0.09999999999999998
1929,7.0,0.09999999999999998
1930,6.0,0.09999999999999998
1931,7.0,0.09999999999999998
1932,1.0,0.09999999999999998
1933,4.0,0.09999999999999998
1934,12.0,0.09999999999999998
1935,10.0,0.09999999999999998
1936,7.0,0.09999999999999998
1937,19.0,0.09999999999999998
1938,-3.0,0.09999999999999998
1939,8.0,0.09999999999999998
1940,6.0,0.09999999999999998
1941,5.0,0.09999999999999998
1942,5.0,0.09999999999999998
1943,19.0,0.09999999999999998
1944,13.0,0.09999999999999998
1945,-5.0,0.09999999999999998
1946,7.0,0.09999999999999998
1947,33.0,0.09999999999999998
1948,14.0,0.09999999999999998
1949,7.0,0.09999999999999998
1950,8.0,0.09999999999999998
1951,2.0,0.09999999999999998
1952,-4.0,0.09999999999999998
1953,-3.0,0.09999999999999998
1954,7.0,0.09999999999999998
1955,7.0,0.09999999999999998
1956,1.0,0.09999999999999998
1957,16.0,0.09999999999999998
1958,-2.0,0.09999999999999998
1959,6.0,0.09999999999999998
1960,9.0,0.09999999999999998
1961,1.0,0.09999999999999998
1962,6.0,0.09999999999999998
1963,12.0,0.09999999999999998
1964,10.0,0.09999999999999998
1965,5.0,0.09999999999999998
1966,27.0,0.09999999999999998
1967,12.0,0.09999999999999998
1968,3.0,0.09999999999999998
1969,-6.0,0.09999999999999998
1970,0.0,0.09999999999999998
1971,5.0,0.09999999999999998
1972,13.0,0.09999999999999998
1973,10.0,0.09999999999999998
1974,10.0,0.09999999999999998
1975,3.0,0.09999999999999998
1976,12.0,0.09999999999999998
1977,8.0,0.09999999999999998
1978,-4.0,0.09999999999999998
1979,8.0,0.09999999999999998
1980,15.0,0.09999999999999998
1981,-12.0,0.09999999999999998
1982,3.0,0.09999999999999998
1983,1.0,0.09999999999999998
1984,11.0,0.09999999999999998
1985,3.0,0.09999999999999998
1986,12.0,0.09999999999999998
1987,4.0,0.09999999999999998
1988,7.0,0.09999999999999998
1989,14.0,0.09999999999999998
1990,7.0,0.09999999999999998
1991,6.0,0.09999999999999998
1992,11.0,0.09999999999999998
1993,7.0,0.09999999999999998
1994,22.0,0.09999999999999998
1995,13.0,0.09999999999999998
1996,9.0,0.09999999999999998
1997,6.0,0.09999999999999998
1998,3.0,0.09999999999999998
1999,19.0,0.09999999999999998
2000,7.0,0.09999999999999998
2001,24.0,0.09999999999999998
2002,-13.0,0.09999999999999998
2003,-4.0,0.09999999999999998
2004,4.0,0.09999999999999998
2005,9.0,0.09999999999999998
2006,4.0,0.09999999999999998
2007,15.0,0.09999999999999998
2008,26.0,0.09999999999999998
2009,14.0,0.09999999999999998
2010,12.0,0.09999999999999998
2011,3.0,0.09999999999999998
2012,3.0,0.09999999999999998
2013,2.0,0.09999999999999998
2014,18.0,0.09999999999999998
2015,3.0,0.09999999999999998
2016,6.0,0.09999999999999998
2017,-2.0,0.09999999999999998
2018,13.0,0.09999999999999998
2019,1.0,0.09999999999999998
2020,-7.0,0.09999999999999998
2021,-8.0,0.09999999999999998
2022,-5.0,0.09999999999999998
2023,1.0,0.09999999999999998
2024,-5.0,0.09999999999999998
2025,-10.0,0.09999999999999998
2026,0.0,0.09999999999999998
2027,3.0,0.09999999999999998
2028,-4.0,0.09999999999999998
2029,1.0,0.09999999999999998
2030,3.0,0.09999999999999998
2031,2.0,0.09999999999999998
2032,-1.0,0.09999999999999998
2033,3.0,0.09999999999999998
2034,0.0,0.09999999999999998
2035,-2.0,0.09999999999999998
2036,0.0,0.09999999999999998
2037,-3.0,0.09999999999999998
2038,-2.0,0.09999999999999998
2039,-5.0,0.09999999999999998
2040,-3.0,0.09999999999999998
2041,-6.0,0.09999999999999998
2042,-5.0,0.09999999999999998
2043,-3.0,0.09999999999999998
2044,1.0,0.09999999999999998
2045,5.0,0.09999999999999998
2046,-1.0,0.09999999999999998
2047,3.0,0.09999999999999998
2048,-4.0,0.09999999999999998
2049,3.0,0.09999999999999998
2050,-5.0,0.09999999999999998
2051,-3.0,0.09999999999999998
2052,3.0,0.09999999999999998
2053,-8.0,0.09999999999999998
2054,3.0,0.09999999999999998
2055,-2.0,0.09999999999999998
2056,2.0,0.09999999999999998
2057,-3.0,0.09999999999999998
2058,-1.0,0.09999999999999998
2059,2.0,0.09999999999999998
2060,5.0,0.09999999999999998
2061,-6.0,0.09999999999999998
2062,4.0,0.09999999999999998
2063,-1.0,0.09999999999999998
2064,0.0,0.09999999999999998
2065,3.0,0.09999999999999998
2066,-6.0,0.09999999999999998
2067,-2.0,0.09999999999999998
2068,0.0,0.09999999999999998
2069,-1.0,0.09999999999999998
2070,2.0,0.09999999999999998
2071,6.0,0.09999999999999998
2072,-4.0,0.09999999999999998
2073,1.0,0.09999999999999998
2074,-6.0,0.09999999999999998
2075,10.0,0.09999999999999998
2076,-1.0,0.09999999999999998
2077,-12.0,0.09999999999999998
2078,-6.0,0.09999999999999998
2079,-8.0,0.09999999999999998
2080,-2.0,0.09999999999999998
2081,14.0,0.09999999999999998
2082,-6.0,0.09999999999999998
2083,-1.0,0.09999999999999998
2084,3.0,0.09999999999999998
2085,-5.0,0.09999999999999998
2086,-3.0,0.09999999999999998
2087,-2.0,0.09999999999999998
2088,-4.0,0.09999999999999998
2089,-7.0,0.09999999999999998
2090,2.0,0.09999999999999998
2091,1.0,0.09999999999999998
2092,0.0,0.09999999999999998
2093,-3.0,0.09999999999999998
2094,-1.0,0.09999999999999998
2095,-4.0,0.09999999999999998
2096,3.0,0.09999999999999998
2097,7.0,0.09999999999999998
2098,0.0,0.09999999999999998
2099,2.0,0.09999999999999998
2100,-5.0,0.09999999999999998
2101,2.0,0.09999999999999998
2102,2.0,0.09999999999999998
2103,-11.0,0.09999999999999998
2104,5.0,0.09999999999999998
2105,-9.0,0.09999999999999998
2106,8.0,0.09999999999999998
2107,-5.0,0.09999999999999998
2108,-2.0,0.09999999999999998
2109,-1.0,0.09999999999999998
2110,-4.0,0.09999999999999998
2111,-2.0,0.09999999999999998
2112,-6.0,0.09999999999999998
2113,10.0,0.09999999999999998
2114,3.0,0.09999999999999998
2115,5.0,0.09999999999999998
2116,1.0,0.09999999999999998
2117,19.0,0.09999999999999998
2118,1.0,0.09999999999999998
2119,7.0,0.09999999999999998
2120,-3.0,0.09999999999999998
2121,8.0,0.09999999999999998
2122,1.0,0.09999999999999998
2123,4.0,0.09999999999999998
2124,0.0,0.09999999999999998
2125,23.0,0.09999999999999998
2126,-4.0,0.09999999999999998
2127,10.0,0.09999999999999998
2128,12.0,0.09999999999999998
2129,3.0,0.09999999999999998
2130,6.0,0.09999999999999998
2131,4.0,0.09999999999999998
2132,-3.0,0.09999999999999998
2133,-1.0,0.09999999999999998
2134,-2.0,0.09999999999999998
2135,-2.0,0.09999999999999998
2136,1.0,0.09999999999999998
2137,0.0,0.09999999999999998
2138,3.0,0.09999999999999998
2139,9.0,0.09999999999999998
2140,2.0,0.09999999999999998
2141,-2.0,0.09999999999999998
2142,4.0,0.09999999999999998
2143,13.0,0.09999999999999998
2144,5.0,0.09999999999999998
2145,4.0,0.09999999999999998
2146,3.0,0.09999999999999998
2147,5.0,0.09999999999999998
2148,6.0,0.09999999999999998
2149,5.0,0.09999999999999998
2150,-3.0,0.09999999999999998
2151,14.0,0.09999999999999998
2152,8.0,0.09999999999999998
2153,19.0,0.09999999999999998
2154,-1.0,0.09999999999999998
2155,3.0,0.09999999999999998
2156,23.0,0.09999999999999998
2157,15.0,0.09999999999999998
2158,-1.0,0.09999999999999998
2159,4.0,0.09999999999999998
2160,14.0,0.09999999999999998
2161,4.0,0.09999999999999998
2162,2.0,0.09999999999999998
2163,1.0,0.09999999999999998
2164,5.0,0.09999999999999998
2165,3.0,0.09999999999999998
2166,7.0,0.09999999999999998
2167,1.0,0.09999999999999998
2168,4.0,0.09999999999999998
2169,34.0,0.09999999999999998
2170,-3.0,0.09999999999999998
2171,-2.0,0.09999999999999998
2172,-1.0,0.09999999999999998
2173,4.0,0.09999999999999998
2174,12.0,0.09999999999999998
2175,-10.0,0.09999999999999998
2176,5.0,0.09999999999999998
2177,9.0,0.09999999999999998
2178,1.0,0.09999999999999998
2179,0.0,0.09999999999999998
2180,1.0,0.09999999999999998
2181,4.0,0.09999999999999998
2182,-1.0,0.09999999999999998
2183,11.0,0.09999999999999998
2184,15.0,0.09999999999999998
2185,12.0,0.09999999999999998
2186,-1.0,0.09999999999999998
2187,14.0,0.09999999999999998
2188,0.0,0.09999999999999998
2189,2.0,0.09999999999999998
2190,3.0,0.09999999999999998
2191,-7.0,0.09999999999999998
2192,-1.0,0.09999999999999998
2193,3.0,0.09999999999999998
2194,-3.0,0.09999999999999998
2195,0.0,0.09999999999999998
2196,-2.0,0.09999999999999998
2197,23.0,0.09999999999999998
2198,6.0,0.09999999999999998
2199,12.0,0.09999999999999998
2200,7.0,0.09999999999999998
2201,4.0,0.09999999999999998
2202,-1.0,0.09999999999999998
2203,7.0,0.09999999999999998
2204,7.0,0.09999999999999998
2205,14.0,0.09999999999999998
2206,7.0,0.09999999999999998
2207,7.0,0.09999999999999998
2208,3.0,0.09999999999999998
2209,19.0,0.09999999999999998
2210,19.0,0.09999999999999998
2211,13.0,0.09999999999999998
2212,10.0,0.09999999999999998
2213,2.0,0.09999999999999998
2214,9.0,0.09999999999999998
2215,13.0,0.09999999999999998
2216,2.0,0.09999999999999998
2217,9.0,0.09999999999999998
2218,0.0,0.09999999999999998
2219,7.0,0.09999999999999998
2220,26.0,0.09999999999999998
2221,10.0,0.09999999999999998
2222,19.0,0.09999999999999998
2223,11.0,0.09999999999999998
2224,6.0,0.09999999999999998
2225,-3.0,0.09999999999999998
2226,24.0,0.09999999999999998
2227,10.0,0.09999999999999998
2228,30.0,0.09999999999999998
2229,6.0,0.09999999999999998
2230,25.0,0.09999999999999998
2231,14.0,0.09999999999999998
2232,14.0,0.09999999999999998
2233,4.0,0.09999999999999998
2234,5.0,0.09999999999999998
2235,10.0,0.09999999999999998
2236,-7.0,0.09999999999999998
2237,8.0,0.09999999999999998
2238,7.0,0.09999999999999998
2239,1.0,0.09999999999999998
2240,1.0,0.09999999999999998
2241,10.0,0.09999999999999998
2242,5.0,0.09999999999999998
2243,2.0,0.09999999999999998
2244,12.0,0.09999999999999998
2245,27.0,0.09999999999999998
2246,8.0,0.09999999999999998
2247,13.0,0.09999999999999998
2248,22.0,0.09999999999999998
2249,13.0,0.09999999999999998
2250,10.0,0.09999999999999998
2251,-1.0,0.09999999999999998
2252,10.0,0.09999999999999998
2253,9.0,0.09999999999999998
2254,17.0,0.09999999999999998
2255,7.0,0.09999999999999998
2256,13.0,0.09999999999999998
2257,3.0,0.09999999999999998
2258,21.0,0.09999999999999998
2259,3.0,0.09999999999999998
2260,12.0,0.09999999999999998
2261,30.0,0.09999999999999998
2262,3.0,0.09999999999999998
2263,28.0,0.09999999999999998
2264,-6.0,0.09999999999999998
2265,-1.0,0.09999999999999998
2266,-2.0,0.09999999999999998
2267,6.0,0.09999999999999998
2268,6.0,0.09999999999999998
2269,-1.0,0.09999999999999998
2270,-3.0,0.09999999999999998
2271,33.0,0.09999999999999998
2272,-3.0,0.09999999999999998
2273,14.0,0.09999999999999998
2274,-5.0,0.09999999999999998
2275,20.0,0.09999999999999998
2276,13.0,0.09999999999999998
2277,0.0,0.09999999999999998
2278,17.0,0.09999999999999998
2279,8.0,0.09999999999999998
2280,3.0,0.09999999999999998
2281,1.0,0.09999999999999998
2282,5.0,0.09999999999999998
2283,1.0,0.09999999999999998
2284,9.0,0.09999999999999998
2285,3.0,0.09999999999999998
2286,11.0,0.09999999999999998
2287,16.0,0.09999999999999998
2288,-5.0,0.09999999999999998
2289,20.0,0.09999999999999998
2290,16.0,0.09999999999999998
2291,-2.0,0.09999999999999998
2292,-2.0,0.09999999999999998
2293,9.0,0.09999999999999998
2294,11.0,0.09999999999999998
2295,11.0,0.09999999999999998
2296,-5.0,0.09999999999999998
2297,1.0,0.09999999999999998
2298,2.0,0.09999999999999998
2299,12.0,0.09999999999999998
2300,13.0,0.09999999999999998
2301,0.0,0.09999999999999998
2302,7.0,0.09999999999999998
2303,2.0,0.09999999999999998
2304,5.0,0.09999999999999998
2305,2.0,0.09999999999999998
2306,6.0,0.09999999999999998
2307,2.0,0.09999999999999998
2308,8.0,0.09999999999999998
2309,25.0,0.09999999999999998
2310,15.0,0.09999999999999998
2311,0.0,0.09999999999999998
2312,7.0,0.09999999999999998
2313,-6.0,0.09999999999999998
2314,-4.0,0.09999999999999998
2315,16.0,0.09999999999999998
2316,7.0,0.09999999999999998
2317,15.0,0.09999999999999998
2318,7.0,0.09999999999999998
2319,5.0,0.09999999999999998
2320,14.0,0.09999999999999998
2321,16.0,0.09999999999999998
2322,10.0,0.09999999999999998
2323,0.0,0.09999999999999998
2324,10.0,0.09999999999999998
2325,0.0,0.09999999999999998
2326,-7.0,0.09999999999999998
2327,13.0,0.09999999999999998
2328,17.0,0.09999999999999998
2329,15.0,0.09999999999999998
2330,-2.0,0.09999999999999998
2331,1.0,0.09999999999999998
2332,13.0,0.09999999999999998
2333,16.0,0.09999999999999998
2334,-9.0,0.09999999999999998
2335,-1.0,0.09999999999999998
2336,5.0,0.09999999999999998
2337,10.0,0.09999999999999998
2338,6.0,0.09999999999999998
2339,8.0,0.09999999999999998
2340,20.0,0.09999999999999998
2341,2.0,0.09999999999999998
2342,4.0,0.09999999999999998
2343,0.0,0.09999999999999998
2344,0.0,0.09999999999999998
2345,10.0,0.09999999999999998
2346,-3.0,0.09999999999999998
2347,1.0,0.09999999999999998
2348,17.0,0.09999999999999998
2349,33.0,0.09999999999999998
2350,5.0,0.09999999999999998
2351,-2.0,0.09999999999999998
2352,22.0,0.09999999999999998
2353,5.0,0.09999999999999998
2354,5.0,0.09999999999999998
2355,6.0,0.09999999999999998
2356,24.0,0.09999999999999998
2357,18.0,0.09999999999999998
2358,19.0,0.09999999999999998
2359,18.0,0.09999999999999998
2360,1.0,0.09999999999999998
2361,0.0,0.09999999999999998
2362,-2.0,0.09999999999999998
2363,-1.0,0.09999999999999998
2364,-5.0,0.09999999999999998
2365,10.0,0.09999999999999998
2366,10.0,0.09999999999999998
2367,16.0,0.09999999999999998
2368,5.0,0.09999999999999998
2369,-6.0,0.09999999999999998
2370,-2.0,0.09999999999999998
2371,4.0,0.09999999999999998
2372,2.0,0.09999999999999998
2373,26.0,0.09999999999999998
2374,0.0,0.09999999999999998
2375,-4.0,0.09999999999999998
2376,-4.0,0.09999999999999998
2377,0.0,0.09999999999999998
2378,20.0,0.09999999999999998
2379,11.0,0.09999999999999998
2380,-5.0,0.09999999999999998
2381,-1.0,0.09999999999999998
2382,2.0,0.09999999999999998
2383,1.0,0.09999999999999998
2384,6.0,0.09999999999999998
2385,12.0,0.09999999999999998
2386,3.0,0.09999999999999998
2387,9.0,0.09999999999999998
2388,5.0,0.09999999999999998
2389,5.0,0.09999999999999998
2390,13.0,0.09999999999999998
2391,19.0,0.09999999999999998
2392,-7.0,0.09999999999999998
2393,2.0,0.09999999999999998
2394,-1.0,0.09999999999999998
2395,1.0,0.09999999999999998
2396,-13.0,0.09999999999999998
2397,-1.0,0.09999999999999998
2398,14.0,0.09999999999999998
2399,22.0,0.09999999999999998
2400,-1.0,0.09999999999999998
2401,-1.0,0.09999999999999998
2402,5.0,0.09999999999999998
2403,11.0,0.09999999999999998
2404,3.0,0.09999999999999998
2405,3.0,0.09999999999999998
2406,-3.0,0.09999999999999998
2407,15.0,0.09999999999999998
2408,-9.0,0.09999999999999998
2409,1.0,0.09999999999999998
2410,10.0,0.09999999999999998
2411,7.0,0.09999999999999998
2412,13.0,0.09999999999999998
2413,8.0,0.09999999999999998
2414,17.0,0.09999999999999998
2415,8.0,0.09999999999999998
2416,16.0,0.09999999999999998
2417,19.0,0.09999999999999998
2418,14.0,0.09999999999999998
2419,6.0,0.09999999999999998
2420,8.0,0.09999999999999998
2421,1.0,0.09999999999999998
2422,2.0,0.09999999999999998
2423,2.0,0.09999999999999998
2424,15.0,0.09999999999999998
2425,9.0,0.09999999999999998
2426,9.0,0.09999999999999998
2427,5.0,0.09999999999999998
2428,6.0,0.09999999999999998
2429,8.0,0.09999999999999998
2430,3.0,0.09999999999999998
2431,8.0,0.09999999999999998
2432,6.0,0.09999999999999998
2433,-1.0,0.09999999999999998
2434,6.0,0.09999999999999998
2435,1.0,0.09999999999999998
2436,-2.0,0.09999999999999998
2437,5.0,0.09999999999999998
2438,0.0,0.09999999999999998
2439,3.0,0.09999999999999998
2440,-4.0,0.09999999999999998
2441,9.0,0.09999999999999998
2442,10.0,0.09999999999999998
2443,20.0,0.09999999999999998
2444,-6.0,0.09999999999999998
2445,5.0,0.09999999999999998
2446,0.0,0.09999999999999998
2447,13.0,0.09999999999999998
2448,3.0,0.09999999999999998
2449,1.0,0.09999999999999998
2450,5.0,0.09999999999999998
2451,4.0,0.09999999999999998
2452,-1.0,0.09999999999999998
2453,19.0,0.09999999999999998
2454,9.0,0.09999999999999998
2455,3.0,0.09999999999999998
2456,5.0,0.09999999999999998
2457,5.0,0.09999999999999998
2458,5.0,0.09999999999999998
2459,3.0,0.09999999999999998
2460,4.0,0.09999999999999998
2461,2.0,0.09999999999999998
2462,21.0,0.09999999999999998
2463,14.0,0.09999999999999998
2464,3.0,0.09999999999999998
2465,11.0,0.09999999999999998
2466,-2.0,0.09999999999999998
2467,16.0,0.09999999999999998
2468,-1.0,0.09999999999999998
2469,4.0,0.09999999999999998
2470,8.0,0.09999999999999998
2471,24.0,0.09999999999999998
2472,11.0,0.09999999999999998
2473,12.0,0.09999999999999998
2474,2.0,0.09999999999999998
2475,15.0,0.09999999999999998
2476,13.0,0.09999999999999998
2477,6.0,0.09999999999999998
2478,7.0,0.09999999999999998
2479,0.0,0.09999999999999998
2480,4.0,0.09999999999999998
2481,17.0,0.09999999999999998
2482,12.0,0.09999999999999998
2483,2.0,0.09999999999999998
2484,13.0,0.09999999999999998
2485,36.0,0.09999999999999998
2486,22.0,0.09999999999999998
2487,4.0,0.09999999999999998
2488,21.0,0.09999999999999998
2489,7.0,0.09999999999999998
2490,25.0,0.09999999999999998
2491,2.0,0.09999999999999998
2492,1.0,0.09999999999999998
2493,3.0,0.09999999999999998
2494,18.0,0.09999999999999998
2495,11.0,0.09999999999999998
2496,5.0,0.09999999999999998
2497,14.0,0.09999999999999998
2498,8.0,0.09999999999999998
2499,-3.0,0.09999999999999998
2500,0.0,0.09999999999999998
2501,13.0,0.09999999999999998
2502,37.0,0.09999999999999998
2503,11.0,0.09999999999999998
2504,9.0,0.09999999999999998
2505,22.0,0.09999999999999998
2506,14.0,0.09999999999999998
2507,2.0,0.09999999999999998
2508,-2.0,0.09999999999999998
2509,7.0,0.09999999999999998
2510,2.0,0.09999999999999998
2511,4.0,0.09999999999999998
2512,10.0,0.09999999999999998
2513,3.0,0.09999999999999998
2514,8.0,0.09999999999999998
2515,21.0,0.09999999999999998
2516,12.0,0.09999999999999998
2517,-2.0,0.09999999999999998
2518,1.0,0.09999999999999998
2519,5.0,0.09999999999999998
2520,4.0,0.09999999999999998
2521,15.0,0.09999999999999998
2522,25.0,0.09999999999999998
2523,-1.0,0.09999999999999998
2524,11.0,0.09999999999999998
2525,21.0,0.09999999999999998
2526,3.0,0.09999999999999998
2527,-2.0,0.09999999999999998
2528,6.0,0.09999999999999998
2529,14.0,0.09999999999999998
2530,13.0,0.09999999999999998
2531,25.0,0.09999999999999998
2532,15.0,0.09999999999999998
2533,0.0,0.09999999999999998
2534,13.0,0.09999999999999998
2535,10.0,0.09999999999999998
2536,18.0,0.09999999999999998
2537,16.0,0.09999999999999998
2538,3.0,0.09999999999999998
2539,-6.0,0.09999999999999998
2540,-4.0,0.09999999999999998
2541,11.0,0.09999999999999998
2542,0.0,0.09999999999999998
2543,6.0,0.09999999999999998
2544,0.0,0.09999999999999998
2545,17.0,0.09999999999999998
2546,5.0,0.09999999999999998
2547,11.0,0.09999999999999998
2548,2.0,0.09999999999999998
2549,-9.0,0.09999999999999998
2550,2.0,0.09999999999999998
2551,-1.0,0.09999999999999998
2552,-6.0,0.09999999999999998
2553,-1.0,0.09999999999999998
2554,17.0,0.09999999999999998
2555,12.0,0.09999999999999998
2556,1.0,0.09999999999999998
2557,21.0,0.09999999999999998
2558,3.0,0.09999999999999998
2559,17.0,0.09999999999999998
2560,31.0,0.09999999999999998
2561,12.0,0.09999999999999998
2562,5.0,0.09999999999999998
2563,1.0,0.09999999999999998
2564,16.0,0.09999999999999998
2565,9.0,0.09999999999999998
2566,12.0,0.09999999999999998
2567,30.0,0.09999999999999998
2568,7.0,0.09999999999999998
2569,13.0,0.09999999999999998
2570,3.0,0.09999999999999998
2571,7.0,0.09999999999999998
2572,1.0,0.09999999999999998
2573,5.0,0.09999999999999998
2574,7.0,0.09999999999999998
2575,23.0,0.09999999999999998
2576,5.0,0.09999999999999998
2577,15.0,0.09999999999999998
2578,13.0,0.09999999999999998
2579,5.0,0.09999999999999998
2580,22.0,0.09999999999999998
2581,6.0,0.09999999999999998
2582,6.0,0.09999999999999998
2583,15.0,0.09999999999999998
2584,7.0,0.09999999999999998
2585,8.0,0.09999999999999998
2586,13.0,0.09999999999999998
2587,35.0,0.09999999999999998
2588,1.0,0.09999999999999998
2589,6.0,0.09999999999999998
2590,4.0,0.09999999999999998
2591,-2.0,0.09999999999999998
2592,1.0,0.09999999999999998
2593,11.0,0.09999999999999998
2594,7.0,0.09999999999999998
2595,4.0,0.09999999999999998
2596,8.0,0.09999999999999998
2597,17.0,0.09999999999999998
2598,7.0,0.09999999999999998
2599,21.0,0.09999999999999998
2600,-1.0,0.09999999999999998
2601,21.0,0.09999999999999998
2602,0.0,0.09999999999999998
2603,3.0,0.09999999999999998
2604,29.0,0.09999999999999998
2605,-1.0,0.09999999999999998
2606,11.0,0.09999999999999998
2607,7.0,0.09999999999999998
2608,-1.0,0.09999999999999998
2609,3.0,0.09999999999999998
2610,12.0,0.09999999999999998
2611,10.0,0.09999999999999998
2612,16.0,0.09999999999999998
2613,14.0,0.09999999999999998
2614,23.0,0.09999999999999998
2615,-7.0,0.09999999999999998
2616,3.0,0.09999999999999998
2617,17.0,0.09999999999999998
2618,30.0,0.09999999999999998
2619,-1.0,0.09999999999999998
2620,1.0,0.09999999999999998
2621,18.0,0.09999999999999998
2622,6.0,0.09999999999999998
2623,1.0,0.09999999999999998
2624,8.0,0.09999999999999998
2625,11.0,0.09999999999999998
2626,10.0,0.09999999999999998
2627,5.0,0.09999999999999998
2628,4.0,0.09999999999999998
2629,12.0,0.09999999999999998
2630,-5.0,0.09999999999999998
2631,8.0,0.09999999999999998
2632,25.0,0.09999999999999998
2633,5.0,0.09999999999999998
2634,1.0,0.09999999999999998
2635,1.0,0.09999999999999998
2636,10.0,0.09999999999999998
2637,4.0,0.09999999999999998
2638,12.0,0.09999999999999998
2639,5.0,0.09999999999999998
2640,31.0,0.09999999999999998
2641,6.0,0.09999999999999998
2642,7.0,0.09999999999999998
2643,12.0,0.09999999999999998
2644,16.0,0.09999999999999998
2645,-4.0,0.09999999999999998
2646,-1.0,0.09999999999999998
2647,6.0,0.09999999999999998
2648,20.0,0.09999999999999998
2649,34.0,0.09999999999999998
2650,21.0,0.09999999999999998
2651,3.0,0.09999999999999998
2652,3.0,0.09999999999999998
2653,0.0,0.09999999999999998
2654,23.0,0.09999999999999998
2655,8.0,0.09999999999999998
2656,-2.0,0.09999999999999998
2657,7.0,0.09999999999999998
2658,10.0,0.09999999999999998
2659,10.0,0.09999999999999998
2660,3.0,0.09999999999999998
2661,7.0,0.09999999999999998
2662,7.0,0.09999999999999998
2663,2.0,0.09999999999999998
2664,3.0,0.09999999999999998
2665,9.0,0.09999999999999998
2666,10.0,0.09999999999999998
2667,17.0,0.09999999999999998
2668,14.0,0.09999999999999998
2669,6.0,0.09999999999999998
2670,6.0,0.09999999999999998
2671,27.0,0.09999999999999998
2672,15.0,0.09999999999999998
2673,5.0,0.09999999999999998
2674,32.0,0.09999999999999998
2675,13.0,0.09999999999999998
2676,5.0,0.09999999999999998
2677,18.0,0.09999999999999998
2678,11.0,0.09999999999999998
2679,20.0,0.09999999999999998
2680,11.0,0.09999999999999998
2681,12.0,0.09999999999999998
2682,32.0,0.09999999999999998
2683,6.0,0.09999999999999998
2684,18.0,0.09999999999999998
2685,10.0,0.09999999999999998
2686,28.0,0.09999999999999998
2687,2.0,0.09999999999999998
2688,12.0,0.09999999999999998
2689,5.0,0.09999999999999998
2690,23.0,0.09999999999999998
2691,8.0,0.09999999999999998
2692,35.0,0.09999999999999998
2693,1.0,0.09999999999999998
2694,5.0,0.09999999999999998
2695,26.0,0.09999999999999998
2696,14.0,0.09999999999999998
2697,-1.0,0.09999999999999998
2698,9.0,0.09999999999999998
2699,16.0,0.09999999999999998
2700,15.0,0.09999999999999998
2701,20.0,0.09999999999999998
2702,24.0,0.09999999999999998
2703,22.0,0.09999999999999998
2704,1.0,0.09999999999999998
2705,14.0,0.09999999999999998
2706,17.0,0.09999999999999998
2707,7.0,0.09999999999999998
2708,9.0,0.09999999999999998
2709,10.0,0.09999999999999998
2710,1.0,0.09999999999999998
2711,12.0,0.09999999999999998
2712,20.0,0.09999999999999998
2713,5.0,0.09999999999999998
2714,11.0,0.09999999999999998
2715,0.0,0.09999999999999998
2716,20.0,0.09999999999999998
2717,-2.0,0.09999999999999998
2718,10.0,0.09999999999999998
2719,21.0,0.09999999999999998
2720,5.0,0.09999999999999998
2721,16.0,0.09999999999999998
2722,30.0,0.09999999999999998
2723,11.0,0.09999999999999998
2724,8.0,0.09999999999999998
2725,18.0,0.09999999999999998
2726,10.0,0.09999999999999998
2727,4.0,0.09999999999999998
2728,48.0,0.09999999999999998
2729,19.0,0.09999999999999998
2730,18.0,0.09999999999999998
2731,21.0,0.09999999999999998
2732,9.0,0.09999999999999998
2733,16.0,0.09999999999999998
2734,29.0,0.09999999999999998
2735,3.0,0.09999999999999998
2736,28.0,0.09999999999999998
2737,16.0,0.09999999999999998
2738,28.0,0.09999999999999998
2739,21.0,0.09999999999999998
2740,8.0,0.09999999999999998
2741,10.0,0.09999999999999998
2742,23.0,0.09999999999999998
2743,21.0,0.09999999999999998
2744,-1.0,0.09999999999999998
2745,15.0,0.09999999999999998
2746,0.0,0.09999999999999998
2747,0.0,0.09999999999999998
2748,-7.0,0.09999999999999998
2749,-5.0,0.09999999999999998
2750,2.0,0.09999999999999998
2751,-1.0,0.09999999999999998
2752,-5.0,0.09999999999999998
2753,-9.0,0.09999999999999998
2754,5.0,0.09999999999999998
2755,3.0,0.09999999999999998
2756,5.0,0.09999999999999998
2757,19.0,0.09999999999999998
2758,4.0,0.09999999999999998
2759,1.0,0.09999999999999998
2760,2.0,0.09999999999999998
2761,0.0,0.09999999999999998
2762,-1.0,0.09999999999999998
2763,0.0,0.09999999999999998
2764,13.0,0.09999999999999998
2765,8.0,0.09999999999999998
2766,-2.0,0.09999999999999998
2767,5.0,0.09999999999999998
2768,-2.0,0.09999999999999998
2769,0.0,0.09999999999999998
2770,9.0,0.09999999999999998
2771,1.0,0.09999999999999998
2772,4.0,0.09999999999999998
2773,11.0,0.09999999999999998
2774,16.0,0.09999999999999998
2775,2.0,0.09999999999999998
2776,-1.0,0.09999999999999998
2777,1.0,0.09999999999999998
2778,21.0,0.09999999999999998
2779,-10.0,0.09999999999999998
2780,-13.0,0.09999999999999998
2781,-2.0,0.09999999999999998
2782,-12.0,0.09999999999999998
2783,-3.0,0.09999999999999998
2784,5.0,0.09999999999999998
2785,2.0,0.09999999999999998
2786,-1.0,0.09999999999999998
2787,22.0,0.09999999999999998
2788,20.0,0.09999999999999998
2789,0.0,0.09999999999999998
2790,15.0,0.09999999999999998
2791,21.0,0.09999999999999998
2792,-7.0,0.09999999999999998
2793,10.0,0.09999999999999998
2794,-2.0,0.09999999999999998
2795,24.0,0.09999999999999998
2796,6.0,0.09999999999999998
2797,8.0,0.09999999999999998
2798,14.0,0.09999999999999998
2799,4.0,0.09999999999999998
2800,13.0,0.09999999999999998
2801,-2.0,0.09999999999999998
2802,-5.0,0.09999999999999998
2803,3.0,0.09999999999999998
2804,3.0,0.09999999999999998
2805,-1.0,0.09999999999999998
2806,-1.0,0.09999999999999998
2807,2.0,0.09999999999999998
2808,4.0,0.09999999999999998
2809,-2.0,0.09999999999999998
2810,10.0,0.09999999999999998
2811,8.0,0.09999999999999998
2812,4.0,0.09999999999999998
2813,-1.0,0.09999999999999998
2814,21.0,0.09999999999999998
2815,7.0,0.09999999999999998
2816,1.0,0.09999999999999998
2817,-7.0,0.09999999999999998
2818,-6.0,0.09999999999999998
2819,8.0,0.09999999999999998
2820,22.0,0.09999999999999998
2821,1.0,0.09999999999999998
2822,4.0,0.09999999999999998
2823,-4.0,0.09999999999999998
2824,-4.0,0.09999999999999998
2825,2.0,0.09999999999999998
2826,1.0,0.09999999999999998
2827,8.0,0.09999999999999998
2828,4.0,0.09999999999999998
2829,-5.0,0.09999999999999998
2830,3.0,0.09999999999999998
2831,24.0,0.09999999999999998
2832,-4.0,0.09999999999999998
2833,4.0,0.09999999999999998
2834,6.0,0.09999999999999998
2835,1.0,0.09999999999999998
2836,-5.0,0.09999999999999998
2837,10.0,0.09999999999999998
2838,26.0,0.09999999999999998
2839,6.0,0.09999999999999998
2840,7.0,0.09999999999999998
2841,2.0,0.09999999999999998
2842,31.0,0.09999999999999998
2843,12.0,0.09999999999999998
2844,8.0,0.09999999999999998
2845,0.0,0.09999999999999998
2846,10.0,0.09999999999999998
2847,14.0,0.09999999999999998
2848,21.0,0.09999999999999998
2849,0.0,0.09999999999999998
2850,0.0,0.09999999999999998
2851,19.0,0.09999999999999998
2852,8.0,0.09999999999999998
2853,2.0,0.09999999999999998
2854,7.0,0.09999999999999998
2855,11.0,0.09999999999999998
2856,2.0,0.09999999999999998
2857,7.0,0.09999999999999998
2858,7.0,0.09999999999999998
2859,21.0,0.09999999999999998
2860,10.0,0.09999999999999998
2861,10.0,0.09999999999999998
2862,7.0,0.09999999999999998
2863,3.0,0.09999999999999998
2864,4.0,0.09999999999999998
2865,3.0,0.09999999999999998
2866,6.0,0.09999999999999998
2867,8.0,0.09999999999999998
2868,-2.0,0.09999999999999998
2869,4.0,0.09999999999999998
2870,4.0,0.09999999999999998
2871,11.0,0.09999999999999998
2872,14.0,0.09999999999999998
2873,-2.0,0.09999999999999998
2874,4.0,0.09999999999999998
2875,10.0,0.09999999999999998
2876,10.0,0.09999999999999998
2877,3.0,0.09999999999999998
2878,2.0,0.09999999999999998
2879,14.0,0.09999999999999998
2880,12.0,0.09999999999999998
2881,-2.0,0.09999999999999998
2882,23.0,0.09999999999999998
2883,12.0,0.09999999999999998
2884,12.0,0.09999999999999998
2885,5.0,0.09999999999999998
2886,16.0,0.09999999999999998
2887,-5.0,0.09999999999999998
2888,-4.0,0.09999999999999998
2889,-1.0,0.09999999999999998
2890,4.0,0.09999999999999998
2891,0.0,0.09999999999999998
2892,7.0,0.09999999999999998
2893,2.0,0.09999999999999998
2894,3.0,0.09999999999999998
2895,2.0,0.09999999999999998
2896,6.0,0.09999999999999998
2897,7.0,0.09999999999999998
2898,22.0,0.09999999999999998
2899,19.0,0.09999999999999998
2900,-1.0,0.09999999999999998
2901,18.0,0.09999999999999998
2902,1.0,0.09999999999999998
2903,16.0,0.09999999999999998
2904,15.0,0.09999999999999998
2905,13.0,0.09999999999999998
2906,12.0,0.09999999999999998
2907,6.0,0.09999999999999998
2908,11.0,0.09999999999999998
2909,19.0,0.09999999999999998
2910,12.0,0.09999999999999998
2911,-3.0,0.09999999999999998
2912,20.0,0.09999999999999998
2913,10.0,0.09999999999999998
2914,8.0,0.09999999999999998
2915,7.0,0.09999999999999998
2916,11.0,0.09999999999999998
2917,4.0,0.09999999999999998
2918,4.0,0.09999999999999998
2919,-3.0,0.09999999999999998
2920,12.0,0.09999999999999998
2921,4.0,0.09999999999999998
2922,16.0,0.09999999999999998
2923,24.0,0.09999999999999998
2924,8.0,0.09999999999999998
2925,2.0,0.09999999999999998
2926,7.0,0.09999999999999998
2927,22.0,0.09999999999999998
2928,16.0,0.09999999999999998
2929,27.0,0.09999999999999998
2930,4.0,0.09999999999999998
2931,3.0,0.09999999999999998
2932,0.0,0.09999999999999998
2933,7.0,0.09999999999999998
2934,10.0,0.09999999999999998
2935,17.0,0.09999999999999998
2936,15.0,0.09999999999999998
2937,10.0,0.09999999999999998
2938,24.0,0.09999999999999998
2939,13.0,0.09999999999999998
2940,5.0,0.09999999999999998
2941,7.0,0.09999999999999998
2942,19.0,0.09999999999999998
2943,9.0,0.09999999999999998
2944,2.0,0.09999999999999998
2945,9.0,0.09999999999999998
2946,23.0,0.09999999999999998
2947,0.0,0.09999999999999998
2948,9.0,0.09999999999999998
2949,2.0,0.09999999999999998
2950,17.0,0.09999999999999998
2951,15.0,0.09999999999999998
2952,26.0,0.09999999999999998
2953,-5.0,0.09999999999999998
2954,2.0,0.09999999999999998
2955,13.0,0.09999999999999998
2956,3.0,0.09999999999999998
2957,5.0,0.09999999999999998
2958,1.0,0.09999999999999998
2959,36.0,0.09999999999999998
2960,10.0,0.09999999999999998
2961,31.0,0.09999999999999998
2962,20.0,0.09999999999999998
2963,1.0,0.09999999999999998
2964,7.0,0.09999999999999998
2965,29.0,0.09999999999999998
2966,26.0,0.09999999999999998
2967,-1.0,0.09999999999999998
2968,-3.0,0.09999999999999998
2969,13.0,0.09999999999999998
2970,7.0,0.09999999999999998
2971,26.0,0.09999999999999998
2972,20.0,0.09999999999999998
2973,34.0,0.09999999999999998
2974,12.0,0.09999999999999998
2975,3.0,0.09999999999999998
2976,0.0,0.09999999999999998
2977,6.0,0.09999999999999998
2978,2.0,0.09999999999999998
2979,4.0,0.09999999999999998
2980,15.0,0.09999999999999998
2981,15.0,0.09999999999999998
2982,-3.0,0.09999999999999998
2983,-1.0,0.09999999999999998
2984,13.0,0.09999999999999998
2985,5.0,0.09999999999999998
2986,9.0,0.09999999999999998
2987,9.0,0.09999999999999998
2988,10.0,0.09999999999999998
2989,1.0,0.09999999999999998
2990,25.0,0.09999999999999998
2991,2.0,0.09999999999999998
2992,3.0,0.09999999999999998
2993,14.0,0.09999999999999998
2994,8.0,0.09999999999999998
2995,27.0,0.09999999999999998
2996,10.0,0.09999999999999998
2997,35.0,0.09999999999999998
2998,0.0,0.09999999999999998
2999,20.0,0.09999999999999998
3000,25.0,0.09999999999999998
3001,6.0,0.09999999999999998
3002,13.0,0.09999999999999998
3003,24.0,0.09999999999999998
3004,0.0,0.09999999999999998
3005,6.0,0.09999999999999998
3006,11.0,0.09999999999999998
3007,7.0,0.09999999999999998
3008,14.0,0.09999999999999998
3009,15.0,0.09999999999999998
3010,2.0,0.09999999999999998
3011,32.0,0.09999999999999998
3012,5.0,0.09999999999999998
3013,-3.0,0.09999999999999998
3014,31.0,0.09999999999999998
3015,21.0,0.09999999999999998
3016,-6.0,0.09999999999999998
3017,-4.0,0.09999999999999998
3018,13.0,0.09999999999999998
3019,5.0,0.09999999999999998
3020,14.0,0.09999999999999998
3021,0.0,0.09999999999999998
3022,-5.0,0.09999999999999998
3023,2.0,0.09999999999999998
3024,7.0,0.09999999999999998
3025,0.0,0.09999999999999998
3026,-7.0,0.09999999999999998
3027,6.0,0.09999999999999998
3028,3.0,0.09999999999999998
3029,-3.0,0.09999999999999998
3030,-5.0,0.09999999999999998
3031,-5.0,0.09999999999999998
3032,3.0,0.09999999999999998
3033,13.0,0.09999999999999998
3034,7.0,0.09999999999999998
3035,3.0,0.09999999999999998
3036,0.0,0.09999999999999998
3037,-7.0,0.09999999999999998
3038,0.0,0.09999999999999998
3039,-5.0,0.09999999999999998
3040,-2.0,0.09999999999999998
3041,3.0,0.09999999999999998
3042,-4.0,0.09999999999999998
3043,0.0,0.09999999999999998
3044,-2.0,0.09999999999999998
3045,-4.0,0.09999999999999998
3046,-2.0,0.09999999999999998
3047,10.0,0.09999999999999998
3048,-1.0,0.09999999999999998
3049,3.0,0.09999999999999998
3050,4.0,0.09999999999999998
3051,1.0,0.09999999999999998
3052,1.0,0.09999999999999998
3053,5.0,0.09999999999999998
3054,-4.0,0.09999999999999998
3055,-5.0,0.09999999999999998
3056,7.0,0.09999999999999998
3057,11.0,0.09999999999999998
3058,-1.0,0.09999999999999998
3059,-1.0,0.09999999999999998
3060,-7.0,0.09999999999999998
3061,-2.0,0.09999999999999998
3062,3.0,0.09999999999999998
3063,13.0,0.09999999999999998
3064,5.0,0.09999999999999998
3065,-9.0,0.09999999999999998
3066,-11.0,0.09999999999999998
3067,7.0,0.09999999999999998
3068,-2.0,0.09999999999999998
3069,13.0,0.09999999999999998
3070,13.0,0.09999999999999998
3071,-5.0,0.09999999999999998
3072,-2.0,0.09999999999999998
3073,20.0,0.09999999999999998
3074,8.0,0.09999999999999998
3075,-1.0,0.09999999999999998
3076,5.0,0.09999999999999998
3077,0.0,0.09999999999999998
3078,16.0,0.09999999999999998
3079,2.0,0.09999999999999998
3080,7.0,0.09999999999999998
3081,10.0,0.09999999999999998
3082,-2.0,0.09999999999999998
3083,9.0,0.09999999999999998
3084,5.0,0.09999999999999998
3085,-1.0,0.09999999999999998
3086,9.0,0.09999999999999998
3087,4.0,0.09999999999999998
3088,1.0,0.09999999999999998
3089,-5.0,0.09999999999999998
3090,-7.0,0.09999999999999998
3091,2.0,0.09999999999999998
3092,20.0,0.09999999999999998
3093,7.0,0.09999999999999998
3094,4.0,0.09999999999999998
3095,3.0,0.09999999999999998
3096,14.0,0.09999999999999998
3097,-4.0,0.09999999999999998
3098,13.0,0.09999999999999998
3099,3.0,0.09999999999999998
3100,8.0,0.09999999999999998
3101,-5.0,0.09999999999999998
3102,1.0,0.09999999999999998
3103,7.0,0.09999999999999998
3104,5.0,0.09999999999999998
3105,10.0,0.09999999999999998
3106,2.0,0.09999999999999998
3107,4.0,0.09999999999999998
3108,16.0,0.09999999999999998
3109,19.0,0.09999999999999998
3110,6.0,0.09999999999999998
3111,3.0,0.09999999999999998
3112,7.0,0.09999999999999998
3113,-5.0,0.09999999999999998
3114,0.0,0.09999999999999998
3115,0.0,0.09999999999999998
3116,19.0,0.09999999999999998
3117,5.0,0.09999999999999998
3118,9.0,0.09999999999999998
3119,5.0,0.09999999999999998
3120,9.0,0.09999999999999998
3121,11.0,0.09999999999999998
3122,10.0,0.09999999999999998
3123,10.0,0.09999999999999998
3124,4.0,0.09999999999999998
3125,3.0,0.09999999999999998
3126,9.0,0.09999999999999998
3127,-9.0,0.09999999999999998
3128,5.0,0.09999999999999998
3129,0.0,0.09999999999999998
3130,16.0,0.09999999999999998
3131,1.0,0.09999999999999998
3132,5.0,0.09999999999999998
3133,3.0,0.09999999999999998
3134,37.0,0.09999999999999998
3135,17.0,0.09999999999999998
3136,10.0,0.09999999999999998
3137,4.0,0.09999999999999998
3138,15.0,0.09999999999999998
3139,0.0,0.09999999999999998
3140,2.0,0.09999999999999998
3141,-4.0,0.09999999999999998
3142,14.0,0.09999999999999998
3143,21.0,0.09999999999999998
3144,7.0,0.09999999999999998
3145,-4.0,0.09999999999999998
3146,-2.0,0.09999999999999998
3147,16.0,0.09999999999999998
3148,8.0,0.09999999999999998
3149,19.0,0.09999999999999998
3150,9.0,0.09999999999999998
3151,-2.0,0.09999999999999998
3152,2.0,0.09999999999999998
3153,4.0,0.09999999999999998
3154,9.0,0.09999999999999998
3155,35.0,0.09999999999999998
3156,13.0,0.09999999999999998
3157,15.0,0.09999999999999998
3158,7.0,0.09999999999999998
3159,-16.0,0.09999999999999998
3160,8.0,0.09999999999999998
3161,7.0,0.09999999999999998
3162,15.0,0.09999999999999998
3163,19.0,0.09999999999999998
3164,-1.0,0.09999999999999998
3165,13.0,0.09999999999999998
3166,37.0,0.09999999999999998
3167,19.0,0.09999999999999998
3168,13.0,0.09999999999999998
3169,7.0,0.09999999999999998
3170,2.0,0.09999999999999998
3171,16.0,0.09999999999999998
3172,25.0,0.09999999999999998
3173,8.0,0.09999999999999998
3174,0.0,0.09999999999999998
3175,27.0,0.09999999999999998
3176,5.0,0.09999999999999998
3177,33.0,0.09999999999999998
3178,12.0,0.09999999999999998
3179,5.0,0.09999999999999998
3180,7.0,0.09999999999999998
3181,6.0,0.09999999999999998
3182,8.0,0.09999999999999998
3183,17.0,0.09999999999999998
3184,11.0,0.09999999999999998
3185,9.0,0.09999999999999998
3186,10.0,0.09999999999999998
3187,12.0,0.09999999999999998
3188,16.0,0.09999999999999998
3189,7.0,0.09999999999999998
3190,9.0,0.09999999999999998
3191,6.0,0.09999999999999998
3192,11.0,0.09999999999999998
3193,12.0,0.09999999999999998
3194,14.0,0.09999999999999998
3195,19.0,0.09999999999999998
3196,8.0,0.09999999999999998
3197,0.0,0.09999999999999998
3198,18.0,0.09999999999999998
3199,2.0,0.09999999999999998
3200,23.0,0.09999999999999998
3201,3.0,0.09999999999999998
3202,11.0,0.09999999999999998
3203,-6.0,0.09999999999999998
3204,13.0,0.09999999999999998
3205,20.0,0.09999999999999998
3206,5.0,0.09999999999999998
3207,15.0,0.09999999999999998
3208,16.0,0.09999999999999998
3209,4.0,0.09999999999999998
3210,8.0,0.09999999999999998
3211,12.0,0.09999999999999998
3212,12.0,0.09999999999999998
3213,5.0,0.09999999999999998
3214,6.0,0.09999999999999998
3215,20.0,0.09999999999999998
3216,-10.0,0.09999999999999998
3217,-1.0,0.09999999999999998
3218,-6.0,0.09999999999999998
3219,2.0,0.09999999999999998
3220,11.0,0.09999999999999998
3221,9.0,0.09999999999999998
3222,-3.0,0.09999999999999998
3223,6.0,0.09999999999999998
3224,8.0,0.09999999999999998
3225,7.0,0.09999999999999998
3226,7.0,0.09999999999999998
3227,2.0,0.09999999999999998
3228,0.0,0.09999999999999998
3229,14.0,0.09999999999999998
3230,11.0,0.09999999999999998
3231,5.0,0.09999999999999998
3232,-3.0,0.09999999999999998
3233,-3.0,0.09999999999999998
3234,-3.0,0.09999999999999998
3235,23.0,0.09999999999999998
3236,15.0,0.09999999999999998
3237,-2.0,0.09999999999999998
3238,14.0,0.09999999999999998
3239,3.0,0.09999999999999998
3240,-4.0,0.09999999999999998
3241,24.0,0.09999999999999998
3242,10.0,0.09999999999999998
3243,17.0,0.09999999999999998
3244,23.0,0.09999999999999998
3245,8.0,0.09999999999999998
3246,-3.0,0.09999999999999998
3247,5.0,0.09999999999999998
3248,36.0,0.09999999999999998
3249,9.0,0.09999999999999998
3250,10.0,0.09999999999999998
3251,15.0,0.09999999999999998
3252,19.0,0.09999999999999998
3253,7.0,0.09999999999999998
3254,6.0,0.09999999999999998
3255,5.0,0.09999999999999998
3256,-3.0,0.09999999999999998
3257,9.0,0.09999999999999998
3258,-4.0,0.09999999999999998
3259,12.0,0.09999999999999998
3260,8.0,0.09999999999999998
3261,8.0,0.09999999999999998
3262,10.0,0.09999999999999998
3263,27.0,0.09999999999999998
3264,20.0,0.09999999999999998
3265,11.0,0.09999999999999998
3266,3.0,0.09999999999999998
3267,19.0,0.09999999999999998
3268,14.0,0.09999999999999998
3269,3.0,0.09999999999999998
3270,10.0,0.09999999999999998
3271,5.0,0.09999999999999998
3272,20.0,0.09999999999999998
3273,17.0,0.09999999999999998
3274,10.0,0.09999999999999998
3275,3.0,0.09999999999999998
3276,-1.0,0.09999999999999998
3277,13.0,0.09999999999999998
3278,2.0,0.09999999999999998
3279,11.0,0.09999999999999998
3280,5.0,0.09999999999999998
3281,8.0,0.09999999999999998
3282,19.0,0.09999999999999998
3283,32.0,0.09999999999999998
3284,26.0,0.09999999999999998
3285,4.0,0.09999999999999998
3286,-3.0,0.09999999999999998
3287,20.0,0.09999999999999998
3288,7.0,0.09999999999999998
3289,11.0,0.09999999999999998
3290,0.0,0.09999999999999998
3291,2.0,0.09999999999999998
3292,24.0,0.09999999999999998
3293,5.0,0.09999999999999998
3294,1.0,0.09999999999999998
3295,10.0,0.09999999999999998
3296,1.0,0.09999999999999998
3297,6.0,0.09999999999999998
3298,1.0,0.09999999999999998
3299,3.0,0.09999999999999998
3300,12.0,0.09999999999999998
3301,27.0,0.09999999999999998
3302,23.0,0.09999999999999998
3303,8.0,0.09999999999999998
3304,-3.0,0.09999999999999998
3305,6.0,0.09999999999999998
3306,1.0,0.09999999999999998
3307,19.0,0.09999999999999998
3308,32.0,0.09999999999999998
3309,7.0,0.09999999999999998
3310,4.0,0.09999999999999998
3311,11.0,0.09999999999999998
3312,-3.0,0.09999999999999998
3313,6.0,0.09999999999999998
3314,35.0,0.09999999999999998
3315,19.0,0.09999999999999998
3316,-2.0,0.09999999999999998
3317,29.0,0.09999999999999998
3318,33.0,0.09999999999999998
3319,10.0,0.09999999999999998
3320,-1.0,0.09999999999999998
3321,14.0,0.09999999999999998
3322,3.0,0.09999999999999998
3323,-1.0,0.09999999999999998
3324,15.0,0.09999999999999998
3325,-6.0,0.09999999999999998
3326,1.0,0.09999999999999998
3327,-5.0,0.09999999999999998
3328,4.0,0.09999999999999998
3329,-2.0,0.09999999999999998
3330,8.0,0.09999999999999998
3331,11.0,0.09999999999999998
3332,13.0,0.09999999999999998
3333,1.0,0.09999999999999998
3334,14.0,0.09999999999999998
3335,19.0,0.09999999999999998
3336,17.0,0.09999999999999998
3337,23.0,0.09999999999999998
3338,7.0,0.09999999999999998
3339,37.0,0.09999999999999998
3340,16.0,0.09999999999999998
3341,13.0,0.09999999999999998
3342,10.0,0.09999999999999998
3343,5.0,0.09999999999999998
3344,6.0,0.09999999999999998
3345,5.0,0.09999999999999998
3346,3.0,0.09999999999999998
3347,22.0,0.09999999999999998
3348,25.0,0.09999999999999998
3349,15.0,0.09999999999999998
3350,8.0,0.09999999999999998
3351,27.0,0.09999999999999998
3352,0.0,0.09999999999999998
3353,-9.0,0.09999999999999998
3354,12.0,0.09999999999999998
3355,9.0,0.09999999999999998
3356,13.0,0.09999999999999998
3357,16.0,0.09999999999999998
3358,7.0,0.09999999999999998
3359,19.0,0.09999999999999998
3360,4.0,0.09999999999999998
3361,7.0,0.09999999999999998
3362,8.0,0.09999999999999998
3363,5.0,0.09999999999999998
3364,11.0,0.09999999999999998
3365,13.0,0.09999999999999998
3366,3.0,0.09999999999999998
3367,-6.0,0.09999999999999998
3368,9.0,0.09999999999999998
3369,-1.0,0.09999999999999998
3370,-4.0,0.09999999999999998
3371,6.0,0.09999999999999998
3372,2.0,0.09999999999999998
3373,4.0,0.09999999999999998
3374,10.0,0.09999999999999998
3375,15.0,0.09999999999999998
3376,-9.0,0.09999999999999998
3377,-2.0,0.09999999999999998
3378,11.0,0.09999999999999998
3379,-5.0,0.09999999999999998
3380,25.0,0.09999999999999998
3381,1.0,0.09999999999999998
3382,0.0,0.09999999999999998
3383,0.0,0.09999999999999998
3384,-3.0,0.09999999999999998
3385,24.0,0.09999999999999998
3386,-3.0,0.09999999999999998
3387,2.0,0.09999999999999998
3388,22.0,0.09999999999999998
3389,7.0,0.09999999999999998
3390,0.0,0.09999999999999998
3391,2.0,0.09999999999999998
3392,5.0,0.09999999999999998
3393,22.0,0.09999999999999998
3394,9.0,0.09999999999999998
3395,20.0,0.09999999999999998
3396,11.0,0.09999999999999998
3397,-1.0,0.09999999999999998
3398,25.0,0.09999999999999998
3399,17.0,0.09999999999999998
3400,7.0,0.09999999999999998
3401,10.0,0.09999999999999998
3402,18.0,0.09999999999999998
3403,29.0,0.09999999999999998
3404,14.0,0.09999999999999998
3405,39.0,0.09999999999999998
3406,-1.0,0.09999999999999998
3407,1.0,0.09999999999999998
3408,1.0,0.09999999999999998
3409,1.0,0.09999999999999998
3410,6.0,0.09999999999999998
3411,-4.0,0.09999999999999998
3412,18.0,0.09999999999999998
3413,15.0,0.09999999999999998
3414,-5.0,0.09999999999999998
3415,-2.0,0.09999999999999998
3416,11.0,0.09999999999999998
3417,7.0,0.09999999999999998
3418,22.0,0.09999999999999998
3419,4.0,0.09999999999999998
3420,8.0,0.09999999999999998
3421,-4.0,0.09999999999999998
3422,6.0,0.09999999999999998
3423,10.0,0.09999999999999998
3424,9.0,0.09999999999999998
3425,-1.0,0.09999999999999998
3426,10.0,0.09999999999999998
3427,3.0,0.09999999999999998
3428,-4.0,0.09999999999999998
3429,-3.0,0.09999999999999998
3430,2.0,0.09999999999999998
3431,0.0,0.09999999999999998
3432,26.0,0.09999999999999998
3433,12.0,0.09999999999999998
3434,18.0,0.09999999999999998
3435,7.0,0.09999999999999998
3436,2.0,0.09999999999999998
3437,19.0,0.09999999999999998
3438,1.0,0.09999999999999998
3439,6.0,0.09999999999999998
3440,21.0,0.09999999999999998
3441,16.0,0.09999999999999998
3442,8.0,0.09999999999999998
3443,10.0,0.09999999999999998
3444,22.0,0.09999999999999998
3445,4.0,0.09999999999999998
3446,1.0,0.09999999999999998
3447,0.0,0.09999999999999998
3448,33.0,0.09999999999999998
3449,9.0,0.09999999999999998
3450,-2.0,0.09999999999999998
3451,2.0,0.09999999999999998
3452,9.0,0.09999999999999998
3453,22.0,0.09999999999999998
3454,1.0,0.09999999999999998
3455,9.0,0.09999999999999998
3456,4.0,0.09999999999999998
3457,14.0,0.09999999999999998
3458,26.0,0.09999999999999998
3459,11.0,0.09999999999999998
3460,33.0,0.09999999999999998
3461,24.0,0.09999999999999998
3462,14.0,0.09999999999999998
3463,4.0,0.09999999999999998
3464,12.0,0.09999999999999998
3465,18.0,0.09999999999999998
3466,6.0,0.09999999999999998
3467,7.0,0.09999999999999998
3468,5.0,0.09999999999999998
3469,14.0,0.09999999999999998
3470,19.0,0.09999999999999998
3471,37.0,0.09999999999999998
3472,1.0,0.09999999999999998
3473,-1.0,0.09999999999999998
3474,4.0,0.09999999999999998
3475,22.0,0.09999999999999998
3476,0.0,0.09999999999999998
3477,9.0,0.09999999999999998
3478,10.0,0.09999999999999998
3479,4.0,0.09999999999999998
3480,12.0,0.09999999999999998
3481,6.0,0.09999999999999998
3482,0.0,0.09999999999999998
3483,1.0,0.09999999999999998
3484,-12.0,0.09999999999999998
3485,14.0,0.09999999999999998
3486,4.0,0.09999999999999998
3487,8.0,0.09999999999999998
3488,4.0,0.09999999999999998
3489,-1.0,0.09999999999999998
3490,3.0,0.09999999999999998
3491,5.0,0.09999999999999998
3492,24.0,0.09999999999999998
3493,4.0,0.09999999999999998
3494,9.0,0.09999999999999998
3495,9.0,0.09999999999999998
3496,16.0,0.09999999999999998
3497,-4.0,0.09999999999999998
3498,0.0,0.09999999999999998
3499,6.0,0.09999999999999998
3500,1.0,0.09999999999999998
3501,-1.0,0.09999999999999998
3502,10.0,0.09999999999999998
3503,10.0,0.09999999999999998
3504,4.0,0.09999999999999998
3505,3.0,0.09999999999999998
3506,0.0,0.09999999999999998
3507,-4.0,0.09999999999999998
3508,9.0,0.09999999999999998
3509,-1.0,0.09999999999999998
3510,16.0,0.09999999999999998
3511,2.0,0.09999999999999998
3512,12.0,0.09999999999999998
3513,-3.0,0.09999999999999998
3514,3.0,0.09999999999999998
3515,2.0,0.09999999999999998
3516,6.0,0.09999999999999998
3517,14.0,0.09999999999999998
3518,8.0,0.09999999999999998
3519,18.0,0.09999999999999998
3520,5.0,0.09999999999999998
3521,13.0,0.09999999999999998
3522,6.0,0.09999999999999998
3523,2.0,0.09999999999999998
3524,11.0,0.09999999999999998
3525,28.0,0.09999999999999998
3526,2.0,0.09999999999999998
3527,4.0,0.09999999999999998
3528,9.0,0.09999999999999998
3529,14.0,0.09999999999999998
3530,22.0,0.09999999999999998
3531,13.0,0.09999999999999998
3532,12.0,0.09999999999999998
3533,7.0,0.09999999999999998
3534,-2.0,0.09999999999999998
3535,-3.0,0.09999999999999998
3536,2.0,0.09999999999999998
3537,13.0,0.09999999999999998
3538,6.0,0.09999999999999998
3539,4.0,0.09999999999999998
3540,4.0,0.09999999999999998
3541,21.0,0.09999999999999998
3542,0.0,0.09999999999999998
3543,-3.0,0.09999999999999998
3544,-1.0,0.09999999999999998
3545,7.0,0.09999999999999998
3546,3.0,0.09999999999999998
3547,13.0,0.09999999999999998
3548,3.0,0.09999999999999998
3549,32.0,0.09999999999999998
3550,24.0,0.09999999999999998
3551,0.0,0.09999999999999998
3552,-2.0,0.09999999999999998
3553,10.0,0.09999999999999998
3554,-2.0,0.09999999999999998
3555,10.0,0.09999999999999998
3556,45.0,0.09999999999999998
3557,-8.0,0.09999999999999998
3558,3.0,0.09999999999999998
3559,-2.0,0.09999999999999998
3560,0.0,0.09999999999999998
3561,16.0,0.09999999999999998
3562,8.0,0.09999999999999998
3563,23.0,0.09999999999999998
3564,-1.0,0.09999999999999998
3565,-6.0,0.09999999999999998
3566,-2.0,0.09999999999999998
3567,0.0,0.09999999999999998
3568,10.0,0.09999999999999998
3569,5.0,0.09999999999999998
3570,0.0,0.09999999999999998
3571,6.0,0.09999999999999998
3572,-1.0,0.09999999999999998
3573,8.0,0.09999999999999998
3574,-5.0,0.09999999999999998
3575,7.0,0.09999999999999998
3576,8.0,0.09999999999999998
3577,8.0,0.09999999999999998
3578,30.0,0.09999999999999998
3579,-4.0,0.09999999999999998
3580,-6.0,0.09999999999999998
3581,16.0,0.09999999999999998
3582,-7.0,0.09999999999999998
3583,3.0,0.09999999999999998
3584,6.0,0.09999999999999998
3585,30.0,0.09999999999999998
3586,-5.0,0.09999999999999998
3587,3.0,0.09999999999999998
3588,-1.0,0.09999999999999998
3589,6.0,0.09999999999999998
3590,4.0,0.09999999999999998
3591,-5.0,0.09999999999999998
3592,-2.0,0.09999999999999998
3593,1.0,0.09999999999999998
3594,4.0,0.09999999999999998
3595,1.0,0.09999999999999998
3596,12.0,0.09999999999999998
3597,4.0,0.09999999999999998
3598,-3.0,0.09999999999999998
3599,11.0,0.09999999999999998
3600,10.0,0.09999999999999998
3601,7.0,0.09999999999999998
3602,22.0,0.09999999999999998
3603,21.0,0.09999999999999998
3604,14.0,0.09999999999999998
3605,-5.0,0.09999999999999998
3606,16.0,0.09999999999999998
3607,35.0,0.09999999999999998
3608,13.0,0.09999999999999998
3609,-5.0,0.09999999999999998
3610,1.0,0.09999999999999998
3611,12.0,0.09999999999999998
3612,5.0,0.09999999999999998
3613,-7.0,0.09999999999999998
3614,3.0,0.09999999999999998
3615,-6.0,0.09999999999999998
3616,2.0,0.09999999999999998
3617,-1.0,0.09999999999999998
3618,1.0,0.09999999999999998
3619,1.0,0.09999999999999998
3620,12.0,0.09999999999999998
3621,-5.0,0.09999999999999998
3622,-1.0,0.09999999999999998
3623,9.0,0.09999999999999998
3624,-2.0,0.09999999999999998
3625,0.0,0.09999999999999998
3626,4.0,0.09999999999999998
3627,10.0,0.09999999999999998
3628,6.0,0.09999999999999998
3629,-1.0,0.09999999999999998
3630,8.0,0.09999999999999998
3631,-10.0,0.09999999999999998
3632,1.0,0.09999999999999998
3633,11.0,0.09999999999999998
3634,3.0,0.09999999999999998
3635,9.0,0.09999999999999998
3636,-3.0,0.09999999999999998
3637,7.0,0.09999999999999998
3638,11.0,0.09999999999999998
3639,1.0,0.09999999999999998
3640,27.0,0.09999999999999998
3641,5.0,0.09999999999999998
3642,1.0,0.09999999999999998
3643,4.0,0.09999999999999998
3644,28.0,0.09999999999999998
3645,32.0,0.09999999999999998
3646,3.0,0.09999999999999998
3647,12.0,0.09999999999999998
3648,18.0,0.09999999999999998
3649,12.0,0.09999999999999998
3650,21.0,0.09999999999999998
3651,-5.0,0.09999999999999998
3652,2.0,0.09999999999999998
3653,0.0,0.09999999999999998
3654,9.0,0.09999999999999998
3655,1.0,0.09999999999999998
3656,1.0,0.09999999999999998
3657,2.0,0.09999999999999998
3658,15.0,0.09999999999999998
3659,3.0,0.09999999999999998
3660,7.0,0.09999999999999998
3661,1.0,0.09999999999999998
3662,4.0,0.09999999999999998
3663,3.0,0.09999999999999998
3664,-3.0,0.09999999999999998
3665,-3.0,0.09999999999999998
3666,14.0,0.09999999999999998
3667,0.0,0.09999999999999998
3668,0.0,0.09999999999999998
3669,5.0,0.09999999999999998
3670,3.0,0.09999999999999998
3671,1.0,0.09999999999999998
3672,12.0,0.09999999999999998
3673,19.0,0.09999999999999998
3674,0.0,0.09999999999999998
3675,5.0,0.09999999999999998
3676,3.0,0.09999999999999998
3677,0.0,0.09999999999999998
3678,-11.0,0.09999999999999998
3679,-5.0,0.09999999999999998
3680,12.0,0.09999999999999998
3681,21.0,0.09999999999999998
3682,20.0,0.09999999999999998
3683,1.0,0.09999999999999998
3684,9.0,0.09999999999999998
3685,1.0,0.09999999999999998
3686,-1.0,0.09999999999999998
3687,13.0,0.09999999999999998
3688,0.0,0.09999999999999998
3689,19.0,0.09999999999999998
3690,11.0,0.09999999999999998
3691,-1.0,0.09999999999999998
3692,7.0,0.09999999999999998
3693,30.0,0.09999999999999998
3694,-2.0,0.09999999999999998
3695,-1.0,0.09999999999999998
3696,-6.0,0.09999999999999998
3697,7.0,0.09999999999999998
3698,6.0,0.09999999999999998
3699,17.0,0.09999999999999998
3700,1.0,0.09999999999999998
3701,11.0,0.09999999999999998
3702,16.0,0.09999999999999998
3703,15.0,0.09999999999999998
3704,13.0,0.09999999999999998
3705,0.0,0.09999999999999998
3706,-4.0,0.09999999999999998
3707,10.0,0.09999999999999998
3708,1.0,0.09999999999999998
3709,9.0,0.09999999999999998
3710,4.0,0.09999999999999998
3711,4.0,0.09999999999999998
3712,-6.0,0.09999999999999998
3713,4.0,0.09999999999999998
3714,-5.0,0.09999999999999998
3715,3.0,0.09999999999999998
3716,4.0,0.09999999999999998
3717,9.0,0.09999999999999998
3718,16.0,0.09999999999999998
3719,-2.0,0.09999999999999998
3720,22.0,0.09999999999999998
3721,-4.0,0.09999999999999998
3722,8.0,0.09999999999999998
3723,38.0,0.09999999999999998
3724,-4.0,0.09999999999999998
3725,-3.0,0.09999999999999998
3726,-3.0,0.09999999999999998
3727,6.0,0.09999999999999998
3728,-3.0,0.09999999999999998
3729,13.0,0.09999999999999998
3730,-4.0,0.09999999999999998
3731,15.0,0.09999999999999998
3732,-7.0,0.09999999999999998
3733,5.0,0.09999999999999998
3734,2.0,0.09999999999999998
3735,15.0,0.09999999999999998
3736,0.0,0.09999999999999998
3737,13.0,0.09999999999999998
3738,7.0,0.09999999999999998
3739,13.0,0.09999999999999998
3740,-21.0,0.09999999999999998
3741,-4.0,0.09999999999999998
3742,-2.0,0.09999999999999998
3743,2.0,0.09999999999999998
3744,-13.0,0.09999999999999998
3745,-2.0,0.09999999999999998
3746,20.0,0.09999999999999998
3747,-1.0,0.09999999999999998
3748,-2.0,0.09999999999999998
3749,-1.0,0.09999999999999998
3750,-1.0,0.09999999999999998
3751,4.0,0.09999999999999998
3752,13.0,0.09999999999999998
3753,11.0,0.09999999999999998
3754,12.0,0.09999999999999998
3755,5.0,0.09999999999999998
3756,-6.0,0.09999999999999998
3757,0.0,0.09999999999999998
3758,-3.0,0.09999999999999998
3759,2.0,0.09999999999999998
3760,10.0,0.09999999999999998
3761,1.0,0.09999999999999998
3762,-5.0,0.09999999999999998
3763,-9.0,0.09999999999999998
3764,-3.0,0.09999999999999998
3765,0.0,0.09999999999999998
3766,0.0,0.09999999999999998
3767,-2.0,0.09999999999999998
3768,3.0,0.09999999999999998
3769,6.0,0.09999999999999998
3770,-5.0,0.09999999999999998
3771,-13.0,0.09999999999999998
3772,4.0,0.09999999999999998
3773,-14.0,0.09999999999999998
3774,-7.0,0.09999999999999998
3775,4.0,0.09999999999999998
3776,-3.0,0.09999999999999998
3777,-4.0,0.09999999999999998
3778,-10.0,0.09999999999999998
3779,3.0,0.09999999999999998
3780,-10.0,0.09999999999999998
3781,-6.0,0.09999999999999998
3782,-13.0,0.09999999999999998
3783,-24.0,0.09999999999999998
3784,1.0,0.09999999999999998
3785,2.0,0.09999999999999998
3786,-2.0,0.09999999999999998
3787,8.0,0.09999999999999998
3788,12.0,0.09999999999999998
3789,9.0,0.09999999999999998
3790,10.0,0.09999999999999998
3791,10.0,0.09999999999999998
3792,1.0,0.09999999999999998
3793,3.0,0.09999999999999998
3794,-1.0,0.09999999999999998
3795,8.0,0.09999999999999998
3796,2.0,0.09999999999999998
3797,2.0,0.09999999999999998
3798,2.0,0.09999999999999998
3799,24.0,0.09999999999999998
3800,7.0,0.09999999999999998
3801,-3.0,0.09999999999999998
3802,-1.0,0.09999999999999998
3803,6.0,0.09999999999999998
3804,10.0,0.09999999999999998
3805,4.0,0.09999999999999998
3806,6.0,0.09999999999999998
3807,7.0,0.09999999999999998
3808,-11.0,0.09999999999999998
3809,18.0,0.09999999999999998
3810,-5.0,0.09999999999999998
3811,13.0,0.09999999999999998
3812,13.0,0.09999999999999998
3813,0.0,0.09999999999999998
3814,22.0,0.09999999999999998
3815,-14.0,0.09999999999999998
3816,12.0,0.09999999999999998
3817,0.0,0.09999999999999998
3818,-17.0,0.09999999999999998
3819,-8.0,0.09999999999999998
3820,2.0,0.09999999999999998
3821,6.0,0.09999999999999998
3822,5.0,0.09999999999999998
3823,-1.0,0.09999999999999998
3824,-5.0,0.09999999999999998
3825,4.0,0.09999999999999998
3826,-3.0,0.09999999999999998
3827,0.0,0.09999999999999998
3828,-3.0,0.09999999999999998
3829,4.0,0.09999999999999998
3830,1.0,0.09999999999999998
3831,14.0,0.09999999999999998
3832,14.0,0.09999999999999998
3833,4.0,0.09999999999999998
3834,-6.0,0.09999999999999998
3835,-2.0,0.09999999999999998
3836,1.0,0.09999999999999998
3837,6.0,0.09999999999999998
3838,6.0,0.09999999999999998
3839,-4.0,0.09999999999999998
3840,3.0,0.09999999999999998
3841,0.0,0.09999999999999998
3842,-2.0,0.09999999999999998
3843,13.0,0.09999999999999998
3844,-2.0,0.09999999999999998
3845,-4.0,0.09999999999999998
3846,2.0,0.09999999999999998
3847,2.0,0.09999999999999998
3848,-15.0,0.09999999999999998
3849,0.0,0.09999999999999998
3850,4.0,0.09999999999999998
3851,-6.0,0.09999999999999998
3852,-2.0,0.09999999999999998
3853,0.0,0.09999999999999998
3854,3.0,0.09999999999999998
3855,-1.0,0.09999999999999998
3856,-1.0,0.09999999999999998
3857,3.0,0.09999999999999998
3858,10.0,0.09999999999999998
3859,13.0,0.09999999999999998
3860,-1.0,0.09999999999999998
3861,-3.0,0.09999999999999998
3862,5.0,0.09999999999999998
3863,8.0,0.09999999999999998
3864,5.0,0.09999999999999998
3865,-2.0,0.09999999999999998
3866,2.0,0.09999999999999998
3867,-3.0,0.09999999999999998
3868,7.0,0.09999999999999998
3869,-2.0,0.09999999999999998
3870,-7.0,0.09999999999999998
3871,-1.0,0.09999999999999998
3872,-4.0,0.09999999999999998
3873,-11.0,0.09999999999999998
3874,1.0,0.09999999999999998
3875,1.0,0.09999999999999998
3876,0.0,0.09999999999999998
3877,-4.0,0.09999999999999998
3878,-4.0,0.09999999999999998
3879,2.0,0.09999999999999998
3880,2.0,0.09999999999999998
3881,2.0,0.09999999999999998
3882,1.0,0.09999999999999998
3883,9.0,0.09999999999999998
3884,-5.0,0.09999999999999998
3885,0.0,0.09999999999999998
3886,2.0,0.09999999999999998
3887,16.0,0.09999999999999998
3888,1.0,0.09999999999999998
3889,-12.0,0.09999999999999998
3890,-2.0,0.09999999999999998
3891,11.0,0.09999999999999998
3892,2.0,0.09999999999999998
3893,3.0,0.09999999999999998
3894,-3.0,0.09999999999999998
3895,-7.0,0.09999999999999998
3896,19.0,0.09999999999999998
3897,-3.0,0.09999999999999998
3898,-2.0,0.09999999999999998
3899,2.0,0.09999999999999998
3900,12.0,0.09999999999999998
3901,-12.0,0.09999999999999998
3902,4.0,0.09999999999999998
3903,3.0,0.09999999999999998
3904,4.0,0.09999999999999998
3905,-5.0,0.09999999999999998
3906,4.0,0.09999999999999998
3907,2.0,0.09999999999999998
3908,-5.0,0.09999999999999998
3909,1.0,0.09999999999999998
3910,-8.0,0.09999999999999998
3911,-1.0,0.09999999999999998
3912,-1.0,0.09999999999999998
3913,7.0,0.09999999999999998
3914,13.0,0.09999999999999998
3915,7.0,0.09999999999999998
3916,-6.0,0.09999999999999998
3917,4.0,0.09999999999999998
3918,3.0,0.09999999999999998
3919,15.0,0.09999999999999998
3920,13.0,0.09999999999999998
3921,4.0,0.09999999999999998
3922,9.0,0.09999999999999998
3923,13.0,0.09999999999999998
3924,-17.0,0.09999999999999998
3925,-2.0,0.09999999999999998
3926,0.0,0.09999999999999998
3927,-5.0,0.09999999999999998
3928,20.0,0.09999999999999998
3929,5.0,0.09999999999999998
3930,7.0,0.09999999999999998
3931,0.0,0.09999999999999998
3932,-1.0,0.09999999999999998
3933,4.0,0.09999999999999998
3934,10.0,0.09999999999999998
3935,12.0,0.09999999999999998
3936,2.0,0.09999999999999998
3937,-13.0,0.09999999999999998
3938,1.0,0.09999999999999998
3939,-3.0,0.09999999999999998
3940,4.0,0.09999999999999998
3941,13.0,0.09999999999999998
3942,12.0,0.09999999999999998
3943,-1.0,0.09999999999999998
3944,-1.0,0.09999999999999998
3945,-8.0,0.09999999999999998
3946,-7.0,0.09999999999999998
3947,-6.0,0.09999999999999998
3948,-4.0,0.09999999999999998
3949,15.0,0.09999999999999998
3950,3.0,0.09999999999999998
3951,7.0,0.09999999999999998
3952,-1.0,0.09999999999999998
3953,5.0,0.09999999999999998
3954,1.0,0.09999999999999998
3955,17.0,0.09999999999999998
3956,-3.0,0.09999999999999998
3957,4.0,0.09999999999999998
3958,14.0,0.09999999999999998
3959,10.0,0.09999999999999998
3960,5.0,0.09999999999999998
3961,3.0,0.09999999999999998
3962,20.0,0.09999999999999998
3963,2.0,0.09999999999999998
3964,4.0,0.09999999999999998
3965,25.0,0.09999999999999998
3966,15.0,0.09999999999999998
3967,3.0,0.09999999999999998
3968,18.0,0.09999999999999998
3969,4.0,0.09999999999999998
3970,1.0,0.09999999999999998
3971,6.0,0.09999999999999998
3972,6.0,0.09999999999999998
3973,14.0,0.09999999999999998
3974,17.0,0.09999999999999998
3975,13.0,0.09999999999999998
3976,-4.0,0.09999999999999998
3977,19.0,0.09999999999999998
3978,19.0,0.09999999999999998
3979,0.0,0.09999999999999998
3980,4.0,0.09999999999999998
3981,-2.0,0.09999999999999998
3982,8.0,0.09999999999999998
3983,8.0,0.09999999999999998
3984,9.0,0.09999999999999998
3985,-1.0,0.09999999999999998
3986,-1.0,0.09999999999999998
3987,-7.0,0.09999999999999998
3988,7.0,0.09999999999999998
3989,-8.0,0.09999999999999998
3990,-1.0,0.09999999999999998
3991,7.0,0.09999999999999998
3992,13.0,0.09999999999999998
3993,-2.0,0.09999999999999998
3994,31.0,0.09999999999999998
3995,5.0,0.09999999999999998
3996,4.0,0.09999999999999998
3997,1.0,0.09999999999999998
3998,1.0,0.09999999999999998
3999,8.0,0.09999999999999998
4000,14.0,0.09999999999999998
4001,-2.0,0.09999999999999998
4002,22.0,0.09999999999999998
4003,5.0,0.09999999999999998
4004,-2.0,0.09999999999999998
4005,3.0,0.09999999999999998
4006,19.0,0.09999999999999998
4007,2.0,0.09999999999999998
4008,6.0,0.09999999999999998
4009,-10.0,0.09999999999999998
4010,7.0,0.09999999999999998
4011,-2.0,0.09999999999999998
4012,0.0,0.09999999999999998
4013,13.0,0.09999999999999998
4014,9.0,0.09999999999999998
4015,6.0,0.09999999999999998
4016,1.0,0.09999999999999998
4017,2.0,0.09999999999999998
4018,4.0,0.09999999999999998
4019,4.0,0.09999999999999998
4020,2.0,0.09999999999999998
4021,-6.0,0.09999999999999998
4022,5.0,0.09999999999999998
4023,-6.0,0.09999999999999998
4024,-7.0,0.09999999999999998
4025,4.0,0.09999999999999998
4026,2.0,0.09999999999999998
4027,6.0,0.09999999999999998
4028,5.0,0.09999999999999998
4029,12.0,0.09999999999999998
4030,2.0,0.09999999999999998
4031,9.0,0.09999999999999998
4032,6.0,0.09999999999999998
4033,21.0,0.09999999999999998
4034,0.0,0.09999999999999998
4035,3.0,0.09999999999999998
4036,11.0,0.09999999999999998
4037,0.0,0.09999999999999998
4038,15.0,0.09999999999999998
4039,-7.0,0.09999999999999998
4040,1.0,0.09999999999999998
4041,-1.0,0.09999999999999998
4042,-9.0,0.09999999999999998
4043,6.0,0.09999999999999998
4044,12.0,0.09999999999999998
4045,-1.0,0.09999999999999998
4046,20.0,0.09999999999999998
4047,-4.0,0.09999999999999998
4048,4.0,0.09999999999999998
4049,21.0,0.09999999999999998
4050,5.0,0.09999999999999998
4051,2.0,0.09999999999999998
4052,12.0,0.09999999999999998
4053,7.0,0.09999999999999998
4054,17.0,0.09999999999999998
4055,14.0,0.09999999999999998
4056,7.0,0.09999999999999998
4057,2.0,0.09999999999999998
4058,7.0,0.09999999999999998
4059,1.0,0.09999999999999998
4060,0.0,0.09999999999999998
4061,-6.0,0.09999999999999998
4062,9.0,0.09999999999999998
4063,2.0,0.09999999999999998
4064,4.0,0.09999999999999998
4065,11.0,0.09999999999999998
4066,6.0,0.09999999999999998
4067,2.0,0.09999999999999998
4068,18.0,0.09999999999999998
4069,-1.0,0.09999999999999998
4070,9.0,0.09999999999999998
4071,-1.0,0.09999999999999998
4072,27.0,0.09999999999999998
4073,21.0,0.09999999999999998
4074,0.0,0.09999999999999998
4075,25.0,0.09999999999999998
4076,-5.0,0.09999999999999998
4077,1.0,0.09999999999999998
4078,17.0,0.09999999999999998
4079,1.0,0.09999999999999998
4080,17.0,0.09999999999999998
4081,6.0,0.09999999999999998
4082,6.0,0.09999999999999998
4083,-2.0,0.09999999999999998
4084,9.0,0.09999999999999998
4085,-5.0,0.09999999999999998
4086,-2.0,0.09999999999999998
4087,8.0,0.09999999999999998
4088,6.0,0.09999999999999998
4089,1.0,0.09999999999999998
4090,12.0,0.09999999999999998
4091,0.0,0.09999999999999998
4092,-11.0,0.09999999999999998
4093,17.0,0.09999999999999998
4094,1.0,0.09999999999999998
4095,0.0,0.09999999999999998
4096,10.0,0.09999999999999998
4097,-3.0,0.09999999999999998
4098,15.0,0.09999999999999998
4099,4.0,0.09999999999999998
4100,1.0,0.09999999999999998
4101,34.0,0.09999999999999998
4102,6.0,0.09999999999999998
4103,8.0,0.09999999999999998
4104,3.0,0.09999999999999998
4105,-7.0,0.09999999999999998
4106,9.0,0.09999999999999998
4107,8.0,0.09999999999999998
4108,17.0,0.09999999999999998
4109,4.0,0.09999999999999998
4110,32.0,0.09999999999999998
4111,7.0,0.09999999999999998
4112,22.0,0.09999999999999998
4113,1.0,0.09999999999999998
4114,8.0,0.09999999999999998
4115,20.0,0.09999999999999998
4116,9.0,0.09999999999999998
4117,4.0,0.09999999999999998
4118,2.0,0.09999999999999998
4119,0.0,0.09999999999999998
4120,-5.0,0.09999999999999998
4121,5.0,0.09999999999999998
4122,-1.0,0.09999999999999998
4123,28.0,0.09999999999999998
4124,16.0,0.09999999999999998
4125,-7.0,0.09999999999999998
4126,4.0,0.09999999999999998
4127,9.0,0.09999999999999998
4128,-16.0,0.09999999999999998
4129,-3.0,0.09999999999999998
4130,17.0,0.09999999999999998
4131,17.0,0.09999999999999998
4132,25.0,0.09999999999999998
4133,19.0,0.09999999999999998
4134,-1.0,0.09999999999999998
4135,14.0,0.09999999999999998
4136,-6.0,0.09999999999999998
4137,15.0,0.09999999999999998
4138,21.0,0.09999999999999998
4139,8.0,0.09999999999999998
4140,14.0,0.09999999999999998
4141,-1.0,0.09999999999999998
4142,0.0,0.09999999999999998
4143,8.0,0.09999999999999998
4144,18.0,0.09999999999999998
4145,-1.0,0.09999999999999998
4146,13.0,0.09999999999999998
4147,12.0,0.09999999999999998
4148,5.0,0.09999999999999998
4149,8.0,0.09999999999999998
4150,16.0,0.09999999999999998
4151,13.0,0.09999999999999998
4152,15.0,0.09999999999999998
4153,10.0,0.09999999999999998
4154,6.0,0.09999999999999998
4155,2.0,0.09999999999999998
4156,6.0,0.09999999999999998
4157,17.0,0.09999999999999998
4158,30.0,0.09999999999999998
4159,2.0,0.09999999999999998
4160,6.0,0.09999999999999998
4161,13.0,0.09999999999999998
4162,2.0,0.09999999999999998
4163,-4.0,0.09999999999999998
4164,-1.0,0.09999999999999998
4165,0.0,0.09999999999999998
4166,2.0,0.09999999999999998
4167,21.0,0.09999999999999998
4168,10.0,0.09999999999999998
4169,21.0,0.09999999999999998
4170,4.0,0.09999999999999998
4171,-1.0,0.09999999999999998
4172,11.0,0.09999999999999998
4173,5.0,0.09999999999999998
4174,13.0,0.09999999999999998
4175,6.0,0.09999999999999998
4176,20.0,0.09999999999999998
4177,11.0,0.09999999999999998
4178,5.0,0.09999999999999998
4179,9.0,0.09999999999999998
4180,18.0,0.09999999999999998
4181,10.0,0.09999999999999998
4182,-1.0,0.09999999999999998
4183,26.0,0.09999999999999998
4184,-6.0,0.09999999999999998
4185,9.0,0.09999999999999998
4186,4.0,0.09999999999999998
4187,7.0,0.09999999999999998
4188,-1.0,0.09999999999999998
4189,25.0,0.09999999999999998
4190,18.0,0.09999999999999998
4191,18.0,0.09999999999999998
4192,41.0,0.09999999999999998
4193,2.0,0.09999999999999998
4194,7.0,0.09999999999999998
4195,22.0,0.09999999999999998
4196,-5.0,0.09999999999999998
4197,-9.0,0.09999999999999998
4198,39.0,0.09999999999999998
4199,11.0,0.09999999999999998
4200,2.0,0.09999999999999998
4201,14.0,0.09999999999999998
4202,13.0,0.09999999999999998
4203,9.0,0.09999999999999998
4204,32.0,0.09999999999999998
4205,39.0,0.09999999999999998
4206,28.0,0.09999999999999998
4207,3.0,0.09999999999999998
4208,16.0,0.09999999999999998
4209,-10.0,0.09999999999999998
4210,28.0,0.09999999999999998
4211,13.0,0.09999999999999998
4212,2.0,0.09999999999999998
4213,4.0,0.09999999999999998
4214,21.0,0.09999999999999998
4215,16.0,0.09999999999999998
4216,22.0,0.09999999999999998
4217,2.0,0.09999999999999998
4218,7.0,0.09999999999999998
4219,17.0,0.09999999999999998
4220,17.0,0.09999999999999998
4221,2.0,0.09999999999999998
4222,-1.0,0.09999999999999998
4223,19.0,0.09999999999999998
4224,21.0,0.09999999999999998
4225,3.0,0.09999999999999998
4226,15.0,0.09999999999999998
4227,23.0,0.09999999999999998
4228,9.0,0.09999999999999998
4229,29.0,0.09999999999999998
4230,22.0,0.09999999999999998
4231,9.0,0.09999999999999998
4232,-6.0,0.09999999999999998
4233,23.0,0.09999999999999998
4234,28.0,0.09999999999999998
4235,6.0,0.09999999999999998
4236,-4.0,0.09999999999999998
4237,8.0,0.09999999999999998
4238,15.0,0.09999999999999998
4239,13.0,0.09999999999999998
4240,12.0,0.09999999999999998
4241,4.0,0.09999999999999998
4242,8.0,0.09999999999999998
4243,14.0,0.09999999999999998
4244,-5.0,0.09999999999999998
4245,37.0,0.09999999999999998
4246,25.0,0.09999999999999998
4247,13.0,0.09999999999999998
4248,23.0,0.09999999999999998
4249,15.0,0.09999999999999998
4250,9.0,0.09999999999999998
4251,9.0,0.09999999999999998
4252,33.0,0.09999999999999998
4253,17.0,0.09999999999999998
4254,17.0,0.09999999999999998
4255,32.0,0.09999999999999998
4256,26.0,0.09999999999999998
4257,7.0,0.09999999999999998
4258,5.0,0.09999999999999998
4259,-12.0,0.09999999999999998
4260,1.0,0.09999999999999998
4261,9.0,0.09999999999999998
4262,5.0,0.09999999999999998
4263,-9.0,0.09999999999999998
4264,10.0,0.09999999999999998
4265,11.0,0.09999999999999998
4266,3.0,0.09999999999999998
4267,14.0,0.09999999999999998
4268,9.0,0.09999999999999998
4269,-9.0,0.09999999999999998
4270,21.0,0.09999999999999998
4271,19.0,0.09999999999999998
4272,22.0,0.09999999999999998
4273,6.0,0.09999999999999998
4274,30.0,0.09999999999999998
4275,46.0,0.09999999999999998
4276,1.0,0.09999999999999998
4277,4.0,0.09999999999999998
4278,26.0,0.09999999999999998
4279,-8.0,0.09999999999999998
4280,6.0,0.09999999999999998
4281,28.0,0.09999999999999998
4282,2.0,0.09999999999999998
4283,23.0,0.09999999999999998
4284,3.0,0.09999999999999998
4285,26.0,0.09999999999999998
4286,26.0,0.09999999999999998
4287,21.0,0.09999999999999998
4288,17.0,0.09999999999999998
4289,11.0,0.09999999999999998
4290,26.0,0.09999999999999998
4291,0.0,0.09999999999999998
4292,30.0,0.09999999999999998
4293,11.0,0.09999999999999998
4294,-2.0,0.09999999999999998
4295,3.0,0.09999999999999998
4296,1.0,0.09999999999999998
4297,24.0,0.09999999999999998
4298,10.0,0.09999999999999998
4299,3.0,0.09999999999999998
4300,22.0,0.09999999999999998
4301,6.0,0.09999999999999998
4302,25.0,0.09999999999999998
4303,9.0,0.09999999999999998
4304,31.0,0.09999999999999998
4305,5.0,0.09999999999999998
4306,27.0,0.09999999999999998
4307,12.0,0.09999999999999998
4308,13.0,0.09999999999999998
4309,1.0,0.09999999999999998
4310,25.0,0.09999999999999998
4311,13.0,0.09999999999999998
4312,-1.0,0.09999999999999998
4313,6.0,0.09999999999999998
4314,15.0,0.09999999999999998
4315,38.0,0.09999999999999998
4316,2.0,0.09999999999999998
4317,44.0,0.09999999999999998
4318,14.0,0.09999999999999998
4319,8.0,0.09999999999999998
4320,23.0,0.09999999999999998
4321,1.0,0.09999999999999998
4322,1.0,0.09999999999999998
4323,11.0,0.09999999999999998
4324,12.0,0.09999999999999998
4325,28.0,0.09999999999999998
4326,0.0,0.09999999999999998
4327,8.0,0.09999999999999998
4328,2.0,0.09999999999999998
4329,17.0,0.09999999999999998
4330,-1.0,0.09999999999999998
4331,3.0,0.09999999999999998
4332,-1.0,0.09999999999999998
4333,4.0,0.09999999999999998
4334,14.0,0.09999999999999998
4335,9.0,0.09999999999999998
4336,24.0,0.09999999999999998
4337,24.0,0.09999999999999998
4338,-2.0,0.09999999999999998
4339,13.0,0.09999999999999998
4340,8.0,0.09999999999999998
4341,42.0,0.09999999999999998
4342,0.0,0.09999999999999998
4343,8.0,0.09999999999999998
4344,-9.0,0.09999999999999998
4345,7.0,0.09999999999999998
4346,29.0,0.09999999999999998
4347,12.0,0.09999999999999998
4348,7.0,0.09999999999999998
4349,-4.0,0.09999999999999998
4350,16.0,0.09999999999999998
4351,2.0,0.09999999999999998
4352,27.0,0.09999999999999998
4353,33.0,0.09999999999999998
4354,-5.0,0.09999999999999998
4355,8.0,0.09999999999999998
4356,25.0,0.09999999999999998
4357,-2.0,0.09999999999999998
4358,-20.0,0.09999999999999998
4359,6.0,0.09999999999999998
4360,17.0,0.09999999999999998
4361,11.0,0.09999999999999998
4362,30.0,0.09999999999999998
4363,4.0,0.09999999999999998
4364,4.0,0.09999999999999998
4365,2.0,0.09999999999999998
4366,4.0,0.09999999999999998
4367,12.0,0.09999999999999998
4368,-5.0,0.09999999999999998
4369,20.0,0.09999999999999998
4370,6.0,0.09999999999999998
4371,-2.0,0.09999999999999998
4372,3.0,0.09999999999999998
4373,24.0,0.09999999999999998
4374,3.0,0.09999999999999998
4375,0.0,0.09999999999999998
4376,10.0,0.09999999999999998
4377,0.0,0.09999999999999998
4378,7.0,0.09999999999999998
4379,14.0,0.09999999999999998
4380,15.0,0.09999999999999998
4381,10.0,0.09999999999999998
4382,4.0,0.09999999999999998
4383,21.0,0.09999999999999998
4384,26.0,0.09999999999999998
4385,13.0,0.09999999999999998
4386,24.0,0.09999999999999998
4387,21.0,0.09999999999999998
4388,1.0,0.09999999999999998
4389,0.0,0.09999999999999998
4390,21.0,0.09999999999999998
4391,23.0,0.09999999999999998
4392,11.0,0.09999999999999998
4393,16.0,0.09999999999999998
4394,14.0,0.09999999999999998
4395,-2.0,0.09999999999999998
4396,8.0,0.09999999999999998
4397,5.0,0.09999999999999998
4398,13.0,0.09999999999999998
4399,2.0,0.09999999999999998
4400,1.0,0.09999999999999998
4401,30.0,0.09999999999999998
4402,9.0,0.09999999999999998
4403,12.0,0.09999999999999998
4404,30.0,0.09999999999999998
4405,19.0,0.09999999999999998
4406,7.0,0.09999999999999998
4407,21.0,0.09999999999999998
4408,27.0,0.09999999999999998
4409,9.0,0.09999999999999998
4410,15.0,0.09999999999999998
4411,18.0,0.09999999999999998
4412,13.0,0.09999999999999998
4413,4.0,0.09999999999999998
4414,7.0,0.09999999999999998
4415,0.0,0.09999999999999998
4416,20.0,0.09999999999999998
4417,10.0,0.09999999999999998
4418,-3.0,0.09999999999999998
4419,-1.0,0.09999999999999998
4420,-2.0,0.09999999999999998
4421,5.0,0.09999999999999998
4422,-7.0,0.09999999999999998
4423,-1.0,0.09999999999999998
4424,18.0,0.09999999999999998
4425,20.0,0.09999999999999998
4426,12.0,0.09999999999999998
4427,-4.0,0.09999999999999998
4428,14.0,0.09999999999999998
4429,9.0,0.09999999999999998
4430,2.0,0.09999999999999998
4431,14.0,0.09999999999999998
4432,14.0,0.09999999999999998
4433,10.0,0.09999999999999998
4434,3.0,0.09999999999999998
4435,7.0,0.09999999999999998
4436,-2.0,0.09999999999999998
4437,-6.0,0.09999999999999998
4438,7.0,0.09999999999999998
4439,0.0,0.09999999999999998
4440,-4.0,0.09999999999999998
4441,-5.0,0.09999999999999998
4442,-10.0,0.09999999999999998
4443,12.0,0.09999999999999998
4444,12.0,0.09999999999999998
4445,32.0,0.09999999999999998
4446,7.0,0.09999999999999998
4447,-1.0,0.09999999999999998
4448,25.0,0.09999999999999998
4449,16.0,0.09999999999999998
4450,15.0,0.09999999999999998
4451,18.0,0.09999999999999998
4452,2.0,0.09999999999999998
4453,-1.0,0.09999999999999998
4454,23.0,0.09999999999999998
4455,10.0,0.09999999999999998
4456,-11.0,0.09999999999999998
4457,13.0,0.09999999999999998
4458,0.0,0.09999999999999998
4459,7.0,0.09999999999999998
4460,-4.0,0.09999999999999998
4461,11.0,0.09999999999999998
4462,-17.0,0.09999999999999998
4463,7.0,0.09999999999999998
4464,2.0,0.09999999999999998
4465,21.0,0.09999999999999998
4466,-2.0,0.09999999999999998
4467,1.0,0.09999999999999998
4468,-13.0,0.09999999999999998
4469,8.0,0.09999999999999998
4470,1.0,0.09999999999999998
4471,1.0,0.09999999999999998
4472,-7.0,0.09999999999999998
4473,0.0,0.09999999999999998
4474,3.0,0.09999999999999998
4475,19.0,0.09999999999999998
4476,6.0,0.09999999999999998
4477,11.0,0.09999999999999998
4478,-5.0,0.09999999999999998
4479,-13.0,0.09999999999999998
4480,18.0,0.09999999999999998
4481,-8.0,0.09999999999999998
4482,13.0,0.09999999999999998
4483,-8.0,0.09999999999999998
4484,6.0,0.09999999999999998
4485,8.0,0.09999999999999998
4486,-3.0,0.09999999999999998
4487,-7.0,0.09999999999999998
4488,-5.0,0.09999999999999998
4489,-5.0,0.09999999999999998
4490,6.0,0.09999999999999998
4491,-10.0,0.09999999999999998
4492,2.0,0.09999999999999998
4493,3.0,0.09999999999999998
4494,2.0,0.09999999999999998
4495,-4.0,0.09999999999999998
4496,4.0,0.09999999999999998
4497,-3.0,0.09999999999999998
4498,11.0,0.09999999999999998
4499,-3.0,0.09999999999999998
4500,-7.0,0.09999999999999998
4501,5.0,0.09999999999999998
4502,-5.0,0.09999999999999998
4503,-18.0,0.09999999999999998
4504,-5.0,0.09999999999999998
4505,0.0,0.09999999999999998
4506,3.0,0.09999999999999998
4507,12.0,0.09999999999999998
4508,-8.0,0.09999999999999998
4509,-16.0,0.09999999999999998
4510,18.0,0.09999999999999998
4511,5.0,0.09999999999999998
4512,-6.0,0.09999999999999998
4513,10.0,0.09999999999999998
4514,-7.0,0.09999999999999998
4515,-4.0,0.09999999999999998
4516,4.0,0.09999999999999998
4517,6.0,0.09999999999999998
4518,-6.0,0.09999999999999998
4519,-10.0,0.09999999999999998
4520,1.0,0.09999999999999998
4521,13.0,0.09999999999999998
4522,-4.0,0.09999999999999998
4523,-1.0,0.09999999999999998
4524,0.0,0.09999999999999998
4525,3.0,0.09999999999999998
4526,10.0,0.09999999999999998
4527,4.0,0.09999999999999998
4528,-8.0,0.09999999999999998
4529,6.0,0.09999999999999998
4530,-1.0,0.09999999999999998
4531,-5.0,0.09999999999999998
4532,-5.0,0.09999999999999998
4533,3.0,0.09999999999999998
4534,-10.0,0.09999999999999998
4535,7.0,0.09999999999999998
4536,6.0,0.09999999999999998
4537,10.0,0.09999999999999998
4538,-7.0,0.09999999999999998
4539,5.0,0.09999999999999998
4540,-1.0,0.09999999999999998
4541,15.0,0.09999999999999998
4542,8.0,0.09999999999999998
4543,2.0,0.09999999999999998
4544,-8.0,0.09999999999999998
4545,2.0,0.09999999999999998
4546,3.0,0.09999999999999998
4547,-5.0,0.09999999999999998
4548,4.0,0.09999999999999998
4549,-3.0,0.09999999999999998
4550,-19.0,0.09999999999999998
4551,22.0,0.09999999999999998
4552,11.0,0.09999999999999998
4553,15.0,0.09999999999999998
4554,23.0,0.09999999999999998
4555,18.0,0.09999999999999998
4556,16.0,0.09999999999999998
4557,14.0,0.09999999999999998
4558,29.0,0.09999999999999998
4559,28.0,0.09999999999999998
4560,45.0,0.09999999999999998
4561,11.0,0.09999999999999998
4562,32.0,0.09999999999999998
4563,0.0,0.09999999999999998
4564,14.0,0.09999999999999998
4565,24.0,0.09999999999999998
4566,6.0,0.09999999999999998
4567,15.0,0.09999999999999998
4568,-1.0,0.09999999999999998
4569,24.0,0.09999999999999998
4570,27.0,0.09999999999999998
4571,-2.0,0.09999999999999998
4572,11.0,0.09999999999999998
4573,17.0,0.09999999999999998
4574,26.0,0.09999999999999998
4575,30.0,0.09999999999999998
4576,31.0,0.09999999999999998
4577,17.0,0.09999999999999998
4578,2.0,0.09999999999999998
4579,5.0,0.09999999999999998
4580,8.0,0.09999999999999998
4581,28.0,0.09999999999999998
4582,3.0,0.09999999999999998
4583,34.0,0.09999999999999998
4584,19.0,0.09999999999999998
4585,23.0,0.09999999999999998
4586,11.0,0.09999999999999998
4587,5.0,0.09999999999999998
4588,33.0,0.09999999999999998
4589,8.0,0.09999999999999998
4590,26.0,0.09999999999999998
4591,27.0,0.09999999999999998
4592,29.0,0.09999999999999998
4593,19.0,0.09999999999999998
4594,22.0,0.09999999999999998
4595,14.0,0.09999999999999998
4596,41.0,0.09999999999999998
4597,19.0,0.09999999999999998
4598,12.0,0.09999999999999998
4599,23.0,0.09999999999999998
4600,6.0,0.09999999999999998
4601,15.0,0.09999999999999998
4602,8.0,0.09999999999999998
4603,26.0,0.09999999999999998
4604,18.0,0.09999999999999998
4605,21.0,0.09999999999999998
4606,23.0,0.09999999999999998
4607,32.0,0.09999999999999998
4608,14.0,0.09999999999999998
4609,22.0,0.09999999999999998
4610,18.0,0.09999999999999998
4611,6.0,0.09999999999999998
4612,13.0,0.09999999999999998
4613,10.0,0.09999999999999998
4614,-8.0,0.09999999999999998
4615,23.0,0.09999999999999998
4616,35.0,0.09999999999999998
4617,7.0,0.09999999999999998
4618,30.0,0.09999999999999998
4619,7.0,0.09999999999999998
4620,4.0,0.09999999999999998
4621,31.0,0.09999999999999998
4622,45.0,0.09999999999999998
4623,9.0,0.09999999999999998
4624,20.0,0.09999999999999998
4625,3.0,0.09999999999999998
4626,-1.0,0.09999999999999998
4627,14.0,0.09999999999999998
4628,16.0,0.09999999999999998
4629,19.0,0.09999999999999998
4630,33.0,0.09999999999999998
4631,39.0,0.09999999999999998
4632,17.0,0.09999999999999998
4633,33.0,0.09999999999999998
4634,11.0,0.09999999999999998
4635,14.0,0.09999999999999998
4636,12.0,0.09999999999999998
4637,35.0,0.09999999999999998
4638,24.0,0.09999999999999998
4639,22.0,0.09999999999999998
4640,23.0,0.09999999999999998
4641,8.0,0.09999999999999998
4642,31.0,0.09999999999999998
4643,15.0,0.09999999999999998
4644,38.0,0.09999999999999998
4645,12.0,0.09999999999999998
4646,34.0,0.09999999999999998
4647,16.0,0.09999999999999998
4648,4.0,0.09999999999999998
4649,2.0,0.09999999999999998
4650,25.0,0.09999999999999998
4651,6.0,0.09999999999999998
4652,16.0,0.09999999999999998
4653,10.0,0.09999999999999998
4654,19.0,0.09999999999999998
4655,8.0,0.09999999999999998
4656,1.0,0.09999999999999998
4657,3.0,0.09999999999999998
4658,8.0,0.09999999999999998
4659,6.0,0.09999999999999998
4660,15.0,0.09999999999999998
4661,-1.0,0.09999999999999998
4662,14.0,0.09999999999999998
4663,12.0,0.09999999999999998
4664,13.0,0.09999999999999998
4665,28.0,0.09999999999999998
4666,23.0,0.09999999999999998
4667,11.0,0.09999999999999998
4668,17.0,0.09999999999999998
4669,8.0,0.09999999999999998
4670,34.0,0.09999999999999998
4671,17.0,0.09999999999999998
4672,14.0,0.09999999999999998
4673,-3.0,0.09999999999999998
4674,5.0,0.09999999999999998
4675,-6.0,0.09999999999999998
4676,21.0,0.09999999999999998
4677,3.0,0.09999999999999998
4678,28.0,0.09999999999999998
4679,33.0,0.09999999999999998
4680,17.0,0.09999999999999998
4681,22.0,0.09999999999999998
4682,23.0,0.09999999999999998
4683,29.0,0.09999999999999998
4684,10.0,0.09999999999999998
4685,10.0,0.09999999999999998
4686,-3.0,0.09999999999999998
4687,19.0,0.09999999999999998
4688,21.0,0.09999999999999998
4689,26.0,0.09999999999999998
4690,17.0,0.09999999999999998
4691,13.0,0.09999999999999998
4692,37.0,0.09999999999999998
4693,6.0,0.09999999999999998
4694,20.0,0.09999999999999998
4695,41.0,0.09999999999999998
4696,5.0,0.09999999999999998
4697,25.0,0.09999999999999998
4698,14.0,0.09999999999999998
4699,21.0,0.09999999999999998
4700,14.0,0.09999999999999998
4701,22.0,0.09999999999999998
4702,13.0,0.09999999999999998
4703,10.0,0.09999999999999998
4704,-9.0,0.09999999999999998
4705,12.0,0.09999999999999998
4706,32.0,0.09999999999999998
4707,2.0,0.09999999999999998
4708,21.0,0.09999999999999998
4709,17.0,0.09999999999999998
4710,12.0,0.09999999999999998
4711,24.0,0.09999999999999998
4712,8.0,0.09999999999999998
4713,5.0,0.09999999999999998
4714,12.0,0.09999999999999998
4715,14.0,0.09999999999999998
4716,24.0,0.09999999999999998
4717,10.0,0.09999999999999998
4718,29.0,0.09999999999999998
4719,32.0,0.09999999999999998
4720,14.0,0.09999999999999998
4721,40.0,0.09999999999999998
4722,4.0,0.09999999999999998
4723,12.0,0.09999999999999998
4724,23.0,0.09999999999999998
4725,11.0,0.09999999999999998
4726,28.0,0.09999999999999998
4727,25.0,0.09999999999999998
4728,25.0,0.09999999999999998
4729,18.0,0.09999999999999998
4730,13.0,0.09999999999999998
4731,35.0,0.09999999999999998
4732,-6.0,0.09999999999999998
4733,-11.0,0.09999999999999998
4734,24.0,0.09999999999999998
4735,8.0,0.09999999999999998
4736,19.0,0.09999999999999998
4737,-3.0,0.09999999999999998
4738,10.0,0.09999999999999998
4739,1.0,0.09999999999999998
4740,18.0,0.09999999999999998
4741,15.0,0.09999999999999998
4742,20.0,0.09999999999999998
4743,24.0,0.09999999999999998
4744,29.0,0.09999999999999998
4745,20.0,0.09999999999999998
4746,-2.0,0.09999999999999998
4747,35.0,0.09999999999999998
4748,24.0,0.09999999999999998
4749,20.0,0.09999999999999998
4750,14.0,0.09999999999999998
4751,30.0,0.09999999999999998
4752,-1.0,0.09999999999999998
4753,22.0,0.09999999999999998
4754,15.0,0.09999999999999998
4755,26.0,0.09999999999999998
4756,3.0,0.09999999999999998
4757,11.0,0.09999999999999998
4758,-6.0,0.09999999999999998
4759,2.0,0.09999999999999998
4760,16.0,0.09999999999999998
4761,6.0,0.09999999999999998
4762,-8.0,0.09999999999999998
4763,20.0,0.09999999999999998
4764,19.0,0.09999999999999998
4765,26.0,0.09999999999999998
4766,2.0,0.09999999999999998
4767,-4.0,0.09999999999999998
4768,6.0,0.09999999999999998
4769,35.0,0.09999999999999998
4770,-9.0,0.09999999999999998
4771,-5.0,0.09999999999999998
4772,13.0,0.09999999999999998
4773,13.0,0.09999999999999998
4774,-6.0,0.09999999999999998
4775,9.0,0.09999999999999998
4776,17.0,0.09999999999999998
4777,14.0,0.09999999999999998
4778,12.0,0.09999999999999998
4779,5.0,0.09999999999999998
4780,27.0,0.09999999999999998
4781,1.0,0.09999999999999998
4782,7.0,0.09999999999999998
4783,33.0,0.09999999999999998
4784,6.0,0.09999999999999998
4785,21.0,0.09999999999999998
4786,4.0,0.09999999999999998
4787,37.0,0.09999999999999998
4788,23.0,0.09999999999999998
4789,5.0,0.09999999999999998
4790,-2.0,0.09999999999999998
4791,32.0,0.09999999999999998
4792,-6.0,0.09999999999999998
4793,-5.0,0.09999999999999998
4794,-1.0,0.09999999999999998
4795,15.0,0.09999999999999998
4796,30.0,0.09999999999999998
4797,16.0,0.09999999999999998
4798,27.0,0.09999999999999998
4799,4.0,0.09999999999999998
4800,32.0,0.09999999999999998
4801,33.0,0.09999999999999998
4802,17.0,0.09999999999999998
4803,3.0,0.09999999999999998
4804,24.0,0.09999999999999998
4805,0.0,0.09999999999999998
4806,12.0,0.09999999999999998
4807,-3.0,0.09999999999999998
4808,0.0,0.09999999999999998
4809,6.0,0.09999999999999998
4810,6.0,0.09999999999999998
4811,27.0,0.09999999999999998
4812,-2.0,0.09999999999999998
4813,1.0,0.09999999999999998
4814,9.0,0.09999999999999998
4815,-2.0,0.09999999999999998
4816,5.0,0.09999999999999998
4817,7.0,0.09999999999999998
4818,16.0,0.09999999999999998
4819,25.0,0.09999999999999998
4820,2.0,0.09999999999999998
4821,28.0,0.09999999999999998
4822,0.0,0.09999999999999998
4823,8.0,0.09999999999999998
4824,5.0,0.09999999999999998
4825,22.0,0.09999999999999998
4826,13.0,0.09999999999999998
4827,11.0,0.09999999999999998
4828,11.0,0.09999999999999998
4829,-2.0,0.09999999999999998
4830,5.0,0.09999999999999998
4831,20.0,0.09999999999999998
4832,16.0,0.09999999999999998
4833,2.0,0.09999999999999998
4834,13.0,0.09999999999999998
4835,18.0,0.09999999999999998
4836,20.0,0.09999999999999998
4837,13.0,0.09999999999999998
4838,-2.0,0.09999999999999998
4839,2.0,0.09999999999999998
4840,8.0,0.09999999999999998
4841,5.0,0.09999999999999998
4842,-11.0,0.09999999999999998
4843,1.0,0.09999999999999998
4844,15.0,0.09999999999999998
4845,13.0,0.09999999999999998
4846,21.0,0.09999999999999998
4847,-2.0,0.09999999999999998
4848,-2.0,0.09999999999999998
4849,16.0,0.09999999999999998
4850,14.0,0.09999999999999998
4851,-4.0,0.09999999999999998
4852,19.0,0.09999999999999998
4853,-9.0,0.09999999999999998
4854,-2.0,0.09999999999999998
4855,1.0,0.09999999999999998
4856,7.0,0.09999999999999998
4857,13.0,0.09999999999999998
4858,-4.0,0.09999999999999998
4859,6.0,0.09999999999999998
4860,1.0,0.09999999999999998
4861,1.0,0.09999999999999998
4862,0.0,0.09999999999999998
4863,-15.0,0.09999999999999998
4864,-16.0,0.09999999999999998
4865,10.0,0.09999999999999998
4866,15.0,0.09999999999999998
4867,2.0,0.09999999999999998
4868,2.0,0.09999999999999998
4869,0.0,0.09999999999999998
4870,-2.0,0.09999999999999998
4871,-1.0,0.09999999999999998
4872,-7.0,0.09999999999999998
4873,14.0,0.09999999999999998
4874,2.0,0.09999999999999998
4875,14.0,0.09999999999999998
4876,2.0,0.09999999999999998
4877,4.0,0.09999999999999998
4878,12.0,0.09999999999999998
4879,14.0,0.09999999999999998
4880,-1.0,0.09999999999999998
4881,-2.0,0.09999999999999998
4882,-1.0,0.09999999999999998
4883,1.0,0.09999999999999998
4884,-2.0,0.09999999999999998
4885,2.0,0.09999999999999998
4886,9.0,0.09999999999999998
4887,-2.0,0.09999999999999998
4888,8.0,0.09999999999999998
4889,5.0,0.09999999999999998
4890,-1.0,0.09999999999999998
4891,-6.0,0.09999999999999998
4892,13.0,0.09999999999999998
4893,2.0,0.09999999999999998
4894,2.0,0.09999999999999998
4895,1.0,0.09999999999999998
4896,1.0,0.09999999999999998
4897,-1.0,0.09999999999999998
4898,0.0,0.09999999999999998
4899,2.0,0.09999999999999998
4900,11.0,0.09999999999999998
4901,10.0,0.09999999999999998
4902,8.0,0.09999999999999998
4903,6.0,0.09999999999999998
4904,13.0,0.09999999999999998
4905,-4.0,0.09999999999999998
4906,1.0,0.09999999999999998
4907,-11.0,0.09999999999999998
4908,-5.0,0.09999999999999998
4909,0.0,0.09999999999999998
4910,3.0,0.09999999999999998
4911,15.0,0.09999999999999998
4912,0.0,0.09999999999999998
4913,11.0,0.09999999999999998
4914,-3.0,0.09999999999999998
4915,23.0,0.09999999999999998
4916,5.0,0.09999999999999998
4917,6.0,0.09999999999999998
4918,4.0,0.09999999999999998
4919,-9.0,0.09999999999999998
4920,14.0,0.09999999999999998
4921,4.0,0.09999999999999998
4922,7.0,0.09999999999999998
4923,16.0,0.09999999999999998
4924,12.0,0.09999999999999998
4925,10.0,0.09999999999999998
4926,1.0,0.09999999999999998
4927,8.0,0.09999999999999998
4928,-6.0,0.09999999999999998
4929,4.0,0.09999999999999998
4930,2.0,0.09999999999999998
4931,12.0,0.09999999999999998
4932,-1.0,0.09999999999999998
4933,21.0,0.09999999999999998
4934,-4.0,0.09999999999999998
4935,29.0,0.09999999999999998
4936,20.0,0.09999999999999998
4937,2.0,0.09999999999999998
4938,20.0,0.09999999999999998
4939,7.0,0.09999999999999998
4940,10.0,0.09999999999999998
4941,19.0,0.09999999999999998
4942,7.0,0.09999999999999998
4943,-2.0,0.09999999999999998
4944,8.0,0.09999999999999998
4945,6.0,0.09999999999999998
4946,11.0,0.09999999999999998
4947,6.0,0.09999999999999998
4948,-6.0,0.09999999999999998
4949,2.0,0.09999999999999998
4950,11.0,0.09999999999999998
4951,13.0,0.09999999999999998
4952,19.0,0.09999999999999998
4953,-3.0,0.09999999999999998
4954,-6.0,0.09999999999999998
4955,2.0,0.09999999999999998
4956,12.0,0.09999999999999998
4957,2.0,0.09999999999999998
4958,10.0,0.09999999999999998
4959,-5.0,0.09999999999999998
4960,5.0,0.09999999999999998
4961,6.0,0.09999999999999998
4962,30.0,0.09999999999999998
4963,16.0,0.09999999999999998
4964,6.0,0.09999999999999998
4965,15.0,0.09999999999999998
4966,9.0,0.09999999999999998
4967,-4.0,0.09999999999999998
4968,29.0,0.09999999999999998
4969,10.0,0.09999999999999998
4970,10.0,0.09999999999999998
4971,5.0,0.09999999999999998
4972,5.0,0.09999999999999998
4973,4.0,0.09999999999999998
4974,1.0,0.09999999999999998
4975,5.0,0.09999999999999998
4976,13.0,0.09999999999999998
4977,6.0,0.09999999999999998
4978,19.0,0.09999999999999998
4979,23.0,0.09999999999999998
4980,5.0,0.09999999999999998
4981,6.0,0.09999999999999998
4982,35.0,0.09999999999999998
4983,9.0,0.09999999999999998
4984,13.0,0.09999999999999998
4985,18.0,0.09999999999999998
4986,28.0,0.09999999999999998
4987,18.0,0.09999999999999998
4988,8.0,0.09999999999999998
4989,21.0,0.09999999999999998
4990,15.0,0.09999999999999998
4991,-2.0,0.09999999999999998
4992,3.0,0.09999999999999998
4993,3.0,0.09999999999999998
4994,19.0,0.09999999999999998
4995,8.0,0.09999999999999998
4996,21.0,0.09999999999999998
4997,23.0,0.09999999999999998
4998,28.0,0.09999999999999998
4999,4.0,0.09999999999999998
5000,2.0,0.09999999999999998
5001,18.0,0.09999999999999998
5002,7.0,0.09999999999999998
5003,7.0,0.09999999999999998
5004,4.0,0.09999999999999998
5005,19.0,0.09999999999999998
5006,-8.0,0.09999999999999998
5007,18.0,0.09999999999999998
5008,-7.0,0.09999999999999998
5009,-1.0,0.09999999999999998
5010,3.0,0.09999999999999998
5011,21.0,0.09999999999999998
5012,20.0,0.09999999999999998
5013,6.0,0.09999999999999998
5014,9.0,0.09999999999999998
5015,7.0,0.09999999999999998
5016,-5.0,0.09999999999999998
5017,1.0,0.09999999999999998
5018,38.0,0.09999999999999998
5019,33.0,0.09999999999999998
5020,30.0,0.09999999999999998
5021,7.0,0.09999999999999998
5022,21.0,0.09999999999999998
5023,5.0,0.09999999999999998
5024,29.0,0.09999999999999998
5025,15.0,0.09999999999999998
5026,23.0,0.09999999999999998
5027,-2.0,0.09999999999999998
5028,13.0,0.09999999999999998
5029,5.0,0.09999999999999998
5030,16.0,0.09999999999999998
5031,12.0,0.09999999999999998
5032,7.0,0.09999999999999998
5033,19.0,0.09999999999999998
5034,-1.0,0.09999999999999998
5035,14.0,0.09999999999999998
5036,21.0,0.09999999999999998
5037,30.0,0.09999999999999998
5038,38.0,0.09999999999999998
5039,-10.0,0.09999999999999998
5040,4.0,0.09999999999999998
5041,29.0,0.09999999999999998
5042,20.0,0.09999999999999998
5043,-2.0,0.09999999999999998
5044,-5.0,0.09999999999999998
5045,0.0,0.09999999999999998
5046,15.0,0.09999999999999998
5047,27.0,0.09999999999999998
5048,34.0,0.09999999999999998
5049,17.0,0.09999999999999998
5050,7.0,0.09999999999999998
5051,-3.0,0.09999999999999998
5052,20.0,0.09999999999999998
5053,-3.0,0.09999999999999998
5054,48.0,0.09999999999999998
5055,-3.0,0.09999999999999998
5056,13.0,0.09999999999999998
5057,30.0,0.09999999999999998
5058,18.0,0.09999999999999998
5059,4.0,0.09999999999999998
5060,-4.0,0.09999999999999998
5061,-8.0,0.09999999999999998
5062,26.0,0.09999999999999998
5063,11.0,0.09999999999999998
5064,22.0,0.09999999999999998
5065,12.0,0.09999999999999998
5066,2.0,0.09999999999999998
5067,18.0,0.09999999999999998
5068,5.0,0.09999999999999998
5069,39.0,0.09999999999999998
5070,0.0,0.09999999999999998
5071,2.0,0.09999999999999998
5072,15.0,0.09999999999999998
5073,-4.0,0.09999999999999998
5074,16.0,0.09999999999999998
5075,0.0,0.09999999999999998
5076,7.0,0.09999999999999998
5077,11.0,0.09999999999999998
5078,5.0,0.09999999999999998
5079,11.0,0.09999999999999998
5080,18.0,0.09999999999999998
5081,30.0,0.09999999999999998
5082,17.0,0.09999999999999998
5083,7.0,0.09999999999999998
5084,27.0,0.09999999999999998
5085,25.0,0.09999999999999998
5086,3.0,0.09999999999999998
5087,27.0,0.09999999999999998
5088,14.0,0.09999999999999998
5089,31.0,0.09999999999999998
5090,12.0,0.09999999999999998
5091,27.0,0.09999999999999998
5092,21.0,0.09999999999999998
5093,-5.0,0.09999999999999998
5094,-2.0,0.09999999999999998
5095,0.0,0.09999999999999998
5096,6.0,0.09999999999999998
5097,3.0,0.09999999999999998
5098,17.0,0.09999999999999998
5099,13.0,0.09999999999999998
5100,14.0,0.09999999999999998
5101,10.0,0.09999999999999998
5102,0.0,0.09999999999999998
5103,15.0,0.09999999999999998
5104,5.0,0.09999999999999998
5105,51.0,0.09999999999999998
5106,-2.0,0.09999999999999998
5107,14.0,0.09999999999999998
5108,10.0,0.09999999999999998
5109,34.0,0.09999999999999998
5110,25.0,0.09999999999999998
5111,9.0,0.09999999999999998
5112,11.0,0.09999999999999998
5113,-5.0,0.09999999999999998
5114,-1.0,0.09999999999999998
5115,17.0,0.09999999999999998
5116,3.0,0.09999999999999998
5117,5.0,0.09999999999999998
5118,12.0,0.09999999999999998
5119,12.0,0.09999999999999998
5120,12.0,0.09999999999999998
5121,9.0,0.09999999999999998
5122,14.0,0.09999999999999998
5123,27.0,0.09999999999999998
5124,12.0,0.09999999999999998
5125,9.0,0.09999999999999998
5126,44.0,0.09999999999999998
5127,11.0,0.09999999999999998
5128,19.0,0.09999999999999998
5129,17.0,0.09999999999999998
5130,16.0,0.09999999999999998
5131,24.0,0.09999999999999998
5132,25.0,0.09999999999999998
5133,9.0,0.09999999999999998
5134,25.0,0.09999999999999998
5135,8.0,0.09999999999999998
5136,10.0,0.09999999999999998
5137,15.0,0.09999999999999998
5138,18.0,0.09999999999999998
5139,20.0,0.09999999999999998
5140,-6.0,0.09999999999999998
5141,16.0,0.09999999999999998
5142,27.0,0.09999999999999998
5143,2.0,0.09999999999999998
5144,-1.0,0.09999999999999998
5145,2.0,0.09999999999999998
5146,23.0,0.09999999999999998
5147,4.0,0.09999999999999998
5148,6.0,0.09999999999999998
5149,3.0,0.09999999999999998
5150,10.0,0.09999999999999998
5151,22.0,0.09999999999999998
5152,15.0,0.09999999999999998
5153,20.0,0.09999999999999998
5154,21.0,0.09999999999999998
5155,17.0,0.09999999999999998
5156,28.0,0.09999999999999998
5157,9.0,0.09999999999999998
5158,22.0,0.09999999999999998
5159,-1.0,0.09999999999999998
5160,-8.0,0.09999999999999998
5161,8.0,0.09999999999999998
5162,-7.0,0.09999999999999998
5163,10.0,0.09999999999999998
5164,7.0,0.09999999999999998
5165,2.0,0.09999999999999998
5166,2.0,0.09999999999999998
5167,23.0,0.09999999999999998
5168,-4.0,0.09999999999999998
5169,-4.0,0.09999999999999998
5170,-2.0,0.09999999999999998
5171,18.0,0.09999999999999998
5172,15.0,0.09999999999999998
5173,20.0,0.09999999999999998
5174,20.0,0.09999999999999998
5175,0.0,0.09999999999999998
5176,5.0,0.09999999999999998
5177,5.0,0.09999999999999998
5178,21.0,0.09999999999999998
5179,11.0,0.09999999999999998
5180,27.0,0.09999999999999998
5181,10.0,0.09999999999999998
5182,-7.0,0.09999999999999998
5183,1.0,0.09999999999999998
5184,9.0,0.09999999999999998
5185,13.0,0.09999999999999998
5186,12.0,0.09999999999999998
5187,-6.0,0.09999999999999998
5188,30.0,0.09999999999999998
5189,4.0,0.09999999999999998
5190,5.0,0.09999999999999998
5191,-1.0,0.09999999999999998
5192,0.0,0.09999999999999998
5193,-3.0,0.09999999999999998
5194,15.0,0.09999999999999998
5195,-7.0,0.09999999999999998
5196,-1.0,0.09999999999999998
5197,-1.0,0.09999999999999998
5198,-2.0,0.09999999999999998
5199,-12.0,0.09999999999999998
5200,-9.0,0.09999999999999998
5201,10.0,0.09999999999999998
5202,35.0,0.09999999999999998
5203,16.0,0.09999999999999998
5204,5.0,0.09999999999999998
5205,-1.0,0.09999999999999998
5206,15.0,0.09999999999999998
5207,6.0,0.09999999999999998
5208,-3.0,0.09999999999999998
5209,-8.0,0.09999999999999998
5210,13.0,0.09999999999999998
5211,-2.0,0.09999999999999998
5212,9.0,0.09999999999999998
5213,5.0,0.09999999999999998
5214,-5.0,0.09999999999999998
5215,9.0,0.09999999999999998
5216,-1.0,0.09999999999999998
5217,-7.0,0.09999999999999998
5218,-6.0,0.09999999999999998
5219,1.0,0.09999999999999998
5220,-6.0,0.09999999999999998
5221,-18.0,0.09999999999999998
5222,-9.0,0.09999999999999998
5223,-3.0,0.09999999999999998
5224,-2.0,0.09999999999999998
5225,-4.0,0.09999999999999998
5226,2.0,0.09999999999999998
5227,-3.0,0.09999999999999998
5228,-1.0,0.09999999999999998
5229,5.0,0.09999999999999998
5230,-2.0,0.09999999999999998
5231,1.0,0.09999999999999998
5232,-2.0,0.09999999999999998
5233,1.0,0.09999999999999998
5234,-1.0,0.09999999999999998
5235,1.0,0.09999999999999998
5236,-1.0,0.09999999999999998
5237,-10.0,0.09999999999999998
5238,-10.0,0.09999999999999998
5239,1.0,0.09999999999999998
5240,-8.0,0.09999999999999998
5241,3.0,0.09999999999999998
5242,3.0,0.09999999999999998
5243,3.0,0.09999999999999998
5244,-4.0,0.09999999999999998
5245,13.0,0.09999999999999998
5246,1.0,0.09999999999999998
5247,13.0,0.09999999999999998
5248,12.0,0.09999999999999998
5249,3.0,0.09999999999999998
5250,-6.0,0.09999999999999998
5251,-4.0,0.09999999999999998
5252,9.0,0.09999999999999998
5253,5.0,0.09999999999999998
5254,5.0,0.09999999999999998
5255,2.0,0.09999999999999998
5256,-5.0,0.09999999999999998
5257,-2.0,0.09999999999999998
5258,0.0,0.09999999999999998
5259,3.0,0.09999999999999998
5260,4.0,0.09999999999999998
5261,13.0,0.09999999999999998
5262,-6.0,0.09999999999999998
5263,7.0,0.09999999999999998
5264,13.0,0.09999999999999998
5265,-2.0,0.09999999999999998
5266,2.0,0.09999999999999998
5267,13.0,0.09999999999999998
5268,-2.0,0.09999999999999998
5269,7.0,0.09999999999999998
5270,-3.0,0.09999999999999998
5271,-8.0,0.09999999999999998
5272,-2.0,0.09999999999999998
5273,-14.0,0.09999999999999998
5274,-2.0,0.09999999999999998
5275,8.0,0.09999999999999998
5276,-4.0,0.09999999999999998
5277,12.0,0.09999999999999998
5278,11.0,0.09999999999999998
5279,9.0,0.09999999999999998
5280,3.0,0.09999999999999998
5281,7.0,0.09999999999999998
5282,2.0,0.09999999999999998
5283,23.0,0.09999999999999998
5284,40.0,0.09999999999999998
5285,0.0,0.09999999999999998
5286,16.0,0.09999999999999998
5287,13.0,0.09999999999999998
5288,-3.0,0.09999999999999998
5289,-7.0,0.09999999999999998
5290,18.0,0.09999999999999998
5291,5.0,0.09999999999999998
5292,8.0,0.09999999999999998
5293,21.0,0.09999999999999998
5294,19.0,0.09999999999999998
5295,21.0,0.09999999999999998
5296,0.0,0.09999999999999998
5297,10.0,0.09999999999999998
5298,4.0,0.09999999999999998
5299,3.0,0.09999999999999998
5300,33.0,0.09999999999999998
5301,1.0,0.09999999999999998
5302,12.0,0.09999999999999998
5303,-2.0,0.09999999999999998
5304,-5.0,0.09999999999999998
5305,1.0,0.09999999999999998
5306,12.0,0.09999999999999998
5307,-1.0,0.09999999999999998
5308,-2.0,0.09999999999999998
5309,11.0,0.09999999999999998
5310,40.0,0.09999999999999998
5311,8.0,0.09999999999999998
5312,10.0,0.09999999999999998
5313,14.0,0.09999999999999998
5314,34.0,0.09999999999999998
5315,-4.0,0.09999999999999998
5316,14.0,0.09999999999999998
5317,1.0,0.09999999999999998
5318,16.0,0.09999999999999998
5319,0.0,0.09999999999999998
5320,22.0,0.09999999999999998
5321,34.0,0.09999999999999998
5322,9.0,0.09999999999999998
5323,3.0,0.09999999999999998
5324,-2.0,0.09999999999999998
5325,9.0,0.09999999999999998
5326,6.0,0.09999999999999998
5327,8.0,0.09999999999999998
5328,5.0,0.09999999999999998
5329,-10.0,0.09999999999999998
5330,11.0,0.09999999999999998
5331,1.0,0.09999999999999998
5332,14.0,0.09999999999999998
5333,11.0,0.09999999999999998
5334,17.0,0.09999999999999998
5335,12.0,0.09999999999999998
5336,23.0,0.09999999999999998
5337,0.0,0.09999999999999998
5338,1.0,0.09999999999999998
5339,26.0,0.09999999999999998
5340,2.0,0.09999999999999998
5341,6.0,0.09999999999999998
5342,1.0,0.09999999999999998
5343,2.0,0.09999999999999998
5344,16.0,0.09999999999999998
5345,7.0,0.09999999999999998
5346,21.0,0.09999999999999998
5347,-4.0,0.09999999999999998
5348,25.0,0.09999999999999998
5349,3.0,0.09999999999999998
5350,-9.0,0.09999999999999998
5351,27.0,0.09999999999999998
5352,25.0,0.09999999999999998
5353,33.0,0.09999999999999998
5354,15.0,0.09999999999999998
5355,8.0,0.09999999999999998
5356,3.0,0.09999999999999998
5357,13.0,0.09999999999999998
5358,35.0,0.09999999999999998
5359,15.0,0.09999999999999998
5360,-7.0,0.09999999999999998
5361,13.0,0.09999999999999998
5362,-5.0,0.09999999999999998
5363,2.0,0.09999999999999998
5364,6.0,0.09999999999999998
5365,-1.0,0.09999999999999998
5366,-4.0,0.09999999999999998
5367,6.0,0.09999999999999998
5368,5.0,0.09999999999999998
5369,13.0,0.09999999999999998
5370,11.0,0.09999999999999998
5371,20.0,0.09999999999999998
5372,25.0,0.09999999999999998
5373,13.0,0.09999999999999998
5374,-4.0,0.09999999999999998
5375,7.0,0.09999999999999998
5376,-6.0,0.09999999999999998
5377,-3.0,0.09999999999999998
5378,-7.0,0.09999999999999998
5379,1.0,0.09999999999999998
5380,-6.0,0.09999999999999998
5381,-25.0,0.09999999999999998
5382,7.0,0.09999999999999998
5383,20.0,0.09999999999999998
5384,19.0,0.09999999999999998
5385,-2.0,0.09999999999999998
5386,-15.0,0.09999999999999998
5387,-4.0,0.09999999999999998
5388,-1.0,0.09999999999999998
5389,6.0,0.09999999999999998
5390,-2.0,0.09999999999999998
5391,16.0,0.09999999999999998
5392,-9.0,0.09999999999999998
5393,4.0,0.09999999999999998
5394,5.0,0.09999999999999998
5395,3.0,0.09999999999999998
5396,11.0,0.09999999999999998
5397,-4.0,0.09999999999999998
5398,4.0,0.09999999999999998
5399,13.0,0.09999999999999998
5400,-4.0,0.09999999999999998
5401,9.0,0.09999999999999998
5402,3.0,0.09999999999999998
5403,11.0,0.09999999999999998
5404,-3.0,0.09999999999999998
5405,20.0,0.09999999999999998
5406,16.0,0.09999999999999998
5407,0.0,0.09999999999999998
5408,7.0,0.09999999999999998
5409,9.0,0.09999999999999998
5410,11.0,0.09999999999999998
5411,0.0,0.09999999999999998
5412,8.0,0.09999999999999998
5413,40.0,0.09999999999999998
5414,-4.0,0.09999999999999998
5415,2.0,0.09999999999999998
5416,-1.0,0.09999999999999998
5417,-9.0,0.09999999999999998
5418,4.0,0.09999999999999998
5419,2.0,0.09999999999999998
5420,6.0,0.09999999999999998
5421,4.0,0.09999999999999998
5422,-10.0,0.09999999999999998
5423,-4.0,0.09999999999999998
5424,26.0,0.09999999999999998
5425,9.0,0.09999999999999998
5426,5.0,0.09999999999999998
5427,0.0,0.09999999999999998
5428,1.0,0.09999999999999998
5429,2.0,0.09999999999999998
5430,12.0,0.09999999999999998
5431,-2.0,0.09999999999999998
5432,-1.0,0.09999999999999998
5433,12.0,0.09999999999999998
5434,13.0,0.09999999999999998
5435,25.0,0.09999999999999998
5436,2.0,0.09999999999999998
5437,1.0,0.09999999999999998
5438,2.0,0.09999999999999998
5439,12.0,0.09999999999999998
5440,25.0,0.09999999999999998
5441,9.0,0.09999999999999998
5442,-1.0,0.09999999999999998
5443,1.0,0.09999999999999998
5444,-8.0,0.09999999999999998
5445,-2.0,0.09999999999999998
5446,41.0,0.09999999999999998
5447,24.0,0.09999999999999998
5448,-2.0,0.09999999999999998
5449,8.0,0.09999999999999998
5450,3.0,0.09999999999999998
5451,-11.0,0.09999999999999998
5452,-4.0,0.09999999999999998
5453,20.0,0.09999999999999998
5454,0.0,0.09999999999999998
5455,3.0,0.09999999999999998
5456,30.0,0.09999999999999998
5457,-7.0,0.09999999999999998
5458,15.0,0.09999999999999998
5459,-3.0,0.09999999999999998
5460,-19.0,0.09999999999999998
5461,2.0,0.09999999999999998
5462,8.0,0.09999999999999998
5463,8.0,0.09999999999999998
5464,-9.0,0.09999999999999998
5465,-30.0,0.09999999999999998
5466,8.0,0.09999999999999998
5467,7.0,0.09999999999999998
5468,2.0,0.09999999999999998
5469,-4.0,0.09999999999999998
5470,-7.0,0.09999999999999998
5471,-4.0,0.09999999999999998
5472,11.0,0.09999999999999998
5473,-4.0,0.09999999999999998
5474,8.0,0.09999999999999998
5475,8.0,0.09999999999999998
5476,3.0,0.09999999999999998
5477,0.0,0.09999999999999998
5478,-2.0,0.09999999999999998
5479,6.0,0.09999999999999998
5480,-9.0,0.09999999999999998
5481,5.0,0.09999999999999998
5482,5.0,0.09999999999999998
5483,8.0,0.09999999999999998
5484,-6.0,0.09999999999999998
5485,16.0,0.09999999999999998
5486,5.0,0.09999999999999998
5487,3.0,0.09999999999999998
5488,10.0,0.09999999999999998
5489,6.0,0.09999999999999998
5490,-10.0,0.09999999999999998
5491,1.0,0.09999999999999998
5492,-2.0,0.09999999999999998
5493,11.0,0.09999999999999998
5494,-6.0,0.09999999999999998
5495,8.0,0.09999999999999998
5496,-6.0,0.09999999999999998
5497,1.0,0.09999999999999998
5498,5.0,0.09999999999999998
5499,9.0,0.09999999999999998
5500,-1.0,0.09999999999999998
5501,12.0,0.09999999999999998
5502,11.0,0.09999999999999998
5503,-5.0,0.09999999999999998
5504,-3.0,0.09999999999999998
5505,-4.0,0.09999999999999998
5506,-15.0,0.09999999999999998
5507,1.0,0.09999999999999998
5508,-1.0,0.09999999999999998
5509,-5.0,0.09999999999999998
5510,5.0,0.09999999999999998
5511,-1.0,0.09999999999999998
5512,20.0,0.09999999999999998
5513,4.0,0.09999999999999998
5514,-2.0,0.09999999999999998
5515,10.0,0.09999999999999998
5516,-14.0,0.09999999999999998
5517,-3.0,0.09999999999999998
5518,5.0,0.09999999999999998
5519,-16.0,0.09999999999999998
5520,-10.0,0.09999999999999998
5521,-3.0,0.09999999999999998
5522,8.0,0.09999999999999998
5523,0.0,0.09999999999999998
5524,3.0,0.09999999999999998
5525,-10.0,0.09999999999999998
5526,-10.0,0.09999999999999998
5527,6.0,0.09999999999999998
5528,1.0,0.09999999999999998
5529,-6.0,0.09999999999999998
5530,-10.0,0.09999999999999998
5531,-17.0,0.09999999999999998
5532,15.0,0.09999999999999998
5533,-7.0,0.09999999999999998
5534,2.0,0.09999999999999998
5535,-5.0,0.09999999999999998
5536,4.0,0.09999999999999998
5537,-6.0,0.09999999999999998
5538,-9.0,0.09999999999999998
5539,0.0,0.09999999999999998
5540,1.0,0.09999999999999998
5541,-5.0,0.09999999999999998
5542,-11.0,0.09999999999999998
5543,4.0,0.09999999999999998
5544,2.0,0.09999999999999998
5545,-3.0,0.09999999999999998
5546,4.0,0.09999999999999998
5547,-9.0,0.09999999999999998
5548,-1.0,0.09999999999999998
5549,1.0,0.09999999999999998
5550,-8.0,0.09999999999999998
5551,2.0,0.09999999999999998
5552,-5.0,0.09999999999999998
5553,-10.0,0.09999999999999998
5554,7.0,0.09999999999999998
5555,1.0,0.09999999999999998
5556,17.0,0.09999999999999998
5557,-1.0,0.09999999999999998
5558,26.0,0.09999999999999998
5559,7.0,0.09999999999999998
5560,2.0,0.09999999999999998
5561,2.0,0.09999999999999998
5562,2.0,0.09999999999999998
5563,-4.0,0.09999999999999998
5564,2.0,0.09999999999999998
5565,0.0,0.09999999999999998
5566,6.0,0.09999999999999998
5567,10.0,0.09999999999999998
5568,2.0,0.09999999999999998
5569,-3.0,0.09999999999999998
5570,-2.0,0.09999999999999998
5571,-7.0,0.09999999999999998
5572,-8.0,0.09999999999999998
5573,3.0,0.09999999999999998
5574,4.0,0.09999999999999998
5575,-1.0,0.09999999999999998
5576,6.0,0.09999999999999998
5577,-3.0,0.09999999999999998
5578,3.0,0.09999999999999998
5579,1.0,0.09999999999999998
5580,-6.0,0.09999999999999998
5581,14.0,0.09999999999999998
5582,4.0,0.09999999999999998
5583,25.0,0.09999999999999998
5584,13.0,0.09999999999999998
5585,-9.0,0.09999999999999998
5586,15.0,0.09999999999999998
5587,-9.0,0.09999999999999998
5588,11.0,0.09999999999999998
5589,-5.0,0.09999999999999998
5590,5.0,0.09999999999999998
5591,-7.0,0.09999999999999998
5592,-1.0,0.09999999999999998
5593,-28.0,0.09999999999999998
5594,-2.0,0.09999999999999998
5595,-1.0,0.09999999999999998
5596,-12.0,0.09999999999999998
5597,1.0,0.09999999999999998
5598,29.0,0.09999999999999998
5599,2.0,0.09999999999999998
5600,0.0,0.09999999999999998
5601,0.0,0.09999999999999998
5602,-4.0,0.09999999999999998
5603,26.0,0.09999999999999998
5604,0.0,0.09999999999999998
5605,-13.0,0.09999999999999998
5606,-9.0,0.09999999999999998
5607,-1.0,0.09999999999999998
5608,4.0,0.09999999999999998
5609,-2.0,0.09999999999999998
5610,15.0,0.09999999999999998
5611,0.0,0.09999999999999998
5612,-3.0,0.09999999999999998
5613,13.0,0.09999999999999998
5614,17.0,0.09999999999999998
5615,4.0,0.09999999999999998
5616,7.0,0.09999999999999998
5617,-2.0,0.09999999999999998
5618,-3.0,0.09999999999999998
5619,0.0,0.09999999999999998
5620,15.0,0.09999999999999998
5621,-14.0,0.09999999999999998
5622,0.0,0.09999999999999998
5623,16.0,0.09999999999999998
5624,5.0,0.09999999999999998
5625,38.0,0.09999999999999998
5626,10.0,0.09999999999999998
5627,-4.0,0.09999999999999998
5628,0.0,0.09999999999999998
5629,3.0,0.09999999999999998
5630,16.0,0.09999999999999998
5631,-3.0,0.09999999999999998
5632,-1.0,0.09999999999999998
5633,-5.0,0.09999999999999998
5634,6.0,0.09999999999999998
5635,-5.0,0.09999999999999998
5636,2.0,0.09999999999999998
5637,16.0,0.09999999999999998
5638,-20.0,0.09999999999999998
5639,-1.0,0.09999999999999998
5640,-6.0,0.09999999999999998
5641,-6.0,0.09999999999999998
5642,9.0,0.09999999999999998
5643,16.0,0.09999999999999998
5644,7.0,0.09999999999999998
5645,2.0,0.09999999999999998
5646,-7.0,0.09999999999999998
5647,9.0,0.09999999999999998
5648,19.0,0.09999999999999998
5649,4.0,0.09999999999999998
5650,-10.0,0.09999999999999998
5651,4.0,0.09999999999999998
5652,-10.0,0.09999999999999998
5653,-11.0,0.09999999999999998
5654,-11.0,0.09999999999999998
5655,-2.0,0.09999999999999998
5656,9.0,0.09999999999999998
5657,-1.0,0.09999999999999998
5658,0.0,0.09999999999999998
5659,-11.0,0.09999999999999998
5660,-1.0,0.09999999999999998
5661,5.0,0.09999999999999998
5662,20.0,0.09999999999999998
5663,-15.0,0.09999999999999998
5664,3.0,0.09999999999999998
5665,-11.0,0.09999999999999998
5666,1.0,0.09999999999999998
5667,-1.0,0.09999999999999998
5668,-3.0,0.09999999999999998
5669,-3.0,0.09999999999999998
5670,8.0,0.09999999999999998
5671,2.0,0.09999999999999998
5672,-14.0,0.09999999999999998
5673,-1.0,0.09999999999999998
5674,4.0,0.09999999999999998
5675,23.0,0.09999999999999998
5676,6.0,0.09999999999999998
5677,1.0,0.09999999999999998
5678,11.0,0.09999999999999998
5679,-5.0,0.09999999999999998
5680,-6.0,0.09999999999999998
5681,-16.0,0.09999999999999998
5682,0.0,0.09999999999999998
5683,3.0,0.09999999999999998
5684,0.0,0.09999999999999998
5685,3.0,0.09999999999999998
5686,-3.0,0.09999999999999998
5687,3.0,0.09999999999999998
5688,-11.0,0.09999999999999998
5689,0.0,0.09999999999999998
5690,0.0,0.09999999999999998
5691,-5.0,0.09999999999999998
5692,-2.0,0.09999999999999998
5693,8.0,0.09999999999999998
5694,1.0,0.09999999999999998
5695,5.0,0.09999999999999998
5696,-5.0,0.09999999999999998
5697,-6.0,0.09999999999999998
5698,16.0,0.09999999999999998
5699,-4.0,0.09999999999999998
5700,-6.0,0.09999999999999998
5701,0.0,0.09999999999999998
5702,3.0,0.09999999999999998
5703,10.0,0.09999999999999998
5704,-3.0,0.09999999999999998
5705,-13.0,0.09999999999999998
5706,2.0,0.09999999999999998
5707,6.0,0.09999999999999998
5708,1.0,0.09999999999999998
5709,24.0,0.09999999999999998
5710,0.0,0.09999999999999998
5711,-5.0,0.09999999999999998
5712,0.0,0.09999999999999998
5713,-4.0,0.09999999999999998
5714,8.0,0.09999999999999998
5715,0.0,0.09999999999999998
5716,1.0,0.09999999999999998
5717,16.0,0.09999999999999998
5718,6.0,0.09999999999999998
5719,-3.0,0.09999999999999998
5720,0.0,0.09999999999999998
5721,0.0,0.09999999999999998
5722,-2.0,0.09999999999999998
5723,-17.0,0.09999999999999998
5724,4.0,0.09999999999999998
5725,15.0,0.09999999999999998
5726,-6.0,0.09999999999999998
5727,4.0,0.09999999999999998
5728,-2.0,0.09999999999999998
5729,2.0,0.09999999999999998
5730,2.0,0.09999999999999998
5731,-2.0,0.09999999999999998
5732,8.0,0.09999999999999998
5733,2.0,0.09999999999999998
5734,-12.0,0.09999999999999998
5735,-4.0,0.09999999999999998
5736,10.0,0.09999999999999998
5737,-1.0,0.09999999999999998
5738,7.0,0.09999999999999998
5739,-2.0,0.09999999999999998
5740,1.0,0.09999999999999998
5741,-4.0,0.09999999999999998
5742,13.0,0.09999999999999998
5743,-3.0,0.09999999999999998
5744,24.0,0.09999999999999998
5745,-3.0,0.09999999999999998
5746,8.0,0.09999999999999998
5747,4.0,0.09999999999999998
5748,-2.0,0.09999999999999998
5749,1.0,0.09999999999999998
5750,19.0,0.09999999999999998
5751,0.0,0.09999999999999998
5752,14.0,0.09999999999999998
5753,-5.0,0.09999999999999998
5754,-6.0,0.09999999999999998
5755,12.0,0.09999999999999998
5756,17.0,0.09999999999999998
5757,7.0,0.09999999999999998
5758,-10.0,0.09999999999999998
5759,-1.0,0.09999999999999998
5760,7.0,0.09999999999999998
5761,10.0,0.09999999999999998
5762,7.0,0.09999999999999998
5763,6.0,0.09999999999999998
5764,2.0,0.09999999999999998
5765,9.0,0.09999999999999998
5766,9.0,0.09999999999999998
5767,9.0,0.09999999999999998
5768,-4.0,0.09999999999999998
5769,1.0,0.09999999999999998
5770,5.0,0.09999999999999998
5771,-6.0,0.09999999999999998
5772,-4.0,0.09999999999999998
5773,-2.0,0.09999999999999998
5774,0.0,0.09999999999999998
5775,15.0,0.09999999999999998
5776,-1.0,0.09999999999999998
5777,9.0,0.09999999999999998
5778,-8.0,0.09999999999999998
5779,20.0,0.09999999999999998
5780,2.0,0.09999999999999998
5781,12.0,0.09999999999999998
5782,-5.0,0.09999999999999998
5783,16.0,0.09999999999999998
5784,20.0,0.09999999999999998
5785,4.0,0.09999999999999998
5786,-4.0,0.09999999999999998
5787,11.0,0.09999999999999998
5788,4.0,0.09999999999999998
5789,23.0,0.09999999999999998
5790,3.0,0.09999999999999998
5791,-6.0,0.09999999999999998
5792,5.0,0.09999999999999998
5793,11.0,0.09999999999999998
5794,-2.0,0.09999999999999998
5795,0.0,0.09999999999999998
5796,-2.0,0.09999999999999998
5797,3.0,0.09999999999999998
5798,-2.0,0.09999999999999998
5799,4.0,0.09999999999999998
5800,-19.0,0.09999999999999998
5801,7.0,0.09999999999999998
5802,18.0,0.09999999999999998
5803,0.0,0.09999999999999998
5804,1.0,0.09999999999999998
5805,-2.0,0.09999999999999998
5806,-5.0,0.09999999999999998
5807,-5.0,0.09999999999999998
5808,9.0,0.09999999999999998
5809,-2.0,0.09999999999999998
5810,10.0,0.09999999999999998
5811,-2.0,0.09999999999999998
5812,4.0,0.09999999999999998
5813,3.0,0.09999999999999998
5814,18.0,0.09999999999999998
5815,6.0,0.09999999999999998
5816,4.0,0.09999999999999998
5817,-1.0,0.09999999999999998
5818,19.0,0.09999999999999998
5819,25.0,0.09999999999999998
5820,25.0,0.09999999999999998
5821,17.0,0.09999999999999998
5822,10.0,0.09999999999999998
5823,13.0,0.09999999999999998
5824,38.0,0.09999999999999998
5825,-23.0,0.09999999999999998
5826,11.0,0.09999999999999998
5827,10.0,0.09999999999999998
5828,11.0,0.09999999999999998
5829,18.0,0.09999999999999998
5830,28.0,0.09999999999999998
5831,18.0,0.09999999999999998
5832,4.0,0.09999999999999998
5833,10.0,0.09999999999999998
5834,14.0,0.09999999999999998
5835,37.0,0.09999999999999998
5836,37.0,0.09999999999999998
5837,0.0,0.09999999999999998
5838,10.0,0.09999999999999998
5839,20.0,0.09999999999999998
5840,1.0,0.09999999999999998
5841,29.0,0.09999999999999998
5842,-15.0,0.09999999999999998
5843,12.0,0.09999999999999998
5844,6.0,0.09999999999999998
5845,-1.0,0.09999999999999998
5846,3.0,0.09999999999999998
5847,7.0,0.09999999999999998
5848,-5.0,0.09999999999999998
5849,28.0,0.09999999999999998
5850,21.0,0.09999999999999998
5851,33.0,0.09999999999999998
5852,25.0,0.09999999999999998
5853,0.0,0.09999999999999998
5854,13.0,0.09999999999999998
5855,0.0,0.09999999999999998
5856,-2.0,0.09999999999999998
5857,30.0,0.09999999999999998
5858,5.0,0.09999999999999998
5859,18.0,0.09999999999999998
5860,20.0,0.09999999999999998
5861,31.0,0.09999999999999998
5862,1.0,0.09999999999999998
5863,24.0,0.09999999999999998
5864,14.0,0.09999999999999998
5865,4.0,0.09999999999999998
5866,1.0,0.09999999999999998
5867,36.0,0.09999999999999998
5868,17.0,0.09999999999999998
5869,19.0,0.09999999999999998
5870,42.0,0.09999999999999998
5871,41.0,0.09999999999999998
5872,28.0,0.09999999999999998
5873,13.0,0.09999999999999998
5874,14.0,0.09999999999999998
5875,3.0,0.09999999999999998
5876,2.0,0.09999999999999998
5877,25.0,0.09999999999999998
5878,-12.0,0.09999999999999998
5879,18.0,0.09999999999999998
5880,33.0,0.09999999999999998
5881,4.0,0.09999999999999998
5882,7.0,0.09999999999999998
5883,24.0,0.09999999999999998
5884,10.0,0.09999999999999998
5885,20.0,0.09999999999999998
5886,13.0,0.09999999999999998
5887,-4.0,0.09999999999999998
5888,10.0,0.09999999999999998
5889,11.0,0.09999999999999998
5890,39.0,0.09999999999999998
5891,21.0,0.09999999999999998
5892,17.0,0.09999999999999998
5893,2.0,0.09999999999999998
5894,28.0,0.09999999999999998
5895,21.0,0.09999999999999998
5896,22.0,0.09999999999999998
5897,27.0,0.09999999999999998
5898,13.0,0.09999999999999998
5899,14.0,0.09999999999999998
5900,2.0,0.09999999999999998
5901,27.0,0.09999999999999998
5902,15.0,0.09999999999999998
5903,10.0,0.09999999999999998
5904,-1.0,0.09999999999999998
5905,7.0,0.09999999999999998
5906,29.0,0.09999999999999998
5907,4.0,0.09999999999999998
5908,-1.0,0.09999999999999998
5909,20.0,0.09999999999999998
5910,11.0,0.09999999999999998
5911,36.0,0.09999999999999998
5912,6.0,0.09999999999999998
5913,9.0,0.09999999999999998
5914,0.0,0.09999999999999998
5915,-2.0,0.09999999999999998
5916,5.0,0.09999999999999998
5917,2.0,0.09999999999999998
5918,10.0,0.09999999999999998
5919,7.0,0.09999999999999998
5920,7.0,0.09999999999999998
5921,31.0,0.09999999999999998
5922,1.0,0.09999999999999998
5923,8.0,0.09999999999999998
5924,30.0,0.09999999999999998
5925,10.0,0.09999999999999998
5926,-4.0,0.09999999999999998
5927,20.0,0.09999999999999998
5928,16.0,0.09999999999999998
5929,9.0,0.09999999999999998
5930,33.0,0.09999999999999998
5931,19.0,0.09999999999999998
5932,32.0,0.09999999999999998
5933,28.0,0.09999999999999998
5934,20.0,0.09999999999999998
5935,17.0,0.09999999999999998
5936,0.0,0.09999999999999998
5937,7.0,0.09999999999999998
5938,16.0,0.09999999999999998
5939,24.0,0.09999999999999998
5940,34.0,0.09999999999999998
5941,5.0,0.09999999999999998
5942,32.0,0.09999999999999998
5943,51.0,0.09999999999999998
5944,42.0,0.09999999999999998
5945,-7.0,0.09999999999999998
5946,24.0,0.09999999999999998
5947,30.0,0.09999999999999998
5948,27.0,0.09999999999999998
5949,37.0,0.09999999999999998
5950,18.0,0.09999999999999998
5951,31.0,0.09999999999999998
5952,17.0,0.09999999999999998
5953,31.0,0.09999999999999998
5954,9.0,0.09999999999999998
5955,15.0,0.09999999999999998
5956,20.0,0.09999999999999998
5957,1.0,0.09999999999999998
5958,10.0,0.09999999999999998
5959,15.0,0.09999999999999998
5960,19.0,0.09999999999999998
5961,6.0,0.09999999999999998
5962,14.0,0.09999999999999998
5963,15.0,0.09999999999999998
5964,23.0,0.09999999999999998
5965,4.0,0.09999999999999998
5966,-6.0,0.09999999999999998
5967,36.0,0.09999999999999998
5968,31.0,0.09999999999999998
5969,17.0,0.09999999999999998
5970,19.0,0.09999999999999998
5971,22.0,0.09999999999999998
5972,8.0,0.09999999999999998
5973,7.0,0.09999999999999998
5974,-6.0,0.09999999999999998
5975,1.0,0.09999999999999998
5976,2.0,0.09999999999999998
5977,21.0,0.09999999999999998
5978,-6.0,0.09999999999999998
5979,33.0,0.09999999999999998
5980,23.0,0.09999999999999998
5981,25.0,0.09999999999999998
5982,18.0,0.09999999999999998
5983,-3.0,0.09999999999999998
5984,12.0,0.09999999999999998
5985,19.0,0.09999999999999998
5986,21.0,0.09999999999999998
5987,3.0,0.09999999999999998
5988,-6.0,0.09999999999999998
5989,14.0,0.09999999999999998
5990,22.0,0.09999999999999998
5991,26.0,0.09999999999999998
5992,19.0,0.09999999999999998
5993,53.0,0.09999999999999998
5994,19.0,0.09999999999999998
5995,30.0,0.09999999999999998
5996,41.0,0.09999999999999998
5997,5.0,0.09999999999999998
5998,18.0,0.09999999999999998
5999,7.0,0.09999999999999998
6000,-2.0,0.09999999999999998
6001,-18.0,0.09999999999999998
6002,0.0,0.09999999999999998
6003,-4.0,0.09999999999999998
6004,-6.0,0.09999999999999998
6005,4.0,0.09999999999999998
6006,5.0,0.09999999999999998
6007,6.0,0.09999999999999998
6008,17.0,0.09999999999999998
6009,17.0,0.09999999999999998
6010,6.0,0.09999999999999998
6011,0.0,0.09999999999999998
6012,23.0,0.09999999999999998
6013,36.0,0.09999999999999998
6014,13.0,0.09999999999999998
6015,36.0,0.09999999999999998
6016,17.0,0.09999999999999998
6017,6.0,0.09999999999999998
6018,9.0,0.09999999999999998
6019,21.0,0.09999999999999998
6020,-2.0,0.09999999999999998
6021,26.0,0.09999999999999998
6022,18.0,0.09999999999999998
6023,21.0,0.09999999999999998
6024,35.0,0.09999999999999998
6025,2.0,0.09999999999999998
6026,-7.0,0.09999999999999998
6027,-6.0,0.09999999999999998
6028,-3.0,0.09999999999999998
6029,23.0,0.09999999999999998
6030,15.0,0.09999999999999998
6031,26.0,0.09999999999999998
6032,11.0,0.09999999999999998
6033,21.0,0.09999999999999998
6034,-5.0,0.09999999999999998
6035,15.0,0.09999999999999998
6036,11.0,0.09999999999999998
6037,-7.0,0.09999999999999998
6038,-9.0,0.09999999999999998
6039,20.0,0.09999999999999998
6040,5.0,0.09999999999999998
6041,22.0,0.09999999999999998
6042,11.0,0.09999999999999998
6043,9.0,0.09999999999999998
6044,35.0,0.09999999999999998
6045,13.0,0.09999999999999998
6046,5.0,0.09999999999999998
6047,3.0,0.09999999999999998
6048,27.0,0.09999999999999998
6049,8.0,0.09999999999999998
6050,3.0,0.09999999999999998
6051,13.0,0.09999999999999998
6052,-4.0,0.09999999999999998
6053,45.0,0.09999999999999998
6054,9.0,0.09999999999999998
6055,9.0,0.09999999999999998
6056,17.0,0.09999999999999998
6057,0.0,0.09999999999999998
6058,1.0,0.09999999999999998
6059,35.0,0.09999999999999998
6060,23.0,0.09999999999999998
6061,6.0,0.09999999999999998
6062,11.0,0.09999999999999998
6063,20.0,0.09999999999999998
6064,-5.0,0.09999999999999998
6065,15.0,0.09999999999999998
6066,24.0,0.09999999999999998
6067,23.0,0.09999999999999998
6068,12.0,0.09999999999999998
6069,1.0,0.09999999999999998
6070,29.0,0.09999999999999998
6071,10.0,0.09999999999999998
6072,19.0,0.09999999999999998
6073,-1.0,0.09999999999999998
6074,36.0,0.09999999999999998
6075,43.0,0.09999999999999998
6076,18.0,0.09999999999999998
6077,23.0,0.09999999999999998
6078,16.0,0.09999999999999998
6079,27.0,0.09999999999999998
6080,18.0,0.09999999999999998
6081,32.0,0.09999999999999998
6082,31.0,0.09999999999999998
6083,19.0,0.09999999999999998
6084,31.0,0.09999999999999998
6085,19.0,0.09999999999999998
6086,0.0,0.09999999999999998
6087,24.0,0.09999999999999998
6088,16.0,0.09999999999999998
6089,6.0,0.09999999999999998
6090,11.0,0.09999999999999998
6091,9.0,0.09999999999999998
6092,11.0,0.09999999999999998
6093,12.0,0.09999999999999998
6094,11.0,0.09999999999999998
6095,14.0,0.09999999999999998
6096,-11.0,0.09999999999999998
6097,17.0,0.09999999999999998
6098,19.0,0.09999999999999998
6099,23.0,0.09999999999999998
6100,22.0,0.09999999999999998
6101,17.0,0.09999999999999998
6102,22.0,0.09999999999999998
6103,3.0,0.09999999999999998
6104,21.0,0.09999999999999998
6105,27.0,0.09999999999999998
6106,17.0,0.09999999999999998
6107,18.0,0.09999999999999998
6108,2.0,0.09999999999999998
6109,25.0,0.09999999999999998
6110,0.0,0.09999999999999998
6111,11.0,0.09999999999999998
6112,-6.0,0.09999999999999998
6113,15.0,0.09999999999999998
6114,22.0,0.09999999999999998
6115,19.0,0.09999999999999998
6116,22.0,0.09999999999999998
6117,28.0,0.09999999999999998
6118,6.0,0.09999999999999998
6119,0.0,0.09999999999999998
6120,18.0,0.09999999999999998
6121,14.0,0.09999999999999998
6122,16.0,0.09999999999999998
6123,3.0,0.09999999999999998
6124,20.0,0.09999999999999998
6125,6.0,0.09999999999999998
6126,8.0,0.09999999999999998
6127,14.0,0.09999999999999998
6128,9.0,0.09999999999999998
6129,28.0,0.09999999999999998
6130,0.0,0.09999999999999998
6131,2.0,0.09999999999999998
6132,-5.0,0.09999999999999998
6133,10.0,0.09999999999999998
6134,-7.0,0.09999999999999998
6135,34.0,0.09999999999999998
6136,-2.0,0.09999999999999998
6137,14.0,0.09999999999999998
6138,17.0,0.09999999999999998
6139,19.0,0.09999999999999998
6140,8.0,0.09999999999999998
6141,18.0,0.09999999999999998
6142,-2.0,0.09999999999999998
6143,27.0,0.09999999999999998
6144,-8.0,0.09999999999999998
6145,2.0,0.09999999999999998
6146,-5.0,0.09999999999999998
6147,3.0,0.09999999999999998
6148,8.0,0.09999999999999998
6149,17.0,0.09999999999999998
6150,-3.0,0.09999999999999998
6151,-1.0,0.09999999999999998
6152,5.0,0.09999999999999998
6153,27.0,0.09999999999999998
6154,36.0,0.09999999999999998
6155,16.0,0.09999999999999998
6156,2.0,0.09999999999999998
6157,36.0,0.09999999999999998
6158,-2.0,0.09999999999999998
6159,6.0,0.09999999999999998
6160,28.0,0.09999999999999998
6161,15.0,0.09999999999999998
6162,8.0,0.09999999999999998
6163,21.0,0.09999999999999998
6164,13.0,0.09999999999999998
6165,-3.0,0.09999999999999998
6166,16.0,0.09999999999999998
6167,9.0,0.09999999999999998
6168,7.0,0.09999999999999998
6169,-15.0,0.09999999999999998
6170,-2.0,0.09999999999999998
6171,11.0,0.09999999999999998
6172,18.0,0.09999999999999998
6173,-8.0,0.09999999999999998
6174,10.0,0.09999999999999998
6175,20.0,0.09999999999999998
6176,16.0,0.09999999999999998
6177,38.0,0.09999999999999998
6178,0.0,0.09999999999999998
6179,-3.0,0.09999999999999998
6180,14.0,0.09999999999999998
6181,17.0,0.09999999999999998
6182,29.0,0.09999999999999998
6183,22.0,0.09999999999999998
6184,12.0,0.09999999999999998
6185,18.0,0.09999999999999998
6186,31.0,0.09999999999999998
6187,9.0,0.09999999999999998
6188,14.0,0.09999999999999998
6189,13.0,0.09999999999999998
6190,26.0,0.09999999999999998
6191,24.0,0.09999999999999998
6192,-2.0,0.09999999999999998
6193,32.0,0.09999999999999998
6194,24.0,0.09999999999999998
6195,3.0,0.09999999999999998
6196,19.0,0.09999999999999998
6197,13.0,0.09999999999999998
6198,2.0,0.09999999999999998
6199,10.0,0.09999999999999998
6200,0.0,0.09999999999999998
6201,10.0,0.09999999999999998
6202,14.0,0.09999999999999998
6203,-1.0,0.09999999999999998
6204,-10.0,0.09999999999999998
6205,4.0,0.09999999999999998
6206,7.0,0.09999999999999998
6207,19.0,0.09999999999999998
6208,31.0,0.09999999999999998
6209,32.0,0.09999999999999998
6210,14.0,0.09999999999999998
6211,45.0,0.09999999999999998
6212,10.0,0.09999999999999998
6213,4.0,0.09999999999999998
6214,22.0,0.09999999999999998
6215,2.0,0.09999999999999998
6216,48.0,0.09999999999999998
6217,-4.0,0.09999999999999998
6218,23.0,0.09999999999999998
6219,18.0,0.09999999999999998
6220,2.0,0.09999999999999998
6221,-6.0,0.09999999999999998
6222,20.0,0.09999999999999998
6223,18.0,0.09999999999999998
6224,-5.0,0.09999999999999998
6225,-2.0,0.09999999999999998
6226,-3.0,0.09999999999999998
6227,10.0,0.09999999999999998
6228,17.0,0.09999999999999998
6229,-2.0,0.09999999999999998
6230,3.0,0.09999999999999998
6231,11.0,0.09999999999999998
6232,23.0,0.09999999999999998
6233,-1.0,0.09999999999999998
6234,14.0,0.09999999999999998
6235,4.0,0.09999999999999998
6236,3.0,0.09999999999999998
6237,5.0,0.09999999999999998
6238,1.0,0.09999999999999998
6239,-2.0,0.09999999999999998
6240,10.0,0.09999999999999998
6241,17.0,0.09999999999999998
6242,16.0,0.09999999999999998
6243,20.0,0.09999999999999998
6244,6.0,0.09999999999999998
6245,5.0,0.09999999999999998
6246,-3.0,0.09999999999999998
6247,22.0,0.09999999999999998
6248,15.0,0.09999999999999998
6249,1.0,0.09999999999999998
6250,8.0,0.09999999999999998
6251,11.0,0.09999999999999998
6252,14.0,0.09999999999999998
6253,12.0,0.09999999999999998
6254,21.0,0.09999999999999998
6255,2.0,0.09999999999999998
6256,0.0,0.09999999999999998
6257,23.0,0.09999999999999998
6258,7.0,0.09999999999999998
6259,-5.0,0.09999999999999998
6260,-3.0,0.09999999999999998
6261,5.0,0.09999999999999998
6262,4.0,0.09999999999999998
6263,21.0,0.09999999999999998
6264,9.0,0.09999999999999998
6265,40.0,0.09999999999999998
6266,59.0,0.09999999999999998
6267,14.0,0.09999999999999998
6268,18.0,0.09999999999999998
6269,28.0,0.09999999999999998
6270,21.0,0.09999999999999998
6271,13.0,0.09999999999999998
6272,18.0,0.09999999999999998
6273,15.0,0.09999999999999998
6274,-4.0,0.09999999999999998
6275,5.0,0.09999999999999998
6276,13.0,0.09999999999999998
6277,5.0,0.09999999999999998
6278,4.0,0.09999999999999998
6279,6.0,0.09999999999999998
6280,18.0,0.09999999999999998
6281,43.0,0.09999999999999998
6282,25.0,0.09999999999999998
6283,-7.0,0.09999999999999998
6284,1.0,0.09999999999999998
6285,4.0,0.09999999999999998
6286,1.0,0.09999999999999998
6287,-12.0,0.09999999999999998
6288,-13.0,0.09999999999999998
6289,21.0,0.09999999999999998
6290,17.0,0.09999999999999998
6291,-16.0,0.09999999999999998
6292,29.0,0.09999999999999998
6293,16.0,0.09999999999999998
6294,11.0,0.09999999999999998
6295,23.0,0.09999999999999998
6296,-1.0,0.09999999999999998
6297,10.0,0.09999999999999998
6298,12.0,0.09999999999999998
6299,2.0,0.09999999999999998
6300,10.0,0.09999999999999998
6301,32.0,0.09999999999999998
6302,7.0,0.09999999999999998
6303,31.0,0.09999999999999998
6304,28.0,0.09999999999999998
6305,3.0,0.09999999999999998
6306,12.0,0.09999999999999998
6307,39.0,0.09999999999999998
6308,11.0,0.09999999999999998
6309,12.0,0.09999999999999998
6310,-6.0,0.09999999999999998
6311,11.0,0.09999999999999998
6312,10.0,0.09999999999999998
6313,3.0,0.09999999999999998
6314,9.0,0.09999999999999998
6315,3.0,0.09999999999999998
6316,10.0,0.09999999999999998
6317,20.0,0.09999999999999998
6318,15.0,0.09999999999999998
6319,15.0,0.09999999999999998
6320,0.0,0.09999999999999998
6321,-2.0,0.09999999999999998
6322,2.0,0.09999999999999998
6323,6.0,0.09999999999999998
6324,-9.0,0.09999999999999998
6325,14.0,0.09999999999999998
6326,2.0,0.09999999999999998
6327,8.0,0.09999999999999998
6328,-1.0,0.09999999999999998
6329,2.0,0.09999999999999998
6330,-6.0,0.09999999999999998
6331,5.0,0.09999999999999998
6332,27.0,0.09999999999999998
6333,0.0,0.09999999999999998
6334,3.0,0.09999999999999998
6335,13.0,0.09999999999999998
6336,13.0,0.09999999999999998
6337,16.0,0.09999999999999998
6338,10.0,0.09999999999999998
6339,2.0,0.09999999999999998
6340,14.0,0.09999999999999998
6341,8.0,0.09999999999999998
6342,12.0,0.09999999999999998
6343,-3.0,0.09999999999999998
6344,24.0,0.09999999999999998
6345,12.0,0.09999999999999998
6346,10.0,0.09999999999999998
6347,10.0,0.09999999999999998
6348,29.0,0.09999999999999998
6349,34.0,0.09999999999999998
6350,-3.0,0.09999999999999998
6351,24.0,0.09999999999999998
6352,-4.0,0.09999999999999998
6353,5.0,0.09999999999999998
6354,15.0,0.09999999999999998
6355,2.0,0.09999999999999998
6356,36.0,0.09999999999999998
6357,6.0,0.09999999999999998
6358,6.0,0.09999999999999998
6359,18.0,0.09999999999999998
6360,19.0,0.09999999999999998
6361,-1.0,0.09999999999999998
6362,20.0,0.09999999999999998
6363,27.0,0.09999999999999998
6364,26.0,0.09999999999999998
6365,26.0,0.09999999999999998
6366,37.0,0.09999999999999998
6367,28.0,0.09999999999999998
6368,8.0,0.09999999999999998
6369,10.0,0.09999999999999998
6370,31.0,0.09999999999999998
6371,16.0,0.09999999999999998
6372,2.0,0.09999999999999998
6373,19.0,0.09999999999999998
6374,19.0,0.09999999999999998
6375,10.0,0.09999999999999998
6376,8.0,0.09999999999999998
6377,15.0,0.09999999999999998
6378,23.0,0.09999999999999998
6379,14.0,0.09999999999999998
6380,15.0,0.09999999999999998
6381,10.0,0.09999999999999998
6382,15.0,0.09999999999999998
6383,26.0,0.09999999999999998
6384,-9.0,0.09999999999999998
6385,14.0,0.09999999999999998
6386,6.0,0.09999999999999998
6387,24.0,0.09999999999999998
6388,-3.0,0.09999999999999998
6389,8.0,0.09999999999999998
6390,24.0,0.09999999999999998
6391,22.0,0.09999999999999998
6392,29.0,0.09999999999999998
6393,10.0,0.09999999999999998
6394,-10.0,0.09999999999999998
6395,0.0,0.09999999999999998
6396,15.0,0.09999999999999998
6397,39.0,0.09999999999999998
6398,6.0,0.09999999999999998
6399,15.0,0.09999999999999998
6400,10.0,0.09999999999999998
6401,38.0,0.09999999999999998
6402,-15.0,0.09999999999999998
6403,24.0,0.09999999999999998
6404,0.0,0.09999999999999998
6405,-5.0,0.09999999999999998
6406,10.0,0.09999999999999998
6407,17.0,0.09999999999999998
6408,14.0,0.09999999999999998
6409,9.0,0.09999999999999998
6410,14.0,0.09999999999999998
6411,2.0,0.09999999999999998
6412,38.0,0.09999999999999998
6413,27.0,0.09999999999999998
6414,26.0,0.09999999999999998
6415,20.0,0.09999999999999998
6416,5.0,0.09999999999999998
6417,30.0,0.09999999999999998
6418,12.0,0.09999999999999998
6419,24.0,0.09999999999999998
6420,-3.0,0.09999999999999998
6421,18.0,0.09999999999999998
6422,20.0,0.09999999999999998
6423,19.0,0.09999999999999998
6424,-15.0,0.09999999999999998
6425,3.0,0.09999999999999998
6426,24.0,0.09999999999999998
6427,31.0,0.09999999999999998
6428,19.0,0.09999999999999998
6429,19.0,0.09999999999999998
6430,7.0,0.09999999999999998
6431,-3.0,0.09999999999999998
6432,2.0,0.09999999999999998
6433,-6.0,0.09999999999999998
6434,2.0,0.09999999999999998
6435,28.0,0.09999999999999998
6436,-10.0,0.09999999999999998
6437,8.0,0.09999999999999998
6438,38.0,0.09999999999999998
6439,18.0,0.09999999999999998
6440,18.0,0.09999999999999998
6441,17.0,0.09999999999999998
6442,47.0,0.09999999999999998
6443,13.0,0.09999999999999998
6444,5.0,0.09999999999999998
6445,3.0,0.09999999999999998
6446,10.0,0.09999999999999998
6447,1.0,0.09999999999999998
6448,25.0,0.09999999999999998
6449,0.0,0.09999999999999998
6450,20.0,0.09999999999999998
6451,16.0,0.09999999999999998
6452,10.0,0.09999999999999998
6453,5.0,0.09999999999999998
6454,1.0,0.09999999999999998
6455,8.0,0.09999999999999998
6456,18.0,0.09999999999999998
6457,-6.0,0.09999999999999998
6458,11.0,0.09999999999999998
6459,1.0,0.09999999999999998
6460,7.0,0.09999999999999998
6461,8.0,0.09999999999999998
6462,-4.0,0.09999999999999998
6463,3.0,0.09999999999999998
6464,4.0,0.09999999999999998
6465,5.0,0.09999999999999998
6466,3.0,0.09999999999999998
6467,4.0,0.09999999999999998
6468,1.0,0.09999999999999998
6469,17.0,0.09999999999999998
6470,10.0,0.09999999999999998
6471,-1.0,0.09999999999999998
6472,6.0,0.09999999999999998
6473,4.0,0.09999999999999998
6474,10.0,0.09999999999999998
6475,3.0,0.09999999999999998
6476,8.0,0.09999999999999998
6477,-1.0,0.09999999999999998
6478,-6.0,0.09999999999999998
6479,4.0,0.09999999999999998
6480,8.0,0.09999999999999998
6481,-1.0,0.09999999999999998
6482,1.0,0.09999999999999998
6483,16.0,0.09999999999999998
6484,-2.0,0.09999999999999998
6485,9.0,0.09999999999999998
6486,3.0,0.09999999999999998
6487,-2.0,0.09999999999999998
6488,6.0,0.09999999999999998
6489,3.0,0.09999999999999998
6490,10.0,0.09999999999999998
6491,0.0,0.09999999999999998
6492,6.0,0.09999999999999998
6493,4.0,0.09999999999999998
6494,7.0,0.09999999999999998
6495,4.0,0.09999999999999998
6496,1.0,0.09999999999999998
6497,1.0,0.09999999999999998
6498,29.0,0.09999999999999998
6499,8.0,0.09999999999999998
6500,6.0,0.09999999999999998
6501,6.0,0.09999999999999998
6502,3.0,0.09999999999999998
6503,15.0,0.09999999999999998
6504,-2.0,0.09999999999999998
6505,11.0,0.09999999999999998
6506,6.0,0.09999999999999998
6507,6.0,0.09999999999999998
6508,15.0,0.09999999999999998
6509,8.0,0.09999999999999998
6510,18.0,0.09999999999999998
6511,4.0,0.09999999999999998
6512,3.0,0.09999999999999998
6513,18.0,0.09999999999999998
6514,4.0,0.09999999999999998
6515,3.0,0.09999999999999998
6516,5.0,0.09999999999999998
6517,-4.0,0.09999999999999998
6518,8.0,0.09999999999999998
6519,4.0,0.09999999999999998
6520,4.0,0.09999999999999998
6521,8.0,0.09999999999999998
6522,8.0,0.09999999999999998
6523,12.0,0.09999999999999998
6524,7.0,0.09999999999999998
6525,10.0,0.09999999999999998
6526,13.0,0.09999999999999998
6527,24.0,0.09999999999999998
6528,5.0,0.09999999999999998
6529,21.0,0.09999999999999998
6530,5.0,0.09999999999999998
6531,21.0,0.09999999999999998
6532,2.0,0.09999999999999998
6533,22.0,0.09999999999999998
6534,21.0,0.09999999999999998
6535,11.0,0.09999999999999998
6536,12.0,0.09999999999999998
6537,12.0,0.09999999999999998
6538,4.0,0.09999999999999998
6539,4.0,0.09999999999999998
6540,-2.0,0.09999999999999998
6541,14.0,0.09999999999999998
6542,19.0,0.09999999999999998
6543,8.0,0.09999999999999998
6544,17.0,0.09999999999999998
6545,39.0,0.09999999999999998
6546,32.0,0.09999999999999998
6547,7.0,0.09999999999999998
6548,5.0,0.09999999999999998
6549,19.0,0.09999999999999998
6550,12.0,0.09999999999999998
6551,16.0,0.09999999999999998
6552,3.0,0.09999999999999998
6553,21.0,0.09999999999999998
6554,-2.0,0.09999999999999998
6555,13.0,0.09999999999999998
6556,25.0,0.09999999999999998
6557,19.0,0.09999999999999998
6558,41.0,0.09999999999999998
6559,5.0,0.09999999999999998
6560,15.0,0.09999999999999998
6561,23.0,0.09999999999999998
6562,13.0,0.09999999999999998
6563,-2.0,0.09999999999999998
6564,14.0,0.09999999999999998
6565,3.0,0.09999999999999998
6566,-1.0,0.09999999999999998
6567,15.0,0.09999999999999998
6568,10.0,0.09999999999999998
6569,-3.0,0.09999999999999998
6570,12.0,0.09999999999999998
6571,4.0,0.09999999999999998
6572,9.0,0.09999999999999998
6573,6.0,0.09999999999999998
6574,19.0,0.09999999999999998
6575,5.0,0.09999999999999998
6576,11.0,0.09999999999999998
6577,21.0,0.09999999999999998
6578,32.0,0.09999999999999998
6579,15.0,0.09999999999999998
6580,4.0,0.09999999999999998
6581,18.0,0.09999999999999998
6582,29.0,0.09999999999999998
6583,32.0,0.09999999999999998
6584,9.0,0.09999999999999998
6585,29.0,0.09999999999999998
6586,8.0,0.09999999999999998
6587,28.0,0.09999999999999998
6588,22.0,0.09999999999999998
6589,-6.0,0.09999999999999998
6590,19.0,0.09999999999999998
6591,36.0,0.09999999999999998
6592,9.0,0.09999999999999998
6593,36.0,0.09999999999999998
6594,42.0,0.09999999999999998
6595,17.0,0.09999999999999998
6596,42.0,0.09999999999999998
6597,0.0,0.09999999999999998
6598,11.0,0.09999999999999998
6599,18.0,0.09999999999999998
6600,-5.0,0.09999999999999998
6601,17.0,0.09999999999999998
6602,39.0,0.09999999999999998
6603,13.0,0.09999999999999998
6604,18.0,0.09999999999999998
6605,10.0,0.09999999999999998
6606,32.0,0.09999999999999998
6607,2.0,0.09999999999999998
6608,21.0,0.09999999999999998
6609,23.0,0.09999999999999998
6610,35.0,0.09999999999999998
6611,4.0,0.09999999999999998
6612,20.0,0.09999999999999998
6613,3.0,0.09999999999999998
6614,-3.0,0.09999999999999998
6615,7.0,0.09999999999999998
6616,5.0,0.09999999999999998
6617,10.0,0.09999999999999998
6618,10.0,0.09999999999999998
6619,37.0,0.09999999999999998
6620,11.0,0.09999999999999998
6621,-12.0,0.09999999999999998
6622,17.0,0.09999999999999998
6623,12.0,0.09999999999999998
6624,8.0,0.09999999999999998
6625,7.0,0.09999999999999998
6626,15.0,0.09999999999999998
6627,17.0,0.09999999999999998
6628,21.0,0.09999999999999998
6629,16.0,0.09999999999999998
6630,-2.0,0.09999999999999998
6631,-8.0,0.09999999999999998
6632,-2.0,0.09999999999999998
6633,39.0,0.09999999999999998
6634,31.0,0.09999999999999998
6635,37.0,0.09999999999999998
6636,22.0,0.09999999999999998
6637,10.0,0.09999999999999998
6638,2.0,0.09999999999999998
6639,-10.0,0.09999999999999998
6640,7.0,0.09999999999999998
6641,14.0,0.09999999999999998
6642,-2.0,0.09999999999999998
6643,2.0,0.09999999999999998
6644,45.0,0.09999999999999998
6645,5.0,0.09999999999999998
6646,7.0,0.09999999999999998
6647,-2.0,0.09999999999999998
6648,7.0,0.09999999999999998
6649,33.0,0.09999999999999998
6650,26.0,0.09999999999999998
6651,39.0,0.09999999999999998
6652,26.0,0.09999999999999998
6653,16.0,0.09999999999999998
6654,-4.0,0.09999999999999998
6655,19.0,0.09999999999999998
6656,7.0,0.09999999999999998
6657,4.0,0.09999999999999998
6658,8.0,0.09999999999999998
6659,11.0,0.09999999999999998
6660,7.0,0.09999999999999998
6661,7.0,0.09999999999999998
6662,8.0,0.09999999999999998
6663,41.0,0.09999999999999998
6664,31.0,0.09999999999999998
6665,3.0,0.09999999999999998
6666,4.0,0.09999999999999998
6667,17.0,0.09999999999999998
6668,16.0,0.09999999999999998
6669,19.0,0.09999999999999998
6670,13.0,0.09999999999999998
6671,6.0,0.09999999999999998
6672,11.0,0.09999999999999998
6673,30.0,0.09999999999999998
6674,6.0,0.09999999999999998
6675,39.0,0.09999999999999998
6676,0.0,0.09999999999999998
6677,4.0,0.09999999999999998
6678,2.0,0.09999999999999998
6679,3.0,0.09999999999999998
6680,39.0,0.09999999999999998
6681,29.0,0.09999999999999998
6682,1.0,0.09999999999999998
6683,20.0,0.09999999999999998
6684,7.0,0.09999999999999998
6685,19.0,0.09999999999999998
6686,0.0,0.09999999999999998
6687,1.0,0.09999999999999998
6688,6.0,0.09999999999999998
6689,25.0,0.09999999999999998
6690,21.0,0.09999999999999998
6691,14.0,0.09999999999999998
6692,-13.0,0.09999999999999998
6693,23.0,0.09999999999999998
6694,1.0,0.09999999999999998
6695,21.0,0.09999999999999998
6696,12.0,0.09999999999999998
6697,32.0,0.09999999999999998
6698,17.0,0.09999999999999998
6699,0.0,0.09999999999999998
6700,20.0,0.09999999999999998
6701,31.0,0.09999999999999998
6702,38.0,0.09999999999999998
6703,19.0,0.09999999999999998
6704,0.0,0.09999999999999998
6705,23.0,0.09999999999999998
6706,9.0,0.09999999999999998
6707,15.0,0.09999999999999998
6708,24.0,0.09999999999999998
6709,15.0,0.09999999999999998
6710,11.0,0.09999999999999998
6711,19.0,0.09999999999999998
6712,35.0,0.09999999999999998
6713,14.0,0.09999999999999998
6714,24.0,0.09999999999999998
6715,3.0,0.09999999999999998
6716,25.0,0.09999999999999998
6717,5.0,0.09999999999999998
6718,-4.0,0.09999999999999998
6719,5.0,0.09999999999999998
6720,1.0,0.09999999999999998
6721,11.0,0.09999999999999998
6722,-3.0,0.09999999999999998
6723,-6.0,0.09999999999999998
6724,-3.0,0.09999999999999998
6725,17.0,0.09999999999999998
6726,26.0,0.09999999999999998
6727,22.0,0.09999999999999998
6728,32.0,0.09999999999999998
6729,1.0,0.09999999999999998
6730,36.0,0.09999999999999998
6731,15.0,0.09999999999999998
6732,32.0,0.09999999999999998
6733,-1.0,0.09999999999999998
6734,6.0,0.09999999999999998
6735,8.0,0.09999999999999998
6736,23.0,0.09999999999999998
6737,19.0,0.09999999999999998
6738,30.0,0.09999999999999998
6739,18.0,0.09999999999999998
6740,6.0,0.09999999999999998
6741,42.0,0.09999999999999998
6742,-15.0,0.09999999999999998
6743,47.0,0.09999999999999998
6744,8.0,0.09999999999999998
6745,6.0,0.09999999999999998
6746,28.0,0.09999999999999998
6747,2.0,0.09999999999999998
6748,30.0,0.09999999999999998
6749,30.0,0.09999999999999998
6750,44.0,0.09999999999999998
6751,42.0,0.09999999999999998
6752,22.0,0.09999999999999998
6753,15.0,0.09999999999999998
6754,8.0,0.09999999999999998
6755,38.0,0.09999999999999998
6756,27.0,0.09999999999999998
6757,18.0,0.09999999999999998
6758,38.0,0.09999999999999998
6759,37.0,0.09999999999999998
6760,26.0,0.09999999999999998
6761,12.0,0.09999999999999998
6762,37.0,0.09999999999999998
6763,18.0,0.09999999999999998
6764,-12.0,0.09999999999999998
6765,16.0,0.09999999999999998
6766,7.0,0.09999999999999998
6767,40.0,0.09999999999999998
6768,44.0,0.09999999999999998
6769,44.0,0.09999999999999998
6770,43.0,0.09999999999999998
6771,19.0,0.09999999999999998
6772,43.0,0.09999999999999998
6773,11.0,0.09999999999999998
6774,23.0,0.09999999999999998
6775,9.0,0.09999999999999998
6776,30.0,0.09999999999999998
6777,23.0,0.09999999999999998
6778,39.0,0.09999999999999998
6779,12.0,0.09999999999999998
6780,52.0,0.09999999999999998
6781,12.0,0.09999999999999998
6782,21.0,0.09999999999999998
6783,31.0,0.09999999999999998
6784,32.0,0.09999999999999998
6785,7.0,0.09999999999999998
6786,38.0,0.09999999999999998
6787,29.0,0.09999999999999998
6788,24.0,0.09999999999999998
6789,23.0,0.09999999999999998
6790,14.0,0.09999999999999998
6791,35.0,0.09999999999999998
6792,28.0,0.09999999999999998
6793,30.0,0.09999999999999998
6794,10.0,0.09999999999999998
6795,17.0,0.09999999999999998
6796,17.0,0.09999999999999998
6797,44.0,0.09999999999999998
6798,19.0,0.09999999999999998
6799,24.0,0.09999999999999998
6800,2.0,0.09999999999999998
6801,22.0,0.09999999999999998
6802,0.0,0.09999999999999998
6803,40.0,0.09999999999999998
6804,-11.0,0.09999999999999998
6805,-13.0,0.09999999999999998
6806,21.0,0.09999999999999998
6807,30.0,0.09999999999999998
6808,25.0,0.09999999999999998
6809,15.0,0.09999999999999998
6810,35.0,0.09999999999999998
6811,25.0,0.09999999999999998
6812,7.0,0.09999999999999998
6813,34.0,0.09999999999999998
6814,-2.0,0.09999999999999998
6815,12.0,0.09999999999999998
6816,22.0,0.09999999999999998
6817,33.0,0.09999999999999998
6818,13.0,0.09999999999999998
6819,32.0,0.09999999999999998
6820,-1.0,0.09999999999999998
6821,30.0,0.09999999999999998
6822,23.0,0.09999999999999998
6823,-6.0,0.09999999999999998
6824,25.0,0.09999999999999998
6825,37.0,0.09999999999999998
6826,-6.0,0.09999999999999998
6827,8.0,0.09999999999999998
6828,1.0,0.09999999999999998
6829,32.0,0.09999999999999998
6830,15.0,0.09999999999999998
6831,-12.0,0.09999999999999998
6832,3.0,0.09999999999999998
6833,15.0,0.09999999999999998
6834,15.0,0.09999999999999998
6835,4.0,0.09999999999999998
6836,20.0,0.09999999999999998
6837,-8.0,0.09999999999999998
6838,28.0,0.09999999999999998
6839,18.0,0.09999999999999998
6840,13.0,0.09999999999999998
6841,3.0,0.09999999999999998
6842,3.0,0.09999999999999998
6843,1.0,0.09999999999999998
6844,37.0,0.09999999999999998
6845,0.0,0.09999999999999998
6846,19.0,0.09999999999999998
6847,21.0,0.09999999999999998
6848,22.0,0.09999999999999998
6849,7.0,0.09999999999999998
6850,12.0,0.09999999999999998
6851,11.0,0.09999999999999998
6852,34.0,0.09999999999999998
6853,31.0,0.09999999999999998
6854,20.0,0.09999999999999998
6855,8.0,0.09999999999999998
6856,20.0,0.09999999999999998
6857,38.0,0.09999999999999998
6858,42.0,0.09999999999999998
6859,32.0,0.09999999999999998
6860,4.0,0.09999999999999998
6861,3.0,0.09999999999999998
6862,17.0,0.09999999999999998
6863,25.0,0.09999999999999998
6864,20.0,0.09999999999999998
6865,48.0,0.09999999999999998
6866,8.0,0.09999999999999998
6867,28.0,0.09999999999999998
6868,16.0,0.09999999999999998
6869,8.0,0.09999999999999998
6870,38.0,0.09999999999999998
6871,-9.0,0.09999999999999998
6872,24.0,0.09999999999999998
6873,29.0,0.09999999999999998
6874,25.0,0.09999999999999998
6875,26.0,0.09999999999999998
6876,35.0,0.09999999999999998
6877,21.0,0.09999999999999998
6878,27.0,0.09999999999999998
6879,16.0,0.09999999999999998
6880,12.0,0.09999999999999998
6881,22.0,0.09999999999999998
6882,4.0,0.09999999999999998
6883,4.0,0.09999999999999998
6884,12.0,0.09999999999999998
6885,33.0,0.09999999999999998
6886,4.0,0.09999999999999998
6887,12.0,0.09999999999999998
6888,20.0,0.09999999999999998
6889,4.0,0.09999999999999998
6890,0.0,0.09999999999999998
6891,19.0,0.09999999999999998
6892,3.0,0.09999999999999998
6893,17.0,0.09999999999999998
6894,7.0,0.09999999999999998
6895,1.0,0.09999999999999998
6896,24.0,0.09999999999999998
6897,45.0,0.09999999999999998
6898,18.0,0.09999999999999998
6899,19.0,0.09999999999999998
6900,5.0,0.09999999999999998
6901,35.0,0.09999999999999998
6902,12.0,0.09999999999999998
6903,-8.0,0.09999999999999998
6904,-4.0,0.09999999999999998
6905,29.0,0.09999999999999998
6906,11.0,0.09999999999999998
6907,2.0,0.09999999999999998
6908,23.0,0.09999999999999998
6909,21.0,0.09999999999999998
6910,5.0,0.09999999999999998
6911,11.0,0.09999999999999998
6912,19.0,0.09999999999999998
6913,39.0,0.09999999999999998
6914,3.0,0.09999999999999998
6915,19.0,0.09999999999999998
6916,3.0,0.09999999999999998
6917,-5.0,0.09999999999999998
6918,35.0,0.09999999999999998
6919,14.0,0.09999999999999998
6920,24.0,0.09999999999999998
6921,7.0,0.09999999999999998
6922,4.0,0.09999999999999998
6923,26.0,0.09999999999999998
6924,16.0,0.09999999999999998
6925,12.0,0.09999999999999998
6926,-3.0,0.09999999999999998
6927,1.0,0.09999999999999998
6928,0.0,0.09999999999999998
6929,9.0,0.09999999999999998
6930,21.0,0.09999999999999998
6931,-6.0,0.09999999999999998
6932,9.0,0.09999999999999998
6933,-8.0,0.09999999999999998
6934,8.0,0.09999999999999998
6935,-1.0,0.09999999999999998
6936,2.0,0.09999999999999998
6937,-2.0,0.09999999999999998
6938,16.0,0.09999999999999998
6939,27.0,0.09999999999999998
6940,15.0,0.09999999999999998
6941,15.0,0.09999999999999998
6942,-3.0,0.09999999999999998
6943,7.0,0.09999999999999998
6944,1.0,0.09999999999999998
6945,4.0,0.09999999999999998
6946,4.0,0.09999999999999998
6947,19.0,0.09999999999999998
6948,-2.0,0.09999999999999998
6949,23.0,0.09999999999999998
6950,18.0,0.09999999999999998
6951,41.0,0.09999999999999998
6952,24.0,0.09999999999999998
6953,22.0,0.09999999999999998
6954,12.0,0.09999999999999998
6955,-5.0,0.09999999999999998
6956,-3.0,0.09999999999999998
6957,3.0,0.09999999999999998
6958,42.0,0.09999999999999998
6959,2.0,0.09999999999999998
6960,36.0,0.09999999999999998
6961,12.0,0.09999999999999998
6962,10.0,0.09999999999999998
6963,14.0,0.09999999999999998
6964,17.0,0.09999999999999998
6965,4.0,0.09999999999999998
6966,12.0,0.09999999999999998
6967,15.0,0.09999999999999998
6968,-1.0,0.09999999999999998
6969,-9.0,0.09999999999999998
6970,20.0,0.09999999999999998
6971,1.0,0.09999999999999998
6972,26.0,0.09999999999999998
6973,-3.0,0.09999999999999998
6974,-3.0,0.09999999999999998
6975,14.0,0.09999999999999998
6976,5.0,0.09999999999999998
6977,-1.0,0.09999999999999998
6978,9.0,0.09999999999999998
6979,15.0,0.09999999999999998
6980,-1.0,0.09999999999999998
6981,0.0,0.09999999999999998
6982,2.0,0.09999999999999998
6983,9.0,0.09999999999999998
6984,5.0,0.09999999999999998
6985,34.0,0.09999999999999998
6986,3.0,0.09999999999999998
6987,18.0,0.09999999999999998
6988,-10.0,0.09999999999999998
6989,12.0,0.09999999999999998
6990,23.0,0.09999999999999998
6991,-6.0,0.09999999999999998
6992,-4.0,0.09999999999999998
6993,12.0,0.09999999999999998
6994,-6.0,0.09999999999999998
6995,18.0,0.09999999999999998
6996,2.0,0.09999999999999998
6997,-1.0,0.09999999999999998
6998,20.0,0.09999999999999998
6999,16.0,0.09999999999999998
7000,16.0,0.09999999999999998
7001,38.0,0.09999999999999998
7002,29.0,0.09999999999999998
7003,23.0,0.09999999999999998
7004,0.0,0.09999999999999998
7005,-4.0,0.09999999999999998
7006,26.0,0.09999999999999998
7007,9.0,0.09999999999999998
7008,21.0,0.09999999999999998
7009,32.0,0.09999999999999998
7010,-12.0,0.09999999999999998
7011,24.0,0.09999999999999998
7012,-4.0,0.09999999999999998
7013,4.0,0.09999999999999998
7014,-4.0,0.09999999999999998
7015,8.0,0.09999999999999998
7016,31.0,0.09999999999999998
7017,-3.0,0.09999999999999998
7018,10.0,0.09999999999999998
7019,19.0,0.09999999999999998
7020,17.0,0.09999999999999998
7021,9.0,0.09999999999999998
7022,29.0,0.09999999999999998
7023,7.0,0.09999999999999998
7024,33.0,0.09999999999999998
7025,7.0,0.09999999999999998
7026,35.0,0.09999999999999998
7027,8.0,0.09999999999999998
7028,-7.0,0.09999999999999998
7029,8.0,0.09999999999999998
7030,17.0,0.09999999999999998
7031,14.0,0.09999999999999998
7032,1.0,0.09999999999999998
7033,-7.0,0.09999999999999998
7034,13.0,0.09999999999999998
7035,21.0,0.09999999999999998
7036,19.0,0.09999999999999998
7037,20.0,0.09999999999999998
7038,-13.0,0.09999999999999998
7039,12.0,0.09999999999999998
7040,2.0,0.09999999999999998
7041,21.0,0.09999999999999998
7042,18.0,0.09999999999999998
7043,16.0,0.09999999999999998
7044,23.0,0.09999999999999998
7045,17.0,0.09999999999999998
7046,0.0,0.09999999999999998
7047,48.0,0.09999999999999998
7048,14.0,0.09999999999999998
7049,6.0,0.09999999999999998
7050,1.0,0.09999999999999998
7051,40.0,0.09999999999999998
7052,38.0,0.09999999999999998
7053,5.0,0.09999999999999998
7054,-6.0,0.09999999999999998
7055,24.0,0.09999999999999998
7056,17.0,0.09999999999999998
7057,-3.0,0.09999999999999998
7058,18.0,0.09999999999999998
7059,10.0,0.09999999999999998
7060,-1.0,0.09999999999999998
7061,10.0,0.09999999999999998
7062,-4.0,0.09999999999999998
7063,-4.0,0.09999999999999998
7064,22.0,0.09999999999999998
7065,11.0,0.09999999999999998
7066,-4.0,0.09999999999999998
7067,25.0,0.09999999999999998
7068,24.0,0.09999999999999998
7069,10.0,0.09999999999999998
7070,38.0,0.09999999999999998
7071,29.0,0.09999999999999998
7072,-5.0,0.09999999999999998
7073,12.0,0.09999999999999998
7074,39.0,0.09999999999999998
7075,15.0,0.09999999999999998
7076,26.0,0.09999999999999998
7077,3.0,0.09999999999999998
7078,29.0,0.09999999999999998
7079,20.0,0.09999999999999998
7080,-5.0,0.09999999999999998
7081,18.0,0.09999999999999998
7082,1.0,0.09999999999999998
7083,3.0,0.09999999999999998
7084,27.0,0.09999999999999998
7085,28.0,0.09999999999999998
7086,23.0,0.09999999999999998
7087,17.0,0.09999999999999998
7088,18.0,0.09999999999999998
7089,20.0,0.09999999999999998
7090,-4.0,0.09999999999999998
7091,0.0,0.09999999999999998
7092,5.0,0.09999999999999998
7093,-4.0,0.09999999999999998
7094,16.0,0.09999999999999998
7095,39.0,0.09999999999999998
7096,27.0,0.09999999999999998
7097,18.0,0.09999999999999998
7098,-3.0,0.09999999999999998
7099,-5.0,0.09999999999999998
7100,33.0,0.09999999999999998
7101,-2.0,0.09999999999999998
7102,5.0,0.09999999999999998
7103,29.0,0.09999999999999998
7104,35.0,0.09999999999999998
7105,17.0,0.09999999999999998
7106,23.0,0.09999999999999998
7107,26.0,0.09999999999999998
7108,13.0,0.09999999999999998
7109,17.0,0.09999999999999998
7110,8.0,0.09999999999999998
7111,17.0,0.09999999999999998
7112,18.0,0.09999999999999998
7113,-2.0,0.09999999999999998
7114,34.0,0.09999999999999998
7115,4.0,0.09999999999999998
7116,11.0,0.09999999999999998
7117,-5.0,0.09999999999999998
7118,22.0,0.09999999999999998
7119,13.0,0.09999999999999998
7120,6.0,0.09999999999999998
7121,5.0,0.09999999999999998
7122,-3.0,0.09999999999999998
7123,29.0,0.09999999999999998
7124,5.0,0.09999999999999998
7125,0.0,0.09999999999999998
7126,15.0,0.09999999999999998
7127,26.0,0.09999999999999998
7128,48.0,0.09999999999999998
7129,6.0,0.09999999999999998
7130,31.0,0.09999999999999998
7131,10.0,0.09999999999999998
7132,15.0,0.09999999999999998
7133,17.0,0.09999999999999998
7134,25.0,0.09999999999999998
7135,11.0,0.09999999999999998
7136,16.0,0.09999999999999998
7137,11.0,0.09999999999999998
7138,-1.0,0.09999999999999998
7139,13.0,0.09999999999999998
7140,33.0,0.09999999999999998
7141,33.0,0.09999999999999998
7142,-1.0,0.09999999999999998
7143,17.0,0.09999999999999998
7144,4.0,0.09999999999999998
7145,21.0,0.09999999999999998
7146,-7.0,0.09999999999999998
7147,29.0,0.09999999999999998
7148,9.0,0.09999999999999998
7149,37.0,0.09999999999999998
7150,38.0,0.09999999999999998
7151,38.0,0.09999999999999998
7152,23.0,0.09999999999999998
7153,24.0,0.09999999999999998
7154,20.0,0.09999999999999998
7155,-10.0,0.09999999999999998
7156,11.0,0.09999999999999998
7157,6.0,0.09999999999999998
7158,24.0,0.09999999999999998
7159,35.0,0.09999999999999998
7160,6.0,0.09999999999999998
7161,23.0,0.09999999999999998
7162,46.0,0.09999999999999998
7163,7.0,0.09999999999999998
7164,5.0,0.09999999999999998
7165,15.0,0.09999999999999998
7166,9.0,0.09999999999999998
7167,-4.0,0.09999999999999998
7168,17.0,0.09999999999999998
7169,14.0,0.09999999999999998
7170,9.0,0.09999999999999998
7171,25.0,0.09999999999999998
7172,9.0,0.09999999999999998
7173,1.0,0.09999999999999998
7174,18.0,0.09999999999999998
7175,26.0,0.09999999999999998
7176,-2.0,0.09999999999999998
7177,31.0,0.09999999999999998
7178,21.0,0.09999999999999998
7179,8.0,0.09999999999999998
7180,12.0,0.09999999999999998
7181,21.0,0.09999999999999998
7182,-10.0,0.09999999999999998
7183,32.0,0.09999999999999998
7184,13.0,0.09999999999999998
7185,0.0,0.09999999999999998
7186,-3.0,0.09999999999999998
7187,7.0,0.09999999999999998
7188,7.0,0.09999999999999998
7189,7.0,0.09999999999999998
7190,29.0,0.09999999999999998
7191,3.0,0.09999999999999998
7192,30.0,0.09999999999999998
7193,40.0,0.09999999999999998
7194,24.0,0.09999999999999998
7195,35.0,0.09999999999999998
7196,4.0,0.09999999999999998
7197,3.0,0.09999999999999998
7198,26.0,0.09999999999999998
7199,33.0,0.09999999999999998
7200,25.0,0.09999999999999998
7201,40.0,0.09999999999999998
7202,-4.0,0.09999999999999998
7203,25.0,0.09999999999999998
7204,32.0,0.09999999999999998
7205,3.0,0.09999999999999998
7206,49.0,0.09999999999999998
7207,19.0,0.09999999999999998
7208,31.0,0.09999999999999998
7209,13.0,0.09999999999999998
7210,-4.0,0.09999999999999998
7211,20.0,0.09999999999999998
7212,21.0,0.09999999999999998
7213,25.0,0.09999999999999998
7214,22.0,0.09999999999999998
7215,20.0,0.09999999999999998
7216,27.0,0.09999999999999998
7217,30.0,0.09999999999999998
7218,19.0,0.09999999999999998
7219,16.0,0.09999999999999998
7220,25.0,0.09999999999999998
7221,16.0,0.09999999999999998
7222,17.0,0.09999999999999998
7223,16.0,0.09999999999999998
7224,4.0,0.09999999999999998
7225,8.0,0.09999999999999998
7226,29.0,0.09999999999999998
7227,30.0,0.09999999999999998
7228,23.0,0.09999999999999998
7229,41.0,0.09999999999999998
7230,14.0,0.09999999999999998
7231,49.0,0.09999999999999998
7232,19.0,0.09999999999999998
7233,16.0,0.09999999999999998
7234,38.0,0.09999999999999998
7235,20.0,0.09999999999999998
7236,24.0,0.09999999999999998
7237,29.0,0.09999999999999998
7238,33.0,0.09999999999999998
7239,10.0,0.09999999999999998
7240,0.0,0.09999999999999998
7241,6.0,0.09999999999999998
7242,6.0,0.09999999999999998
7243,29.0,0.09999999999999998
7244,22.0,0.09999999999999998
7245,-10.0,0.09999999999999998
7246,12.0,0.09999999999999998
7247,1.0,0.09999999999999998
7248,30.0,0.09999999999999998
7249,28.0,0.09999999999999998
7250,18.0,0.09999999999999998
7251,23.0,0.09999999999999998
7252,5.0,0.09999999999999998
7253,35.0,0.09999999999999998
7254,9.0,0.09999999999999998
7255,23.0,0.09999999999999998
7256,5.0,0.09999999999999998
7257,47.0,0.09999999999999998
7258,32.0,0.09999999999999998
7259,40.0,0.09999999999999998
7260,21.0,0.09999999999999998
7261,23.0,0.09999999999999998
7262,20.0,0.09999999999999998
7263,-5.0,0.09999999999999998
7264,5.0,0.09999999999999998
7265,-10.0,0.09999999999999998
7266,32.0,0.09999999999999998
7267,-15.0,0.09999999999999998
7268,24.0,0.09999999999999998
7269,46.0,0.09999999999999998
7270,26.0,0.09999999999999998
7271,3.0,0.09999999999999998
7272,31.0,0.09999999999999998
7273,24.0,0.09999999999999998
7274,-3.0,0.09999999999999998
7275,-3.0,0.09999999999999998
7276,7.0,0.09999999999999998
7277,27.0,0.09999999999999998
7278,12.0,0.09999999999999998
7279,1.0,0.09999999999999998
7280,22.0,0.09999999999999998
7281,19.0,0.09999999999999998
7282,7.0,0.09999999999999998
7283,12.0,0.09999999999999998
7284,5.0,0.09999999999999998
7285,7.0,0.09999999999999998
7286,5.0,0.09999999999999998
7287,0.0,0.09999999999999998
7288,7.0,0.09999999999999998
7289,22.0,0.09999999999999998
7290,14.0,0.09999999999999998
7291,12.0,0.09999999999999998
7292,22.0,0.09999999999999998
7293,5.0,0.09999999999999998
7294,10.0,0.09999999999999998
7295,15.0,0.09999999999999998
7296,34.0,0.09999999999999998
7297,10.0,0.09999999999999998
7298,5.0,0.09999999999999998
7299,36.0,0.09999999999999998
7300,8.0,0.09999999999999998
7301,17.0,0.09999999999999998
7302,5.0,0.09999999999999998
7303,14.0,0.09999999999999998
7304,-11.0,0.09999999999999998
7305,26.0,0.09999999999999998
7306,17.0,0.09999999999999998
7307,35.0,0.09999999999999998
7308,9.0,0.09999999999999998
7309,19.0,0.09999999999999998
7310,20.0,0.09999999999999998
7311,9.0,0.09999999999999998
7312,21.0,0.09999999999999998
7313,-3.0,0.09999999999999998
7314,11.0,0.09999999999999998
7315,-12.0,0.09999999999999998
7316,23.0,0.09999999999999998
7317,13.0,0.09999999999999998
7318,-2.0,0.09999999999999998
7319,16.0,0.09999999999999998
7320,12.0,0.09999999999999998
7321,1.0,0.09999999999999998
7322,20.0,0.09999999999999998
7323,31.0,0.09999999999999998
7324,3.0,0.09999999999999998
7325,22.0,0.09999999999999998
7326,5.0,0.09999999999999998
7327,8.0,0.09999999999999998
7328,-3.0,0.09999999999999998
7329,20.0,0.09999999999999998
7330,4.0,0.09999999999999998
7331,20.0,0.09999999999999998
7332,10.0,0.09999999999999998
7333,-4.0,0.09999999999999998
7334,25.0,0.09999999999999998
7335,26.0,0.09999999999999998
7336,22.0,0.09999999999999998
7337,-7.0,0.09999999999999998
7338,16.0,0.09999999999999998
7339,35.0,0.09999999999999998
7340,20.0,0.09999999999999998
7341,1.0,0.09999999999999998
7342,1.0,0.09999999999999998
7343,28.0,0.09999999999999998
7344,-3.0,0.09999999999999998
7345,8.0,0.09999999999999998
7346,2.0,0.09999999999999998
7347,5.0,0.09999999999999998
7348,16.0,0.09999999999999998
7349,33.0,0.09999999999999998
7350,-7.0,0.09999999999999998
7351,4.0,0.09999999999999998
7352,5.0,0.09999999999999998
7353,11.0,0.09999999999999998
7354,8.0,0.09999999999999998
7355,42.0,0.09999999999999998
7356,-3.0,0.09999999999999998
7357,5.0,0.09999999999999998
7358,3.0,0.09999999999999998
7359,15.0,0.09999999999999998
7360,7.0,0.09999999999999998
7361,-2.0,0.09999999999999998
7362,20.0,0.09999999999999998
7363,13.0,0.09999999999999998
7364,7.0,0.09999999999999998
7365,0.0,0.09999999999999998
7366,6.0,0.09999999999999998
7367,12.0,0.09999999999999998
7368,24.0,0.09999999999999998
7369,19.0,0.09999999999999998
7370,3.0,0.09999999999999998
7371,5.0,0.09999999999999998
7372,9.0,0.09999999999999998
7373,18.0,0.09999999999999998
7374,18.0,0.09999999999999998
7375,10.0,0.09999999999999998
7376,8.0,0.09999999999999998
7377,16.0,0.09999999999999998
7378,8.0,0.09999999999999998
7379,22.0,0.09999999999999998
7380,24.0,0.09999999999999998
7381,-2.0,0.09999999999999998
7382,3.0,0.09999999999999998
7383,33.0,0.09999999999999998
7384,26.0,0.09999999999999998
7385,6.0,0.09999999999999998
7386,2.0,0.09999999999999998
7387,8.0,0.09999999999999998
7388,5.0,0.09999999999999998
7389,17.0,0.09999999999999998
7390,7.0,0.09999999999999998
7391,15.0,0.09999999999999998
7392,25.0,0.09999999999999998
7393,32.0,0.09999999999999998
7394,8.0,0.09999999999999998
7395,4.0,0.09999999999999998
7396,3.0,0.09999999999999998
7397,5.0,0.09999999999999998
7398,13.0,0.09999999999999998
7399,4.0,0.09999999999999998
7400,18.0,0.09999999999999998
7401,19.0,0.09999999999999998
7402,-6.0,0.09999999999999998
7403,8.0,0.09999999999999998
7404,2.0,0.09999999999999998
7405,2.0,0.09999999999999998
7406,17.0,0.09999999999999998
7407,2.0,0.09999999999999998
7408,14.0,0.09999999999999998
7409,13.0,0.09999999999999998
7410,24.0,0.09999999999999998
7411,38.0,0.09999999999999998
7412,10.0,0.09999999999999998
7413,12.0,0.09999999999999998
7414,21.0,0.09999999999999998
7415,0.0,0.09999999999999998
7416,9.0,0.09999999999999998
7417,-7.0,0.09999999999999998
7418,18.0,0.09999999999999998
7419,18.0,0.09999999999999998
7420,5.0,0.09999999999999998
7421,8.0,0.09999999999999998
7422,-1.0,0.09999999999999998
7423,3.0,0.09999999999999998
7424,5.0,0.09999999999999998
7425,3.0,0.09999999999999998
7426,12.0,0.09999999999999998
7427,5.0,0.09999999999999998
7428,13.0,0.09999999999999998
7429,-7.0,0.09999999999999998
7430,1.0,0.09999999999999998
7431,12.0,0.09999999999999998
7432,5.0,0.09999999999999998
7433,6.0,0.09999999999999998
7434,22.0,0.09999999999999998
7435,12.0,0.09999999999999998
7436,11.0,0.09999999999999998
7437,12.0,0.09999999999999998
7438,-4.0,0.09999999999999998
7439,25.0,0.09999999999999998
7440,20.0,0.09999999999999998
7441,11.0,0.09999999999999998
7442,29.0,0.09999999999999998
7443,-2.0,0.09999999999999998
7444,17.0,0.09999999999999998
7445,0.0,0.09999999999999998
7446,12.0,0.09999999999999998
7447,7.0,0.09999999999999998
7448,24.0,0.09999999999999998
7449,7.0,0.09999999999999998
7450,30.0,0.09999999999999998
7451,28.0,0.09999999999999998
7452,34.0,0.09999999999999998
7453,44.0,0.09999999999999998
7454,29.0,0.09999999999999998
7455,36.0,0.09999999999999998
7456,43.0,0.09999999999999998
7457,10.0,0.09999999999999998
7458,34.0,0.09999999999999998
7459,35.0,0.09999999999999998
7460,38.0,0.09999999999999998
7461,16.0,0.09999999999999998
7462,41.0,0.09999999999999998
7463,12.0,0.09999999999999998
7464,6.0,0.09999999999999998
7465,15.0,0.09999999999999998
7466,11.0,0.09999999999999998
7467,3.0,0.09999999999999998
7468,11.0,0.09999999999999998
7469,5.0,0.09999999999999998
7470,0.0,0.09999999999999998
7471,1.0,0.09999999999999998
7472,10.0,0.09999999999999998
7473,22.0,0.09999999999999998
7474,13.0,0.09999999999999998
7475,18.0,0.09999999999999998
7476,23.0,0.09999999999999998
7477,25.0,0.09999999999999998
7478,18.0,0.09999999999999998
7479,8.0,0.09999999999999998
7480,28.0,0.09999999999999998
7481,35.0,0.09999999999999998
7482,50.0,0.09999999999999998
7483,14.0,0.09999999999999998
7484,8.0,0.09999999999999998
7485,3.0,0.09999999999999998
7486,8.0,0.09999999999999998
7487,-3.0,0.09999999999999998
7488,20.0,0.09999999999999998
7489,29.0,0.09999999999999998
7490,42.0,0.09999999999999998
7491,24.0,0.09999999999999998
7492,-3.0,0.09999999999999998
7493,6.0,0.09999999999999998
7494,33.0,0.09999999999999998
7495,12.0,0.09999999999999998
7496,32.0,0.09999999999999998
7497,44.0,0.09999999999999998
7498,19.0,0.09999999999999998
7499,17.0,0.09999999999999998
7500,23.0,0.09999999999999998
7501,7.0,0.09999999999999998
7502,22.0,0.09999999999999998
7503,16.0,0.09999999999999998
7504,13.0,0.09999999999999998
7505,21.0,0.09999999999999998
7506,31.0,0.09999999999999998
7507,24.0,0.09999999999999998
7508,3.0,0.09999999999999998
7509,23.0,0.09999999999999998
7510,28.0,0.09999999999999998
7511,1.0,0.09999999999999998
7512,5.0,0.09999999999999998
7513,-5.0,0.09999999999999998
7514,23.0,0.09999999999999998
7515,6.0,0.09999999999999998
7516,28.0,0.09999999999999998
7517,36.0,0.09999999999999998
7518,8.0,0.09999999999999998
7519,9.0,0.09999999999999998
7520,13.0,0.09999999999999998
7521,18.0,0.09999999999999998
7522,37.0,0.09999999999999998
7523,-6.0,0.09999999999999998
7524,46.0,0.09999999999999998
7525,19.0,0.09999999999999998
7526,5.0,0.09999999999999998
7527,-1.0,0.09999999999999998
7528,32.0,0.09999999999999998
7529,15.0,0.09999999999999998
7530,7.0,0.09999999999999998
7531,40.0,0.09999999999999998
7532,27.0,0.09999999999999998
7533,20.0,0.09999999999999998
7534,14.0,0.09999999999999998
7535,10.0,0.09999999999999998
7536,44.0,0.09999999999999998
7537,12.0,0.09999999999999998
7538,7.0,0.09999999999999998
7539,0.0,0.09999999999999998
7540,10.0,0.09999999999999998
7541,12.0,0.09999999999999998
7542,25.0,0.09999999999999998
7543,-14.0,0.09999999999999998
7544,44.0,0.09999999999999998
7545,18.0,0.09999999999999998
7546,42.0,0.09999999999999998
7547,21.0,0.09999999999999998
7548,21.0,0.09999999999999998
7549,20.0,0.09999999999999998
7550,32.0,0.09999999999999998
7551,42.0,0.09999999999999998
7552,-1.0,0.09999999999999998
7553,-14.0,0.09999999999999998
7554,5.0,0.09999999999999998
7555,43.0,0.09999999999999998
7556,5.0,0.09999999999999998
7557,21.0,0.09999999999999998
7558,30.0,0.09999999999999998
7559,28.0,0.09999999999999998
7560,-8.0,0.09999999999999998
7561,38.0,0.09999999999999998
7562,16.0,0.09999999999999998
7563,0.0,0.09999999999999998
7564,1.0,0.09999999999999998
7565,22.0,0.09999999999999998
7566,-7.0,0.09999999999999998
7567,-7.0,0.09999999999999998
7568,29.0,0.09999999999999998
7569,23.0,0.09999999999999998
7570,30.0,0.09999999999999998
7571,1.0,0.09999999999999998
7572,31.0,0.09999999999999998
7573,44.0,0.09999999999999998
7574,3.0,0.09999999999999998
7575,42.0,0.09999999999999998
7576,7.0,0.09999999999999998
7577,-1.0,0.09999999999999998
7578,-7.0,0.09999999999999998
7579,9.0,0.09999999999999998
7580,-1.0,0.09999999999999998
7581,5.0,0.09999999999999998
7582,1.0,0.09999999999999998
7583,34.0,0.09999999999999998
7584,-12.0,0.09999999999999998
7585,2.0,0.09999999999999998
7586,14.0,0.09999999999999998
7587,31.0,0.09999999999999998
7588,-2.0,0.09999999999999998
7589,-2.0,0.09999999999999998
7590,8.0,0.09999999999999998
7591,0.0,0.09999999999999998
7592,2.0,0.09999999999999998
7593,1.0,0.09999999999999998
7594,6.0,0.09999999999999998
7595,0.0,0.09999999999999998
7596,23.0,0.09999999999999998
7597,6.0,0.09999999999999998
7598,17.0,0.09999999999999998
7599,22.0,0.09999999999999998
7600,-9.0,0.09999999999999998
7601,6.0,0.09999999999999998
7602,7.0,0.09999999999999998
7603,0.0,0.09999999999999998
7604,10.0,0.09999999999999998
7605,24.0,0.09999999999999998
7606,20.0,0.09999999999999998
7607,13.0,0.09999999999999998
7608,3.0,0.09999999999999998
7609,-1.0,0.09999999999999998
7610,11.0,0.09999999999999998
7611,20.0,0.09999999999999998
7612,21.0,0.09999999999999998
7613,19.0,0.09999999999999998
7614,25.0,0.09999999999999998
7615,12.0,0.09999999999999998
7616,12.0,0.09999999999999998
7617,10.0,0.09999999999999998
7618,3.0,0.09999999999999998
7619,2.0,0.09999999999999998
7620,0.0,0.09999999999999998
7621,17.0,0.09999999999999998
7622,5.0,0.09999999999999998
7623,2.0,0.09999999999999998
7624,20.0,0.09999999999999998
7625,13.0,0.09999999999999998
7626,26.0,0.09999999999999998
7627,17.0,0.09999999999999998
7628,7.0,0.09999999999999998
7629,12.0,0.09999999999999998
7630,1.0,0.09999999999999998
7631,-9.0,0.09999999999999998
7632,-27.0,0.09999999999999998
7633,-10.0,0.09999999999999998
7634,-4.0,0.09999999999999998
7635,-3.0,0.09999999999999998
7636,-8.0,0.09999999999999998
7637,0.0,0.09999999999999998
7638,-1.0,0.09999999999999998
7639,-1.0,0.09999999999999998
7640,-3.0,0.09999999999999998
7641,-10.0,0.09999999999999998
7642,2.0,0.09999999999999998
7643,-8.0,0.09999999999999998
7644,-5.0,0.09999999999999998
7645,-6.0,0.09999999999999998
7646,4.0,0.09999999999999998
7647,-5.0,0.09999999999999998
7648,-8.0,0.09999999999999998
7649,-2.0,0.09999999999999998
7650,5.0,0.09999999999999998
7651,-3.0,0.09999999999999998
7652,-6.0,0.09999999999999998
7653,-1.0,0.09999999999999998
7654,-3.0,0.09999999999999998
7655,-19.0,0.09999999999999998
7656,11.0,0.09999999999999998
7657,-17.0,0.09999999999999998
7658,8.0,0.09999999999999998
7659,-6.0,0.09999999999999998
7660,-11.0,0.09999999999999998
7661,1.0,0.09999999999999998
7662,-3.0,0.09999999999999998
7663,-3.0,0.09999999999999998
7664,-9.0,0.09999999999999998
7665,3.0,0.09999999999999998
7666,-2.0,0.09999999999999998
7667,-4.0,0.09999999999999998
7668,-9.0,0.09999999999999998
7669,1.0,0.09999999999999998
7670,20.0,0.09999999999999998
7671,-3.0,0.09999999999999998
7672,-2.0,0.09999999999999998
7673,4.0,0.09999999999999998
7674,3.0,0.09999999999999998
7675,0.0,0.09999999999999998
7676,-3.0,0.09999999999999998
7677,0.0,0.09999999999999998
7678,-6.0,0.09999999999999998
7679,-25.0,0.09999999999999998
7680,-4.0,0.09999999999999998
7681,6.0,0.09999999999999998
7682,-7.0,0.09999999999999998
7683,3.0,0.09999999999999998
7684,-6.0,0.09999999999999998
7685,1.0,0.09999999999999998
7686,-3.0,0.09999999999999998
7687,4.0,0.09999999999999998
7688,4.0,0.09999999999999998
7689,-10.0,0.09999999999999998
7690,2.0,0.09999999999999998
7691,5.0,0.09999999999999998
7692,-2.0,0.09999999999999998
7693,-6.0,0.09999999999999998
7694,11.0,0.09999999999999998
7695,-9.0,0.09999999999999998
7696,1.0,0.09999999999999998
7697,-2.0,0.09999999999999998
7698,-4.0,0.09999999999999998
7699,-2.0,0.09999999999999998
7700,-10.0,0.09999999999999998
7701,9.0,0.09999999999999998
7702,-1.0,0.09999999999999998
7703,1.0,0.09999999999999998
7704,-1.0,0.09999999999999998
7705,1.0,0.09999999999999998
7706,7.0,0.09999999999999998
7707,10.0,0.09999999999999998
7708,-5.0,0.09999999999999998
7709,-10.0,0.09999999999999998
7710,-1.0,0.09999999999999998
7711,5.0,0.09999999999999998
7712,-4.0,0.09999999999999998
7713,-12.0,0.09999999999999998
7714,-4.0,0.09999999999999998
7715,-3.0,0.09999999999999998
7716,7.0,0.09999999999999998
7717,1.0,0.09999999999999998
7718,3.0,0.09999999999999998
7719,4.0,0.09999999999999998
7720,4.0,0.09999999999999998
7721,9.0,0.09999999999999998
7722,9.0,0.09999999999999998
7723,-1.0,0.09999999999999998
7724,7.0,0.09999999999999998
7725,6.0,0.09999999999999998
7726,-5.0,0.09999999999999998
7727,10.0,0.09999999999999998
7728,-36.0,0.09999999999999998
7729,10.0,0.09999999999999998
7730,17.0,0.09999999999999998
7731,2.0,0.09999999999999998
7732,-13.0,0.09999999999999998
7733,1.0,0.09999999999999998
7734,-2.0,0.09999999999999998
7735,12.0,0.09999999999999998
7736,1.0,0.09999999999999998
7737,2.0,0.09999999999999998
7738,1.0,0.09999999999999998
7739,0.0,0.09999999999999998
7740,2.0,0.09999999999999998
7741,14.0,0.09999999999999998
7742,0.0,0.09999999999999998
7743,-5.0,0.09999999999999998
7744,-4.0,0.09999999999999998
7745,19.0,0.09999999999999998
7746,-6.0,0.09999999999999998
7747,-8.0,0.09999999999999998
7748,38.0,0.09999999999999998
7749,9.0,0.09999999999999998
7750,0.0,0.09999999999999998
7751,31.0,0.09999999999999998
7752,0.0,0.09999999999999998
7753,-2.0,0.09999999999999998
7754,16.0,0.09999999999999998
7755,-11.0,0.09999999999999998
7756,-4.0,0.09999999999999998
7757,-7.0,0.09999999999999998
7758,-5.0,0.09999999999999998
7759,6.0,0.09999999999999998
7760,6.0,0.09999999999999998
7761,-1.0,0.09999999999999998
7762,12.0,0.09999999999999998
7763,-6.0,0.09999999999999998
7764,13.0,0.09999999999999998
7765,11.0,0.09999999999999998
7766,-4.0,0.09999999999999998
7767,20.0,0.09999999999999998
7768,10.0,0.09999999999999998
7769,11.0,0.09999999999999998
7770,23.0,0.09999999999999998
7771,5.0,0.09999999999999998
7772,-6.0,0.09999999999999998
7773,-4.0,0.09999999999999998
7774,18.0,0.09999999999999998
7775,26.0,0.09999999999999998
7776,15.0,0.09999999999999998
7777,8.0,0.09999999999999998
7778,-9.0,0.09999999999999998
7779,15.0,0.09999999999999998
7780,1.0,0.09999999999999998
7781,8.0,0.09999999999999998
7782,-4.0,0.09999999999999998
7783,-10.0,0.09999999999999998
7784,-4.0,0.09999999999999998
7785,1.0,0.09999999999999998
7786,-7.0,0.09999999999999998
7787,1.0,0.09999999999999998
7788,14.0,0.09999999999999998
7789,-19.0,0.09999999999999998
7790,14.0,0.09999999999999998
7791,18.0,0.09999999999999998
7792,-3.0,0.09999999999999998
7793,28.0,0.09999999999999998
7794,-5.0,0.09999999999999998
7795,0.0,0.09999999999999998
7796,17.0,0.09999999999999998
7797,11.0,0.09999999999999998
7798,-1.0,0.09999999999999998
7799,-4.0,0.09999999999999998
7800,-6.0,0.09999999999999998
7801,-7.0,0.09999999999999998
7802,9.0,0.09999999999999998
7803,7.0,0.09999999999999998
7804,-9.0,0.09999999999999998
7805,-2.0,0.09999999999999998
7806,3.0,0.09999999999999998
7807,-4.0,0.09999999999999998
7808,-1.0,0.09999999999999998
7809,-11.0,0.09999999999999998
7810,-2.0,0.09999999999999998
7811,2.0,0.09999999999999998
7812,5.0,0.09999999999999998
7813,13.0,0.09999999999999998
7814,44.0,0.09999999999999998
7815,17.0,0.09999999999999998
7816,28.0,0.09999999999999998
7817,9.0,0.09999999999999998
7818,-5.0,0.09999999999999998
7819,45.0,0.09999999999999998
7820,22.0,0.09999999999999998
7821,1.0,0.09999999999999998
7822,17.0,0.09999999999999998
7823,7.0,0.09999999999999998
7824,9.0,0.09999999999999998
7825,21.0,0.09999999999999998
7826,12.0,0.09999999999999998
7827,24.0,0.09999999999999998
7828,-3.0,0.09999999999999998
7829,33.0,0.09999999999999998
7830,17.0,0.09999999999999998
7831,35.0,0.09999999999999998
7832,21.0,0.09999999999999998
7833,27.0,0.09999999999999998
7834,16.0,0.09999999999999998
7835,-8.0,0.09999999999999998
7836,12.0,0.09999999999999998
7837,22.0,0.09999999999999998
7838,40.0,0.09999999999999998
7839,7.0,0.09999999999999998
7840,16.0,0.09999999999999998
7841,42.0,0.09999999999999998
7842,31.0,0.09999999999999998
7843,-2.0,0.09999999999999998
7844,0.0,0.09999999999999998
7845,-5.0,0.09999999999999998
7846,0.0,0.09999999999999998
7847,44.0,0.09999999999999998
7848,29.0,0.09999999999999998
7849,-1.0,0.09999999999999998
7850,24.0,0.09999999999999998
7851,28.0,0.09999999999999998
7852,5.0,0.09999999999999998
7853,18.0,0.09999999999999998
7854,5.0,0.09999999999999998
7855,11.0,0.09999999999999998
7856,-25.0,0.09999999999999998
7857,7.0,0.09999999999999998
7858,-3.0,0.09999999999999998
7859,34.0,0.09999999999999998
7860,16.0,0.09999999999999998
7861,4.0,0.09999999999999998
7862,9.0,0.09999999999999998
7863,23.0,0.09999999999999998
7864,17.0,0.09999999999999998
7865,16.0,0.09999999999999998
7866,8.0,0.09999999999999998
7867,13.0,0.09999999999999998
7868,46.0,0.09999999999999998
7869,-3.0,0.09999999999999998
7870,24.0,0.09999999999999998
7871,10.0,0.09999999999999998
7872,18.0,0.09999999999999998
7873,21.0,0.09999999999999998
7874,7.0,0.09999999999999998
7875,8.0,0.09999999999999998
7876,5.0,0.09999999999999998
7877,17.0,0.09999999999999998
7878,25.0,0.09999999999999998
7879,23.0,0.09999999999999998
7880,25.0,0.09999999999999998
7881,43.0,0.09999999999999998
7882,17.0,0.09999999999999998
7883,28.0,0.09999999999999998
7884,3.0,0.09999999999999998
7885,-7.0,0.09999999999999998
7886,13.0,0.09999999999999998
7887,50.0,0.09999999999999998
7888,35.0,0.09999999999999998
7889,33.0,0.09999999999999998
7890,33.0,0.09999999999999998
7891,24.0,0.09999999999999998
7892,17.0,0.09999999999999998
7893,36.0,0.09999999999999998
7894,20.0,0.09999999999999998
7895,55.0,0.09999999999999998
7896,15.0,0.09999999999999998
7897,17.0,0.09999999999999998
7898,7.0,0.09999999999999998
7899,53.0,0.09999999999999998
7900,27.0,0.09999999999999998
7901,10.0,0.09999999999999998
7902,40.0,0.09999999999999998
7903,7.0,0.09999999999999998
7904,16.0,0.09999999999999998
7905,31.0,0.09999999999999998
7906,0.0,0.09999999999999998
7907,5.0,0.09999999999999998
7908,27.0,0.09999999999999998
7909,37.0,0.09999999999999998
7910,24.0,0.09999999999999998
7911,31.0,0.09999999999999998
7912,35.0,0.09999999999999998
7913,25.0,0.09999999999999998
7914,14.0,0.09999999999999998
7915,10.0,0.09999999999999998
7916,-4.0,0.09999999999999998
7917,10.0,0.09999999999999998
7918,14.0,0.09999999999999998
7919,2.0,0.09999999999999998
7920,25.0,0.09999999999999998
7921,12.0,0.09999999999999998
7922,-4.0,0.09999999999999998
7923,50.0,0.09999999999999998
7924,-22.0,0.09999999999999998
7925,12.0,0.09999999999999998
7926,37.0,0.09999999999999998
7927,6.0,0.09999999999999998
7928,-11.0,0.09999999999999998
7929,22.0,0.09999999999999998
7930,35.0,0.09999999999999998
7931,22.0,0.09999999999999998
7932,11.0,0.09999999999999998
7933,49.0,0.09999999999999998
7934,28.0,0.09999999999999998
7935,13.0,0.09999999999999998
7936,32.0,0.09999999999999998
7937,13.0,0.09999999999999998
7938,6.0,0.09999999999999998
7939,16.0,0.09999999999999998
7940,22.0,0.09999999999999998
7941,22.0,0.09999999999999998
7942,28.0,0.09999999999999998
7943,17.0,0.09999999999999998
7944,19.0,0.09999999999999998
7945,27.0,0.09999999999999998
7946,-4.0,0.09999999999999998
7947,60.0,0.09999999999999998
7948,14.0,0.09999999999999998
7949,27.0,0.09999999999999998
7950,23.0,0.09999999999999998
7951,32.0,0.09999999999999998
7952,15.0,0.09999999999999998
7953,6.0,0.09999999999999998
7954,-5.0,0.09999999999999998
7955,-1.0,0.09999999999999998
7956,7.0,0.09999999999999998
7957,-4.0,0.09999999999999998
7958,20.0,0.09999999999999998
7959,35.0,0.09999999999999998
7960,16.0,0.09999999999999998
7961,18.0,0.09999999999999998
7962,43.0,0.09999999999999998
7963,19.0,0.09999999999999998
7964,-4.0,0.09999999999999998
7965,13.0,0.09999999999999998
7966,20.0,0.09999999999999998
7967,3.0,0.09999999999999998
7968,21.0,0.09999999999999998
7969,22.0,0.09999999999999998
7970,33.0,0.09999999999999998
7971,5.0,0.09999999999999998
7972,20.0,0.09999999999999998
7973,11.0,0.09999999999999998
7974,17.0,0.09999999999999998
7975,14.0,0.09999999999999998
7976,13.0,0.09999999999999998
7977,22.0,0.09999999999999998
7978,54.0,0.09999999999999998
7979,13.0,0.09999999999999998
7980,20.0,0.09999999999999998
7981,21.0,0.09999999999999998
7982,33.0,0.09999999999999998
7983,0.0,0.09999999999999998
7984,13.0,0.09999999999999998
7985,13.0,0.09999999999999998
7986,25.0,0.09999999999999998
7987,6.0,0.09999999999999998
7988,14.0,0.09999999999999998
7989,18.0,0.09999999999999998
7990,23.0,0.09999999999999998
7991,42.0,0.09999999999999998
7992,-2.0,0.09999999999999998
7993,39.0,0.09999999999999998
7994,13.0,0.09999999999999998
7995,17.0,0.09999999999999998
7996,43.0,0.09999999999999998
7997,6.0,0.09999999999999998
7998,5.0,0.09999999999999998
7999,40.0,0.09999999999999998
8000,15.0,0.09999999999999998
8001,36.0,0.09999999999999998
8002,31.0,0.09999999999999998
8003,26.0,0.09999999999999998
8004,10.0,0.09999999999999998
8005,20.0,0.09999999999999998
8006,35.0,0.09999999999999998
8007,4.0,0.09999999999999998
8008,32.0,0.09999999999999998
8009,22.0,0.09999999999999998
8010,32.0,0.09999999999999998
8011,5.0,0.09999999999999998
8012,12.0,0.09999999999999998
8013,44.0,0.09999999999999998
8014,32.0,0.09999999999999998
8015,26.0,0.09999999999999998
8016,33.0,0.09999999999999998
8017,20.0,0.09999999999999998
8018,8.0,0.09999999999999998
8019,29.0,0.09999999999999998
8020,7.0,0.09999999999999998
8021,19.0,0.09999999999999998
8022,35.0,0.09999999999999998
8023,16.0,0.09999999999999998
8024,28.0,0.09999999999999998
8025,8.0,0.09999999999999998
8026,32.0,0.09999999999999998
8027,34.0,0.09999999999999998
8028,16.0,0.09999999999999998
8029,30.0,0.09999999999999998
8030,11.0,0.09999999999999998
8031,34.0,0.09999999999999998
8032,17.0,0.09999999999999998
8033,31.0,0.09999999999999998
8034,19.0,0.09999999999999998
8035,9.0,0.09999999999999998
8036,31.0,0.09999999999999998
8037,22.0,0.09999999999999998
8038,46.0,0.09999999999999998
8039,33.0,0.09999999999999998
8040,18.0,0.09999999999999998
8041,33.0,0.09999999999999998
8042,43.0,0.09999999999999998
8043,31.0,0.09999999999999998
8044,14.0,0.09999999999999998
8045,32.0,0.09999999999999998
8046,22.0,0.09999999999999998
8047,24.0,0.09999999999999998
8048,37.0,0.09999999999999998
8049,2.0,0.09999999999999998
8050,27.0,0.09999999999999998
8051,34.0,0.09999999999999998
8052,28.0,0.09999999999999998
8053,11.0,0.09999999999999998
8054,33.0,0.09999999999999998
8055,34.0,0.09999999999999998
8056,0.0,0.09999999999999998
8057,41.0,0.09999999999999998
8058,21.0,0.09999999999999998
8059,38.0,0.09999999999999998
8060,57.0,0.09999999999999998
8061,29.0,0.09999999999999998
8062,11.0,0.09999999999999998
8063,31.0,0.09999999999999998
8064,13.0,0.09999999999999998
8065,9.0,0.09999999999999998
8066,12.0,0.09999999999999998
8067,39.0,0.09999999999999998
8068,17.0,0.09999999999999998
8069,-6.0,0.09999999999999998
8070,37.0,0.09999999999999998
8071,28.0,0.09999999999999998
8072,14.0,0.09999999999999998
8073,14.0,0.09999999999999998
8074,33.0,0.09999999999999998
8075,5.0,0.09999999999999998
8076,10.0,0.09999999999999998
8077,36.0,0.09999999999999998
8078,28.0,0.09999999999999998
8079,21.0,0.09999999999999998
8080,33.0,0.09999999999999998
8081,27.0,0.09999999999999998
8082,28.0,0.09999999999999998
8083,3.0,0.09999999999999998
8084,-4.0,0.09999999999999998
8085,27.0,0.09999999999999998
8086,21.0,0.09999999999999998
8087,29.0,0.09999999999999998
8088,15.0,0.09999999999999998
8089,21.0,0.09999999999999998
8090,17.0,0.09999999999999998
8091,33.0,0.09999999999999998
8092,17.0,0.09999999999999998
8093,-6.0,0.09999999999999998
8094,52.0,0.09999999999999998
8095,8.0,0.09999999999999998
8096,21.0,0.09999999999999998
8097,35.0,0.09999999999999998
8098,-1.0,0.09999999999999998
8099,23.0,0.09999999999999998
8100,12.0,0.09999999999999998
8101,11.0,0.09999999999999998
8102,29.0,0.09999999999999998
8103,19.0,0.09999999999999998
8104,34.0,0.09999999999999998
8105,19.0,0.09999999999999998
8106,14.0,0.09999999999999998
8107,16.0,0.09999999999999998
8108,18.0,0.09999999999999998
8109,18.0,0.09999999999999998
8110,13.0,0.09999999999999998
8111,4.0,0.09999999999999998
8112,29.0,0.09999999999999998
8113,26.0,0.09999999999999998
8114,34.0,0.09999999999999998
8115,24.0,0.09999999999999998
8116,34.0,0.09999999999999998
8117,18.0,0.09999999999999998
8118,34.0,0.09999999999999998
8119,-11.0,0.09999999999999998
8120,30.0,0.09999999999999998
8121,36.0,0.09999999999999998
8122,26.0,0.09999999999999998
8123,13.0,0.09999999999999998
8124,21.0,0.09999999999999998
8125,34.0,0.09999999999999998
8126,31.0,0.09999999999999998
8127,14.0,0.09999999999999998
8128,32.0,0.09999999999999998
8129,34.0,0.09999999999999998
8130,17.0,0.09999999999999998
8131,38.0,0.09999999999999998
8132,48.0,0.09999999999999998
8133,6.0,0.09999999999999998
8134,33.0,0.09999999999999998
8135,33.0,0.09999999999999998
8136,45.0,0.09999999999999998
8137,6.0,0.09999999999999998
8138,-17.0,0.09999999999999998
8139,39.0,0.09999999999999998
8140,13.0,0.09999999999999998
8141,24.0,0.09999999999999998
8142,13.0,0.09999999999999998
8143,29.0,0.09999999999999998
8144,21.0,0.09999999999999998
8145,1.0,0.09999999999999998
8146,27.0,0.09999999999999998
8147,46.0,0.09999999999999998
8148,27.0,0.09999999999999998
8149,34.0,0.09999999999999998
8150,45.0,0.09999999999999998
8151,12.0,0.09999999999999998
8152,16.0,0.09999999999999998
8153,10.0,0.09999999999999998
8154,41.0,0.09999999999999998
8155,5.0,0.09999999999999998
8156,27.0,0.09999999999999998
8157,0.0,0.09999999999999998
8158,24.0,0.09999999999999998
8159,21.0,0.09999999999999998
8160,1.0,0.09999999999999998
8161,-9.0,0.09999999999999998
8162,19.0,0.09999999999999998
8163,29.0,0.09999999999999998
8164,27.0,0.09999999999999998
8165,6.0,0.09999999999999998
8166,21.0,0.09999999999999998
8167,28.0,0.09999999999999998
8168,15.0,0.09999999999999998
8169,2.0,0.09999999999999998
8170,30.0,0.09999999999999998
8171,17.0,0.09999999999999998
8172,34.0,0.09999999999999998
8173,23.0,0.09999999999999998
8174,27.0,0.09999999999999998
8175,26.0,0.09999999999999998
8176,22.0,0.09999999999999998
8177,25.0,0.09999999999999998
8178,16.0,0.09999999999999998
8179,53.0,0.09999999999999998
8180,22.0,0.09999999999999998
8181,51.0,0.09999999999999998
8182,16.0,0.09999999999999998
8183,7.0,0.09999999999999998
8184,17.0,0.09999999999999998
8185,36.0,0.09999999999999998
8186,6.0,0.09999999999999998
8187,0.0,0.09999999999999998
8188,21.0,0.09999999999999998
8189,36.0,0.09999999999999998
8190,27.0,0.09999999999999998
8191,34.0,0.09999999999999998
8192,21.0,0.09999999999999998
8193,8.0,0.09999999999999998
8194,30.0,0.09999999999999998
8195,0.0,0.09999999999999998
8196,14.0,0.09999999999999998
8197,28.0,0.09999999999999998
8198,10.0,0.09999999999999998
8199,-5.0,0.09999999999999998
8200,34.0,0.09999999999999998
8201,29.0,0.09999999999999998
8202,35.0,0.09999999999999998
8203,18.0,0.09999999999999998
8204,16.0,0.09999999999999998
8205,12.0,0.09999999999999998
8206,26.0,0.09999999999999998
8207,35.0,0.09999999999999998
8208,32.0,0.09999999999999998
8209,-1.0,0.09999999999999998
8210,16.0,0.09999999999999998
8211,34.0,0.09999999999999998
8212,0.0,0.09999999999999998
8213,28.0,0.09999999999999998
8214,31.0,0.09999999999999998
8215,39.0,0.09999999999999998
8216,-2.0,0.09999999999999998
8217,23.0,0.09999999999999998
8218,21.0,0.09999999999999998
8219,56.0,0.09999999999999998
8220,32.0,0.09999999999999998
8221,37.0,0.09999999999999998
8222,29.0,0.09999999999999998
8223,0.0,0.09999999999999998
8224,23.0,0.09999999999999998
8225,-8.0,0.09999999999999998
8226,5.0,0.09999999999999998
8227,11.0,0.09999999999999998
8228,30.0,0.09999999999999998
8229,8.0,0.09999999999999998
8230,41.0,0.09999999999999998
8231,6.0,0.09999999999999998
8232,14.0,0.09999999999999998
8233,45.0,0.09999999999999998
8234,15.0,0.09999999999999998
8235,31.0,0.09999999999999998
8236,-8.0,0.09999999999999998
8237,27.0,0.09999999999999998
8238,28.0,0.09999999999999998
8239,31.0,0.09999999999999998
8240,28.0,0.09999999999999998
8241,10.0,0.09999999999999998
8242,32.0,0.09999999999999998
8243,20.0,0.09999999999999998
8244,24.0,0.09999999999999998
8245,2.0,0.09999999999999998
8246,21.0,0.09999999999999998
8247,39.0,0.09999999999999998
8248,24.0,0.09999999999999998
8249,38.0,0.09999999999999998
8250,21.0,0.09999999999999998
8251,1.0,0.09999999999999998
8252,-1.0,0.09999999999999998
8253,36.0,0.09999999999999998
8254,36.0,0.09999999999999998
8255,6.0,0.09999999999999998
8256,26.0,0.09999999999999998
8257,33.0,0.09999999999999998
8258,15.0,0.09999999999999998
8259,34.0,0.09999999999999998
8260,19.0,0.09999999999999998
8261,33.0,0.09999999999999998
8262,17.0,0.09999999999999998
8263,-4.0,0.09999999999999998
8264,13.0,0.09999999999999998
8265,2.0,0.09999999999999998
8266,45.0,0.09999999999999998
8267,-4.0,0.09999999999999998
8268,14.0,0.09999999999999998
8269,11.0,0.09999999999999998
8270,-3.0,0.09999999999999998
8271,22.0,0.09999999999999998
8272,14.0,0.09999999999999998
8273,-1.0,0.09999999999999998
8274,15.0,0.09999999999999998
8275,17.0,0.09999999999999998
8276,11.0,0.09999999999999998
8277,15.0,0.09999999999999998
8278,33.0,0.09999999999999998
8279,13.0,0.09999999999999998
8280,-3.0,0.09999999999999998
8281,-9.0,0.09999999999999998
8282,5.0,0.09999999999999998
8283,14.0,0.09999999999999998
8284,5.0,0.09999999999999998
8285,22.0,0.09999999999999998
8286,7.0,0.09999999999999998
8287,40.0,0.09999999999999998
8288,6.0,0.09999999999999998
8289,-2.0,0.09999999999999998
8290,37.0,0.09999999999999998
8291,31.0,0.09999999999999998
8292,40.0,0.09999999999999998
8293,-15.0,0.09999999999999998
8294,30.0,0.09999999999999998
8295,43.0,0.09999999999999998
8296,1.0,0.09999999999999998
8297,20.0,0.09999999999999998
8298,-1.0,0.09999999999999998
8299,0.0,0.09999999999999998
8300,10.0,0.09999999999999998
8301,5.0,0.09999999999999998
8302,17.0,0.09999999999999998
8303,20.0,0.09999999999999998
8304,12.0,0.09999999999999998
8305,17.0,0.09999999999999998
8306,9.0,0.09999999999999998
8307,44.0,0.09999999999999998
8308,11.0,0.09999999999999998
8309,20.0,0.09999999999999998
8310,4.0,0.09999999999999998
8311,21.0,0.09999999999999998
8312,41.0,0.09999999999999998
8313,12.0,0.09999999999999998
8314,-5.0,0.09999999999999998
8315,34.0,0.09999999999999998
8316,17.0,0.09999999999999998
8317,15.0,0.09999999999999998
8318,27.0,0.09999999999999998
8319,2.0,0.09999999999999998
8320,7.0,0.09999999999999998
8321,31.0,0.09999999999999998
8322,18.0,0.09999999999999998
8323,29.0,0.09999999999999998
8324,23.0,0.09999999999999998
8325,8.0,0.09999999999999998
8326,28.0,0.09999999999999998
8327,14.0,0.09999999999999998
8328,14.0,0.09999999999999998
8329,8.0,0.09999999999999998
8330,13.0,0.09999999999999998
8331,38.0,0.09999999999999998
8332,18.0,0.09999999999999998
8333,7.0,0.09999999999999998
8334,19.0,0.09999999999999998
8335,22.0,0.09999999999999998
8336,6.0,0.09999999999999998
8337,5.0,0.09999999999999998
8338,24.0,0.09999999999999998
8339,12.0,0.09999999999999998
8340,40.0,0.09999999999999998
8341,28.0,0.09999999999999998
8342,47.0,0.09999999999999998
8343,8.0,0.09999999999999998
8344,21.0,0.09999999999999998
8345,33.0,0.09999999999999998
8346,48.0,0.09999999999999998
8347,19.0,0.09999999999999998
8348,-7.0,0.09999999999999998
8349,18.0,0.09999999999999998
8350,30.0,0.09999999999999998
8351,31.0,0.09999999999999998
8352,13.0,0.09999999999999998
8353,-2.0,0.09999999999999998
8354,36.0,0.09999999999999998
8355,10.0,0.09999999999999998
8356,15.0,0.09999999999999998
8357,15.0,0.09999999999999998
8358,13.0,0.09999999999999998
8359,23.0,0.09999999999999998
8360,27.0,0.09999999999999998
8361,41.0,0.09999999999999998
8362,41.0,0.09999999999999998
8363,4.0,0.09999999999999998
8364,3.0,0.09999999999999998
8365,26.0,0.09999999999999998
8366,29.0,0.09999999999999998
8367,11.0,0.09999999999999998
8368,35.0,0.09999999999999998
8369,29.0,0.09999999999999998
8370,39.0,0.09999999999999998
8371,14.0,0.09999999999999998
8372,-6.0,0.09999999999999998
8373,12.0,0.09999999999999998
8374,44.0,0.09999999999999998
8375,-10.0,0.09999999999999998
8376,13.0,0.09999999999999998
8377,40.0,0.09999999999999998
8378,9.0,0.09999999999999998
8379,37.0,0.09999999999999998
8380,23.0,0.09999999999999998
8381,24.0,0.09999999999999998
8382,34.0,0.09999999999999998
8383,12.0,0.09999999999999998
8384,48.0,0.09999999999999998
8385,14.0,0.09999999999999998
8386,31.0,0.09999999999999998
8387,22.0,0.09999999999999998
8388,12.0,0.09999999999999998
8389,8.0,0.09999999999999998
8390,16.0,0.09999999999999998
8391,19.0,0.09999999999999998
8392,20.0,0.09999999999999998
8393,19.0,0.09999999999999998
8394,12.0,0.09999999999999998
8395,47.0,0.09999999999999998
8396,4.0,0.09999999999999998
8397,12.0,0.09999999999999998
8398,40.0,0.09999999999999998
8399,46.0,0.09999999999999998
8400,7.0,0.09999999999999998
8401,30.0,0.09999999999999998
8402,16.0,0.09999999999999998
8403,3.0,0.09999999999999998
8404,28.0,0.09999999999999998
8405,31.0,0.09999999999999998
8406,24.0,0.09999999999999998
8407,10.0,0.09999999999999998
8408,3.0,0.09999999999999998
8409,25.0,0.09999999999999998
8410,14.0,0.09999999999999998
8411,42.0,0.09999999999999998
8412,53.0,0.09999999999999998
8413,16.0,0.09999999999999998
8414,41.0,0.09999999999999998
8415,44.0,0.09999999999999998
8416,63.0,0.09999999999999998
8417,11.0,0.09999999999999998
8418,-2.0,0.09999999999999998
8419,19.0,0.09999999999999998
8420,21.0,0.09999999999999998
8421,22.0,0.09999999999999998
8422,15.0,0.09999999999999998
8423,46.0,0.09999999999999998
8424,0.0,0.09999999999999998
8425,33.0,0.09999999999999998
8426,15.0,0.09999999999999998
8427,14.0,0.09999999999999998
8428,8.0,0.09999999999999998
8429,16.0,0.09999999999999998
8430,15.0,0.09999999999999998
8431,25.0,0.09999999999999998
8432,20.0,0.09999999999999998
8433,33.0,0.09999999999999998
8434,-16.0,0.09999999999999998
8435,34.0,0.09999999999999998
8436,31.0,0.09999999999999998
8437,9.0,0.09999999999999998
8438,12.0,0.09999999999999998
8439,-4.0,0.09999999999999998
8440,22.0,0.09999999999999998
8441,31.0,0.09999999999999998
8442,48.0,0.09999999999999998
8443,10.0,0.09999999999999998
8444,46.0,0.09999999999999998
8445,-12.0,0.09999999999999998
8446,21.0,0.09999999999999998
8447,34.0,0.09999999999999998
8448,33.0,0.09999999999999998
8449,25.0,0.09999999999999998
8450,7.0,0.09999999999999998
8451,25.0,0.09999999999999998
8452,37.0,0.09999999999999998
8453,19.0,0.09999999999999998
8454,14.0,0.09999999999999998
8455,36.0,0.09999999999999998
8456,0.0,0.09999999999999998
8457,31.0,0.09999999999999998
8458,40.0,0.09999999999999998
8459,34.0,0.09999999999999998
8460,28.0,0.09999999999999998
8461,23.0,0.09999999999999998
8462,28.0,0.09999999999999998
8463,1.0,0.09999999999999998
8464,4.0,0.09999999999999998
8465,7.0,0.09999999999999998
8466,14.0,0.09999999999999998
8467,-3.0,0.09999999999999998
8468,41.0,0.09999999999999998
8469,22.0,0.09999999999999998
8470,-23.0,0.09999999999999998
8471,17.0,0.09999999999999998
8472,24.0,0.09999999999999998
8473,30.0,0.09999999999999998
8474,26.0,0.09999999999999998
8475,10.0,0.09999999999999998
8476,35.0,0.09999999999999998
8477,5.0,0.09999999999999998
8478,17.0,0.09999999999999998
8479,43.0,0.09999999999999998
8480,31.0,0.09999999999999998
8481,-1.0,0.09999999999999998
8482,-7.0,0.09999999999999998
8483,48.0,0.09999999999999998
8484,30.0,0.09999999999999998
8485,27.0,0.09999999999999998
8486,37.0,0.09999999999999998
8487,37.0,0.09999999999999998
8488,-7.0,0.09999999999999998
8489,24.0,0.09999999999999998
8490,7.0,0.09999999999999998
8491,-1.0,0.09999999999999998
8492,25.0,0.09999999999999998
8493,34.0,0.09999999999999998
8494,27.0,0.09999999999999998
8495,-14.0,0.09999999999999998
8496,29.0,0.09999999999999998
8497,24.0,0.09999999999999998
8498,10.0,0.09999999999999998
8499,14.0,0.09999999999999998
8500,40.0,0.09999999999999998
8501,34.0,0.09999999999999998
8502,30.0,0.09999999999999998
8503,19.0,0.09999999999999998
8504,10.0,0.09999999999999998
8505,29.0,0.09999999999999998
8506,46.0,0.09999999999999998
8507,45.0,0.09999999999999998
8508,17.0,0.09999999999999998
8509,50.0,0.09999999999999998
8510,-10.0,0.09999999999999998
8511,1.0,0.09999999999999998
8512,35.0,0.09999999999999998
8513,27.0,0.09999999999999998
8514,23.0,0.09999999999999998
8515,0.0,0.09999999999999998
8516,22.0,0.09999999999999998
8517,12.0,0.09999999999999998
8518,36.0,0.09999999999999998
8519,-12.0,0.09999999999999998
8520,51.0,0.09999999999999998
8521,31.0,0.09999999999999998
8522,22.0,0.09999999999999998
8523,16.0,0.09999999999999998
8524,21.0,0.09999999999999998
8525,4.0,0.09999999999999998
8526,16.0,0.09999999999999998
8527,31.0,0.09999999999999998
8528,33.0,0.09999999999999998
8529,22.0,0.09999999999999998
8530,15.0,0.09999999999999998
8531,22.0,0.09999999999999998
8532,14.0,0.09999999999999998
8533,40.0,0.09999999999999998
8534,32.0,0.09999999999999998
8535,18.0,0.09999999999999998
8536,62.0,0.09999999999999998
8537,-27.0,0.09999999999999998
8538,0.0,0.09999999999999998
8539,29.0,0.09999999999999998
8540,36.0,0.09999999999999998
8541,16.0,0.09999999999999998
8542,12.0,0.09999999999999998
8543,6.0,0.09999999999999998
8544,29.0,0.09999999999999998
8545,11.0,0.09999999999999998
8546,12.0,0.09999999999999998
8547,43.0,0.09999999999999998
8548,18.0,0.09999999999999998
8549,-6.0,0.09999999999999998
8550,0.0,0.09999999999999998
8551,27.0,0.09999999999999998
8552,2.0,0.09999999999999998
8553,17.0,0.09999999999999998
8554,-2.0,0.09999999999999998
8555,16.0,0.09999999999999998
8556,31.0,0.09999999999999998
8557,14.0,0.09999999999999998
8558,31.0,0.09999999999999998
8559,8.0,0.09999999999999998
8560,1.0,0.09999999999999998
8561,27.0,0.09999999999999998
8562,21.0,0.09999999999999998
8563,16.0,0.09999999999999998
8564,14.0,0.09999999999999998
8565,12.0,0.09999999999999998
8566,29.0,0.09999999999999998
8567,24.0,0.09999999999999998
8568,12.0,0.09999999999999998
8569,16.0,0.09999999999999998
8570,22.0,0.09999999999999998
8571,-5.0,0.09999999999999998
8572,22.0,0.09999999999999998
8573,37.0,0.09999999999999998
8574,10.0,0.09999999999999998
8575,19.0,0.09999999999999998
8576,41.0,0.09999999999999998
8577,30.0,0.09999999999999998
8578,12.0,0.09999999999999998
8579,20.0,0.09999999999999998
8580,6.0,0.09999999999999998
8581,32.0,0.09999999999999998
8582,12.0,0.09999999999999998
8583,20.0,0.09999999999999998
8584,33.0,0.09999999999999998
8585,44.0,0.09999999999999998
8586,15.0,0.09999999999999998
8587,6.0,0.09999999999999998
8588,50.0,0.09999999999999998
8589,36.0,0.09999999999999998
8590,18.0,0.09999999999999998
8591,13.0,0.09999999999999998
8592,35.0,0.09999999999999998
8593,32.0,0.09999999999999998
8594,30.0,0.09999999999999998
8595,43.0,0.09999999999999998
8596,47.0,0.09999999999999998
8597,4.0,0.09999999999999998
8598,31.0,0.09999999999999998
8599,21.0,0.09999999999999998
8600,23.0,0.09999999999999998
8601,37.0,0.09999999999999998
8602,9.0,0.09999999999999998
8603,22.0,0.09999999999999998
8604,-1.0,0.09999999999999998
8605,27.0,0.09999999999999998
8606,5.0,0.09999999999999998
8607,5.0,0.09999999999999998
8608,22.0,0.09999999999999998
8609,5.0,0.09999999999999998
8610,20.0,0.09999999999999998
8611,20.0,0.09999999999999998
8612,21.0,0.09999999999999998
8613,21.0,0.09999999999999998
8614,9.0,0.09999999999999998
8615,37.0,0.09999999999999998
8616,26.0,0.09999999999999998
8617,35.0,0.09999999999999998
8618,4.0,0.09999999999999998
8619,14.0,0.09999999999999998
8620,2.0,0.09999999999999998
8621,11.0,0.09999999999999998
8622,45.0,0.09999999999999998
8623,31.0,0.09999999999999998
8624,-7.0,0.09999999999999998
8625,12.0,0.09999999999999998
8626,35.0,0.09999999999999998
8627,9.0,0.09999999999999998
8628,5.0,0.09999999999999998
8629,12.0,0.09999999999999998
8630,13.0,0.09999999999999998
8631,10.0,0.09999999999999998
8632,4.0,0.09999999999999998
8633,29.0,0.09999999999999998
8634,-8.0,0.09999999999999998
8635,32.0,0.09999999999999998
8636,-6.0,0.09999999999999998
8637,12.0,0.09999999999999998
8638,30.0,0.09999999999999998
8639,43.0,0.09999999999999998
8640,19.0,0.09999999999999998
8641,1.0,0.09999999999999998
8642,22.0,0.09999999999999998
8643,22.0,0.09999999999999998
8644,26.0,0.09999999999999998
8645,-2.0,0.09999999999999998
8646,22.0,0.09999999999999998
8647,6.0,0.09999999999999998
8648,6.0,0.09999999999999998
8649,0.0,0.09999999999999998
8650,15.0,0.09999999999999998
8651,-2.0,0.09999999999999998
8652,11.0,0.09999999999999998
8653,-6.0,0.09999999999999998
8654,27.0,0.09999999999999998
8655,18.0,0.09999999999999998
8656,16.0,0.09999999999999998
8657,17.0,0.09999999999999998
8658,-9.0,0.09999999999999998
8659,-6.0,0.09999999999999998
8660,16.0,0.09999999999999998
8661,-13.0,0.09999999999999998
8662,9.0,0.09999999999999998
8663,26.0,0.09999999999999998
8664,11.0,0.09999999999999998
8665,20.0,0.09999999999999998
8666,1.0,0.09999999999999998
8667,9.0,0.09999999999999998
8668,-5.0,0.09999999999999998
8669,7.0,0.09999999999999998
8670,2.0,0.09999999999999998
8671,-1.0,0.09999999999999998
8672,1.0,0.09999999999999998
8673,28.0,0.09999999999999998
8674,-4.0,0.09999999999999998
8675,2.0,0.09999999999999998
8676,1.0,0.09999999999999998
8677,2.0,0.09999999999999998
8678,-2.0,0.09999999999999998
8679,-15.0,0.09999999999999998
8680,-4.0,0.09999999999999998
8681,4.0,0.09999999999999998
8682,-1.0,0.09999999999999998
8683,9.0,0.09999999999999998
8684,4.0,0.09999999999999998
8685,1.0,0.09999999999999998
8686,0.0,0.09999999999999998
8687,-6.0,0.09999999999999998
8688,27.0,0.09999999999999998
8689,14.0,0.09999999999999998
8690,-4.0,0.09999999999999998
8691,13.0,0.09999999999999998
8692,22.0,0.09999999999999998
8693,16.0,0.09999999999999998
8694,7.0,0.09999999999999998
8695,14.0,0.09999999999999998
8696,4.0,0.09999999999999998
8697,24.0,0.09999999999999998
8698,25.0,0.09999999999999998
8699,3.0,0.09999999999999998
8700,23.0,0.09999999999999998
8701,21.0,0.09999999999999998
8702,19.0,0.09999999999999998
8703,41.0,0.09999999999999998
8704,-8.0,0.09999999999999998
8705,-5.0,0.09999999999999998
8706,-2.0,0.09999999999999998
8707,20.0,0.09999999999999998
8708,10.0,0.09999999999999998
8709,9.0,0.09999999999999998
8710,10.0,0.09999999999999998
8711,2.0,0.09999999999999998
8712,9.0,0.09999999999999998
8713,7.0,0.09999999999999998
8714,-4.0,0.09999999999999998
8715,-1.0,0.09999999999999998
8716,3.0,0.09999999999999998
8717,-31.0,0.09999999999999998
8718,-9.0,0.09999999999999998
8719,6.0,0.09999999999999998
8720,23.0,0.09999999999999998
8721,4.0,0.09999999999999998
8722,-2.0,0.09999999999999998
8723,40.0,0.09999999999999998
8724,10.0,0.09999999999999998
8725,-2.0,0.09999999999999998
8726,13.0,0.09999999999999998
8727,2.0,0.09999999999999998
8728,9.0,0.09999999999999998
8729,18.0,0.09999999999999998
8730,11.0,0.09999999999999998
8731,-5.0,0.09999999999999998
8732,12.0,0.09999999999999998
8733,13.0,0.09999999999999998
8734,16.0,0.09999999999999998
8735,-8.0,0.09999999999999998
8736,25.0,0.09999999999999998
8737,18.0,0.09999999999999998
8738,32.0,0.09999999999999998
8739,0.0,0.09999999999999998
8740,7.0,0.09999999999999998
8741,31.0,0.09999999999999998
8742,19.0,0.09999999999999998
8743,7.0,0.09999999999999998
8744,1.0,0.09999999999999998
8745,0.0,0.09999999999999998
8746,6.0,0.09999999999999998
8747,-5.0,0.09999999999999998
8748,3.0,0.09999999999999998
8749,-4.0,0.09999999999999998
8750,7.0,0.09999999999999998
8751,3.0,0.09999999999999998
8752,2.0,0.09999999999999998
8753,0.0,0.09999999999999998
8754,-1.0,0.09999999999999998
8755,-5.0,0.09999999999999998
8756,-15.0,0.09999999999999998
8757,26.0,0.09999999999999998
8758,-9.0,0.09999999999999998
8759,-13.0,0.09999999999999998
8760,4.0,0.09999999999999998
8761,27.0,0.09999999999999998
8762,-17.0,0.09999999999999998
8763,-1.0,0.09999999999999998
8764,13.0,0.09999999999999998
8765,9.0,0.09999999999999998
8766,-5.0,0.09999999999999998
8767,14.0,0.09999999999999998
8768,-28.0,0.09999999999999998
8769,24.0,0.09999999999999998
8770,-9.0,0.09999999999999998
8771,-5.0,0.09999999999999998
8772,-3.0,0.09999999999999998
8773,21.0,0.09999999999999998
8774,-11.0,0.09999999999999998
8775,7.0,0.09999999999999998
8776,17.0,0.09999999999999998
8777,14.0,0.09999999999999998
8778,10.0,0.09999999999999998
8779,6.0,0.09999999999999998
8780,-10.0,0.09999999999999998
8781,7.0,0.09999999999999998
8782,13.0,0.09999999999999998
8783,1.0,0.09999999999999998
8784,-3.0,0.09999999999999998
8785,-1.0,0.09999999999999998
8786,3.0,0.09999999999999998
8787,9.0,0.09999999999999998
8788,-14.0,0.09999999999999998
8789,24.0,0.09999999999999998
8790,1.0,0.09999999999999998
8791,18.0,0.09999999999999998
8792,4.0,0.09999999999999998
8793,43.0,0.09999999999999998
8794,1.0,0.09999999999999998
8795,33.0,0.09999999999999998
8796,-3.0,0.09999999999999998
8797,17.0,0.09999999999999998
8798,23.0,0.09999999999999998
8799,-12.0,0.09999999999999998
8800,3.0,0.09999999999999998
8801,4.0,0.09999999999999998
8802,23.0,0.09999999999999998
8803,4.0,0.09999999999999998
8804,-6.0,0.09999999999999998
8805,6.0,0.09999999999999998
8806,-1.0,0.09999999999999998
8807,13.0,0.09999999999999998
8808,16.0,0.09999999999999998
8809,23.0,0.09999999999999998
8810,34.0,0.09999999999999998
8811,30.0,0.09999999999999998
8812,-9.0,0.09999999999999998
8813,24.0,0.09999999999999998
8814,18.0,0.09999999999999998
8815,-26.0,0.09999999999999998
8816,-15.0,0.09999999999999998
8817,-4.0,0.09999999999999998
8818,12.0,0.09999999999999998
8819,3.0,0.09999999999999998
8820,4.0,0.09999999999999998
8821,3.0,0.09999999999999998
8822,19.0,0.09999999999999998
8823,15.0,0.09999999999999998
8824,3.0,0.09999999999999998
8825,9.0,0.09999999999999998
8826,0.0,0.09999999999999998
8827,15.0,0.09999999999999998
8828,3.0,0.09999999999999998
8829,4.0,0.09999999999999998
8830,0.0,0.09999999999999998
8831,-7.0,0.09999999999999998
8832,-4.0,0.09999999999999998
8833,7.0,0.09999999999999998
8834,2.0,0.09999999999999998
8835,-4.0,0.09999999999999998
8836,12.0,0.09999999999999998
8837,-13.0,0.09999999999999998
8838,-8.0,0.09999999999999998
8839,-1.0,0.09999999999999998
8840,2.0,0.09999999999999998
8841,-15.0,0.09999999999999998
8842,20.0,0.09999999999999998
8843,10.0,0.09999999999999998
8844,-1.0,0.09999999999999998
8845,-5.0,0.09999999999999998
8846,7.0,0.09999999999999998
8847,-3.0,0.09999999999999998
8848,1.0,0.09999999999999998
8849,-2.0,0.09999999999999998
8850,2.0,0.09999999999999998
8851,-5.0,0.09999999999999998
8852,-13.0,0.09999999999999998
8853,6.0,0.09999999999999998
8854,-15.0,0.09999999999999998
8855,-12.0,0.09999999999999998
8856,2.0,0.09999999999999998
8857,15.0,0.09999999999999998
8858,-13.0,0.09999999999999998
8859,-9.0,0.09999999999999998
8860,-8.0,0.09999999999999998
8861,4.0,0.09999999999999998
8862,-4.0,0.09999999999999998
8863,0.0,0.09999999999999998
8864,14.0,0.09999999999999998
8865,-3.0,0.09999999999999998
8866,-9.0,0.09999999999999998
8867,-4.0,0.09999999999999998
8868,13.0,0.09999999999999998
8869,9.0,0.09999999999999998
8870,-1.0,0.09999999999999998
8871,-11.0,0.09999999999999998
8872,18.0,0.09999999999999998
8873,-2.0,0.09999999999999998
8874,7.0,0.09999999999999998
8875,8.0,0.09999999999999998
8876,12.0,0.09999999999999998
8877,3.0,0.09999999999999998
8878,16.0,0.09999999999999998
8879,-3.0,0.09999999999999998
8880,0.0,0.09999999999999998
8881,14.0,0.09999999999999998
8882,-14.0,0.09999999999999998
8883,9.0,0.09999999999999998
8884,-12.0,0.09999999999999998
8885,8.0,0.09999999999999998
8886,28.0,0.09999999999999998
8887,6.0,0.09999999999999998
8888,-2.0,0.09999999999999998
8889,3.0,0.09999999999999998
8890,-5.0,0.09999999999999998
8891,28.0,0.09999999999999998
8892,8.0,0.09999999999999998
8893,-4.0,0.09999999999999998
8894,17.0,0.09999999999999998
8895,10.0,0.09999999999999998
8896,-16.0,0.09999999999999998
8897,7.0,0.09999999999999998
8898,6.0,0.09999999999999998
8899,-1.0,0.09999999999999998
8900,-3.0,0.09999999999999998
8901,26.0,0.09999999999999998
8902,-1.0,0.09999999999999998
8903,28.0,0.09999999999999998
8904,20.0,0.09999999999999998
8905,10.0,0.09999999999999998
8906,0.0,0.09999999999999998
8907,-7.0,0.09999999999999998
8908,11.0,0.09999999999999998
8909,16.0,0.09999999999999998
8910,13.0,0.09999999999999998
8911,1.0,0.09999999999999998
8912,15.0,0.09999999999999998
8913,-8.0,0.09999999999999998
8914,-5.0,0.09999999999999998
8915,-8.0,0.09999999999999998
8916,-4.0,0.09999999999999998
8917,-1.0,0.09999999999999998
8918,3.0,0.09999999999999998
8919,1.0,0.09999999999999998
8920,0.0,0.09999999999999998
8921,-3.0,0.09999999999999998
8922,1.0,0.09999999999999998
8923,1.0,0.09999999999999998
8924,5.0,0.09999999999999998
8925,-3.0,0.09999999999999998
8926,-17.0,0.09999999999999998
8927,2.0,0.09999999999999998
8928,-7.0,0.09999999999999998
8929,14.0,0.09999999999999998
8930,7.0,0.09999999999999998
8931,1.0,0.09999999999999998
8932,7.0,0.09999999999999998
8933,-7.0,0.09999999999999998
8934,19.0,0.09999999999999998
8935,-13.0,0.09999999999999998
8936,-6.0,0.09999999999999998
8937,4.0,0.09999999999999998
8938,12.0,0.09999999999999998
8939,13.0,0.09999999999999998
8940,-4.0,0.09999999999999998
8941,35.0,0.09999999999999998
8942,11.0,0.09999999999999998
8943,12.0,0.09999999999999998
8944,-5.0,0.09999999999999998
8945,-3.0,0.09999999999999998
8946,0.0,0.09999999999999998
8947,9.0,0.09999999999999998
8948,-1.0,0.09999999999999998
8949,-12.0,0.09999999999999998
8950,-3.0,0.09999999999999998
8951,-4.0,0.09999999999999998
8952,1.0,0.09999999999999998
8953,14.0,0.09999999999999998
8954,-7.0,0.09999999999999998
8955,-5.0,0.09999999999999998
8956,-13.0,0.09999999999999998
8957,0.0,0.09999999999999998
8958,-5.0,0.09999999999999998
8959,4.0,0.09999999999999998
8960,2.0,0.09999999999999998
8961,5.0,0.09999999999999998
8962,5.0,0.09999999999999998
8963,16.0,0.09999999999999998
8964,-1.0,0.09999999999999998
8965,6.0,0.09999999999999998
8966,12.0,0.09999999999999998
8967,8.0,0.09999999999999998
8968,-3.0,0.09999999999999998
8969,-6.0,0.09999999999999998
8970,34.0,0.09999999999999998
8971,-2.0,0.09999999999999998
8972,-12.0,0.09999999999999998
8973,6.0,0.09999999999999998
8974,2.0,0.09999999999999998
8975,8.0,0.09999999999999998
8976,-4.0,0.09999999999999998
8977,-1.0,0.09999999999999998
8978,7.0,0.09999999999999998
8979,15.0,0.09999999999999998
8980,2.0,0.09999999999999998
8981,-4.0,0.09999999999999998
8982,17.0,0.09999999999999998
8983,4.0,0.09999999999999998
8984,3.0,0.09999999999999998
8985,-7.0,0.09999999999999998
8986,4.0,0.09999999999999998
8987,3.0,0.09999999999999998
8988,2.0,0.09999999999999998
8989,8.0,0.09999999999999998
8990,-9.0,0.09999999999999998
8991,-7.0,0.09999999999999998
8992,1.0,0.09999999999999998
8993,8.0,0.09999999999999998
8994,2.0,0.09999999999999998
8995,6.0,0.09999999999999998
8996,-11.0,0.09999999999999998
8997,7.0,0.09999999999999998
8998,-10.0,0.09999999999999998
8999,2.0,0.09999999999999998
9000,-2.0,0.09999999999999998
9001,1.0,0.09999999999999998
9002,-8.0,0.09999999999999998
9003,-2.0,0.09999999999999998
9004,-6.0,0.09999999999999998
9005,-17.0,0.09999999999999998
9006,11.0,0.09999999999999998
9007,-12.0,0.09999999999999998
9008,-2.0,0.09999999999999998
9009,8.0,0.09999999999999998
9010,11.0,0.09999999999999998
9011,-7.0,0.09999999999999998
9012,-1.0,0.09999999999999998
9013,8.0,0.09999999999999998
9014,-9.0,0.09999999999999998
9015,22.0,0.09999999999999998
9016,-13.0,0.09999999999999998
9017,3.0,0.09999999999999998
9018,17.0,0.09999999999999998
9019,8.0,0.09999999999999998
9020,-2.0,0.09999999999999998
9021,27.0,0.09999999999999998
9022,1.0,0.09999999999999998
9023,8.0,0.09999999999999998
9024,11.0,0.09999999999999998
9025,17.0,0.09999999999999998
9026,22.0,0.09999999999999998
9027,7.0,0.09999999999999998
9028,5.0,0.09999999999999998
9029,-9.0,0.09999999999999998
9030,-4.0,0.09999999999999998
9031,-6.0,0.09999999999999998
9032,2.0,0.09999999999999998
9033,17.0,0.09999999999999998
9034,41.0,0.09999999999999998
9035,6.0,0.09999999999999998
9036,21.0,0.09999999999999998
9037,1.0,0.09999999999999998
9038,23.0,0.09999999999999998
9039,-5.0,0.09999999999999998
9040,27.0,0.09999999999999998
9041,-6.0,0.09999999999999998
9042,-1.0,0.09999999999999998
9043,4.0,0.09999999999999998
9044,30.0,0.09999999999999998
9045,-9.0,0.09999999999999998
9046,0.0,0.09999999999999998
9047,-6.0,0.09999999999999998
9048,0.0,0.09999999999999998
9049,2.0,0.09999999999999998
9050,0.0,0.09999999999999998
9051,-7.0,0.09999999999999998
9052,6.0,0.09999999999999998
9053,23.0,0.09999999999999998
9054,2.0,0.09999999999999998
9055,13.0,0.09999999999999998
9056,3.0,0.09999999999999998
9057,41.0,0.09999999999999998
9058,-3.0,0.09999999999999998
9059,0.0,0.09999999999999998
9060,4.0,0.09999999999999998
9061,6.0,0.09999999999999998
9062,12.0,0.09999999999999998
9063,23.0,0.09999999999999998
9064,13.0,0.09999999999999998
9065,29.0,0.09999999999999998
9066,-3.0,0.09999999999999998
9067,17.0,0.09999999999999998
9068,32.0,0.09999999999999998
9069,5.0,0.09999999999999998
9070,19.0,0.09999999999999998
9071,4.0,0.09999999999999998
9072,18.0,0.09999999999999998
9073,5.0,0.09999999999999998
9074,9.0,0.09999999999999998
9075,29.0,0.09999999999999998
9076,4.0,0.09999999999999998
9077,37.0,0.09999999999999998
9078,1.0,0.09999999999999998
9079,22.0,0.09999999999999998
9080,7.0,0.09999999999999998
9081,15.0,0.09999999999999998
9082,-8.0,0.09999999999999998
9083,2.0,0.09999999999999998
9084,21.0,0.09999999999999998
9085,38.0,0.09999999999999998
9086,8.0,0.09999999999999998
9087,-7.0,0.09999999999999998
9088,29.0,0.09999999999999998
9089,-4.0,0.09999999999999998
9090,43.0,0.09999999999999998
9091,26.0,0.09999999999999998
9092,9.0,0.09999999999999998
9093,15.0,0.09999999999999998
9094,29.0,0.09999999999999998
9095,3.0,0.09999999999999998
9096,12.0,0.09999999999999998
9097,2.0,0.09999999999999998
9098,1.0,0.09999999999999998
9099,30.0,0.09999999999999998
9100,-2.0,0.09999999999999998
9101,16.0,0.09999999999999998
9102,24.0,0.09999999999999998
9103,43.0,0.09999999999999998
9104,32.0,0.09999999999999998
9105,24.0,0.09999999999999998
9106,22.0,0.09999999999999998
9107,20.0,0.09999999999999998
9108,41.0,0.09999999999999998
9109,20.0,0.09999999999999998
9110,15.0,0.09999999999999998
9111,5.0,0.09999999999999998
9112,31.0,0.09999999999999998
9113,37.0,0.09999999999999998
9114,11.0,0.09999999999999998
9115,26.0,0.09999999999999998
9116,24.0,0.09999999999999998
9117,13.0,0.09999999999999998
9118,8.0,0.09999999999999998
9119,23.0,0.09999999999999998
9120,15.0,0.09999999999999998
9121,10.0,0.09999999999999998
9122,-1.0,0.09999999999999998
9123,14.0,0.09999999999999998
9124,9.0,0.09999999999999998
9125,10.0,0.09999999999999998
9126,15.0,0.09999999999999998
9127,37.0,0.09999999999999998
9128,-3.0,0.09999999999999998
9129,6.0,0.09999999999999998
9130,27.0,0.09999999999999998
9131,37.0,0.09999999999999998
9132,4.0,0.09999999999999998
9133,12.0,0.09999999999999998
9134,29.0,0.09999999999999998
9135,-11.0,0.09999999999999998
9136,16.0,0.09999999999999998
9137,36.0,0.09999999999999998
9138,15.0,0.09999999999999998
9139,1.0,0.09999999999999998
9140,28.0,0.09999999999999998
9141,3.0,0.09999999999999998
9142,11.0,0.09999999999999998
9143,11.0,0.09999999999999998
9144,47.0,0.09999999999999998
9145,0.0,0.09999999999999998
9146,34.0,0.09999999999999998
9147,6.0,0.09999999999999998
9148,-2.0,0.09999999999999998
9149,8.0,0.09999999999999998
9150,19.0,0.09999999999999998
9151,-4.0,0.09999999999999998
9152,42.0,0.09999999999999998
9153,19.0,0.09999999999999998
9154,-11.0,0.09999999999999998
9155,7.0,0.09999999999999998
9156,13.0,0.09999999999999998
9157,28.0,0.09999999999999998
9158,14.0,0.09999999999999998
9159,17.0,0.09999999999999998
9160,25.0,0.09999999999999998
9161,9.0,0.09999999999999998
9162,-2.0,0.09999999999999998
9163,13.0,0.09999999999999998
9164,-2.0,0.09999999999999998
9165,27.0,0.09999999999999998
9166,10.0,0.09999999999999998
9167,46.0,0.09999999999999998
9168,20.0,0.09999999999999998
9169,46.0,0.09999999999999998
9170,-11.0,0.09999999999999998
9171,19.0,0.09999999999999998
9172,9.0,0.09999999999999998
9173,42.0,0.09999999999999998
9174,21.0,0.09999999999999998
9175,14.0,0.09999999999999998
9176,13.0,0.09999999999999998
9177,-12.0,0.09999999999999998
9178,14.0,0.09999999999999998
9179,6.0,0.09999999999999998
9180,6.0,0.09999999999999998
9181,4.0,0.09999999999999998
9182,22.0,0.09999999999999998
9183,4.0,0.09999999999999998
9184,30.0,0.09999999999999998
9185,8.0,0.09999999999999998
9186,11.0,0.09999999999999998
9187,4.0,0.09999999999999998
9188,10.0,0.09999999999999998
9189,4.0,0.09999999999999998
9190,8.0,0.09999999999999998
9191,12.0,0.09999999999999998
9192,6.0,0.09999999999999998
9193,5.0,0.09999999999999998
9194,6.0,0.09999999999999998
9195,29.0,0.09999999999999998
9196,8.0,0.09999999999999998
9197,18.0,0.09999999999999998
9198,-5.0,0.09999999999999998
9199,21.0,0.09999999999999998
9200,0.0,0.09999999999999998
9201,5.0,0.09999999999999998
9202,1.0,0.09999999999999998
9203,13.0,0.09999999999999998
9204,11.0,0.09999999999999998
9205,15.0,0.09999999999999998
9206,3.0,0.09999999999999998
9207,5.0,0.09999999999999998
9208,8.0,0.09999999999999998
9209,14.0,0.09999999999999998
9210,7.0,0.09999999999999998
9211,-1.0,0.09999999999999998
9212,5.0,0.09999999999999998
9213,4.0,0.09999999999999998
9214,20.0,0.09999999999999998
9215,19.0,0.09999999999999998
9216,6.0,0.09999999999999998
9217,4.0,0.09999999999999998
9218,4.0,0.09999999999999998
9219,-9.0,0.09999999999999998
9220,-9.0,0.09999999999999998
9221,-7.0,0.09999999999999998
9222,9.0,0.09999999999999998
9223,-2.0,0.09999999999999998
9224,-10.0,0.09999999999999998
9225,-7.0,0.09999999999999998
9226,5.0,0.09999999999999998
9227,28.0,0.09999999999999998
9228,2.0,0.09999999999999998
9229,2.0,0.09999999999999998
9230,17.0,0.09999999999999998
9231,-6.0,0.09999999999999998
9232,8.0,0.09999999999999998
9233,26.0,0.09999999999999998
9234,3.0,0.09999999999999998
9235,2.0,0.09999999999999998
9236,24.0,0.09999999999999998
9237,-6.0,0.09999999999999998
9238,-2.0,0.09999999999999998
9239,7.0,0.09999999999999998
9240,1.0,0.09999999999999998
9241,15.0,0.09999999999999998
9242,7.0,0.09999999999999998
9243,1.0,0.09999999999999998
9244,0.0,0.09999999999999998
9245,5.0,0.09999999999999998
9246,11.0,0.09999999999999998
9247,2.0,0.09999999999999998
9248,3.0,0.09999999999999998
9249,16.0,0.09999999999999998
9250,30.0,0.09999999999999998
9251,2.0,0.09999999999999998
9252,8.0,0.09999999999999998
9253,-8.0,0.09999999999999998
9254,22.0,0.09999999999999998
9255,9.0,0.09999999999999998
9256,0.0,0.09999999999999998
9257,1.0,0.09999999999999998
9258,1.0,0.09999999999999998
9259,6.0,0.09999999999999998
9260,12.0,0.09999999999999998
9261,2.0,0.09999999999999998
9262,10.0,0.09999999999999998
9263,7.0,0.09999999999999998
9264,-12.0,0.09999999999999998
9265,-1.0,0.09999999999999998
9266,20.0,0.09999999999999998
9267,-1.0,0.09999999999999998
9268,2.0,0.09999999999999998
9269,17.0,0.09999999999999998
9270,8.0,0.09999999999999998
9271,37.0,0.09999999999999998
9272,19.0,0.09999999999999998
9273,8.0,0.09999999999999998
9274,1.0,0.09999999999999998
9275,9.0,0.09999999999999998
9276,10.0,0.09999999999999998
9277,13.0,0.09999999999999998
9278,-15.0,0.09999999999999998
9279,16.0,0.09999999999999998
9280,30.0,0.09999999999999998
9281,17.0,0.09999999999999998
9282,-3.0,0.09999999999999998
9283,-6.0,0.09999999999999998
9284,22.0,0.09999999999999998
9285,1.0,0.09999999999999998
9286,39.0,0.09999999999999998
9287,-1.0,0.09999999999999998
9288,39.0,0.09999999999999998
9289,7.0,0.09999999999999998
9290,12.0,0.09999999999999998
9291,35.0,0.09999999999999998
9292,12.0,0.09999999999999998
9293,41.0,0.09999999999999998
9294,18.0,0.09999999999999998
9295,12.0,0.09999999999999998
9296,0.0,0.09999999999999998
9297,27.0,0.09999999999999998
9298,5.0,0.09999999999999998
9299,10.0,0.09999999999999998
9300,-3.0,0.09999999999999998
9301,0.0,0.09999999999999998
9302,-1.0,0.09999999999999998
9303,16.0,0.09999999999999998
9304,32.0,0.09999999999999998
9305,28.0,0.09999999999999998
9306,20.0,0.09999999999999998
9307,19.0,0.09999999999999998
9308,1.0,0.09999999999999998
9309,-7.0,0.09999999999999998
9310,39.0,0.09999999999999998
9311,6.0,0.09999999999999998
9312,28.0,0.09999999999999998
9313,17.0,0.09999999999999998
9314,-2.0,0.09999999999999998
9315,14.0,0.09999999999999998
9316,-3.0,0.09999999999999998
9317,10.0,0.09999999999999998
9318,8.0,0.09999999999999998
9319,7.0,0.09999999999999998
9320,37.0,0.09999999999999998
9321,9.0,0.09999999999999998
9322,21.0,0.09999999999999998
9323,18.0,0.09999999999999998
9324,13.0,0.09999999999999998
9325,27.0,0.09999999999999998
9326,-1.0,0.09999999999999998
9327,9.0,0.09999999999999998
9328,2.0,0.09999999999999998
9329,5.0,0.09999999999999998
9330,35.0,0.09999999999999998
9331,13.0,0.09999999999999998
9332,12.0,0.09999999999999998
9333,21.0,0.09999999999999998
9334,-6.0,0.09999999999999998
9335,27.0,0.09999999999999998
9336,20.0,0.09999999999999998
9337,23.0,0.09999999999999998
9338,6.0,0.09999999999999998
9339,21.0,0.09999999999999998
9340,17.0,0.09999999999999998
9341,13.0,0.09999999999999998
9342,0.0,0.09999999999999998
9343,19.0,0.09999999999999998
9344,6.0,0.09999999999999998
9345,22.0,0.09999999999999998
9346,39.0,0.09999999999999998
9347,19.0,0.09999999999999998
9348,14.0,0.09999999999999998
9349,-8.0,0.09999999999999998
9350,9.0,0.09999999999999998
9351,20.0,0.09999999999999998
9352,39.0,0.09999999999999998
9353,-5.0,0.09999999999999998
9354,24.0,0.09999999999999998
9355,14.0,0.09999999999999998
9356,3.0,0.09999999999999998
9357,37.0,0.09999999999999998
9358,-1.0,0.09999999999999998
9359,2.0,0.09999999999999998
9360,9.0,0.09999999999999998
9361,34.0,0.09999999999999998
9362,36.0,0.09999999999999998
9363,20.0,0.09999999999999998
9364,13.0,0.09999999999999998
9365,3.0,0.09999999999999998
9366,-6.0,0.09999999999999998
9367,11.0,0.09999999999999998
9368,16.0,0.09999999999999998
9369,32.0,0.09999999999999998
9370,21.0,0.09999999999999998
9371,10.0,0.09999999999999998
9372,-1.0,0.09999999999999998
9373,3.0,0.09999999999999998
9374,10.0,0.09999999999999998
9375,27.0,0.09999999999999998
9376,15.0,0.09999999999999998
9377,22.0,0.09999999999999998
9378,24.0,0.09999999999999998
9379,-8.0,0.09999999999999998
9380,-9.0,0.09999999999999998
9381,2.0,0.09999999999999998
9382,16.0,0.09999999999999998
9383,26.0,0.09999999999999998
9384,18.0,0.09999999999999998
9385,22.0,0.09999999999999998
9386,-2.0,0.09999999999999998
9387,19.0,0.09999999999999998
9388,27.0,0.09999999999999998
9389,5.0,0.09999999999999998
9390,3.0,0.09999999999999998
9391,40.0,0.09999999999999998
9392,30.0,0.09999999999999998
9393,23.0,0.09999999999999998
9394,2.0,0.09999999999999998
9395,16.0,0.09999999999999998
9396,45.0,0.09999999999999998
9397,24.0,0.09999999999999998
9398,34.0,0.09999999999999998
9399,34.0,0.09999999999999998
9400,25.0,0.09999999999999998
9401,19.0,0.09999999999999998
9402,5.0,0.09999999999999998
9403,20.0,0.09999999999999998
9404,38.0,0.09999999999999998
9405,13.0,0.09999999999999998
9406,27.0,0.09999999999999998
9407,35.0,0.09999999999999998
9408,8.0,0.09999999999999998
9409,38.0,0.09999999999999998
9410,30.0,0.09999999999999998
9411,14.0,0.09999999999999998
9412,-1.0,0.09999999999999998
9413,24.0,0.09999999999999998
9414,5.0,0.09999999999999998
9415,24.0,0.09999999999999998
9416,7.0,0.09999999999999998
9417,13.0,0.09999999999999998
9418,16.0,0.09999999999999998
9419,33.0,0.09999999999999998
9420,13.0,0.09999999999999998
9421,-7.0,0.09999999999999998
9422,9.0,0.09999999999999998
9423,16.0,0.09999999999999998
9424,13.0,0.09999999999999998
9425,16.0,0.09999999999999998
9426,6.0,0.09999999999999998
9427,47.0,0.09999999999999998
9428,17.0,0.09999999999999998
9429,18.0,0.09999999999999998
9430,0.0,0.09999999999999998
9431,30.0,0.09999999999999998
9432,-21.0,0.09999999999999998
9433,40.0,0.09999999999999998
9434,5.0,0.09999999999999998
9435,41.0,0.09999999999999998
9436,14.0,0.09999999999999998
9437,-2.0,0.09999999999999998
9438,19.0,0.09999999999999998
9439,7.0,0.09999999999999998
9440,30.0,0.09999999999999998
9441,34.0,0.09999999999999998
9442,11.0,0.09999999999999998
9443,9.0,0.09999999999999998
9444,11.0,0.09999999999999998
9445,-1.0,0.09999999999999998
9446,1.0,0.09999999999999998
9447,22.0,0.09999999999999998
9448,34.0,0.09999999999999998
9449,17.0,0.09999999999999998
9450,14.0,0.09999999999999998
9451,21.0,0.09999999999999998
9452,-1.0,0.09999999999999998
9453,14.0,0.09999999999999998
9454,24.0,0.09999999999999998
9455,2.0,0.09999999999999998
9456,11.0,0.09999999999999998
9457,21.0,0.09999999999999998
9458,8.0,0.09999999999999998
9459,26.0,0.09999999999999998
9460,-3.0,0.09999999999999998
9461,21.0,0.09999999999999998
9462,12.0,0.09999999999999998
9463,21.0,0.09999999999999998
9464,30.0,0.09999999999999998
9465,6.0,0.09999999999999998
9466,-3.0,0.09999999999999998
9467,9.0,0.09999999999999998
9468,44.0,0.09999999999999998
9469,-15.0,0.09999999999999998
9470,8.0,0.09999999999999998
9471,-1.0,0.09999999999999998
9472,37.0,0.09999999999999998
9473,44.0,0.09999999999999998
9474,14.0,0.09999999999999998
9475,6.0,0.09999999999999998
9476,17.0,0.09999999999999998
9477,26.0,0.09999999999999998
9478,12.0,0.09999999999999998
9479,7.0,0.09999999999999998
9480,20.0,0.09999999999999998
9481,43.0,0.09999999999999998
9482,36.0,0.09999999999999998
9483,8.0,0.09999999999999998
9484,36.0,0.09999999999999998
9485,12.0,0.09999999999999998
9486,6.0,0.09999999999999998
9487,14.0,0.09999999999999998
9488,22.0,0.09999999999999998
9489,17.0,0.09999999999999998
9490,-4.0,0.09999999999999998
9491,-5.0,0.09999999999999998
9492,15.0,0.09999999999999998
9493,32.0,0.09999999999999998
9494,8.0,0.09999999999999998
9495,9.0,0.09999999999999998
9496,23.0,0.09999999999999998
9497,15.0,0.09999999999999998
9498,12.0,0.09999999999999998
9499,21.0,0.09999999999999998
9500,20.0,0.09999999999999998
9501,10.0,0.09999999999999998
9502,37.0,0.09999999999999998
9503,1.0,0.09999999999999998
9504,0.0,0.09999999999999998
9505,24.0,0.09999999999999998
9506,29.0,0.09999999999999998
9507,27.0,0.09999999999999998
9508,40.0,0.09999999999999998
9509,1.0,0.09999999999999998
9510,2.0,0.09999999999999998
9511,0.0,0.09999999999999998
9512,-3.0,0.09999999999999998
9513,25.0,0.09999999999999998
9514,8.0,0.09999999999999998
9515,42.0,0.09999999999999998
9516,-2.0,0.09999999999999998
9517,18.0,0.09999999999999998
9518,-11.0,0.09999999999999998
9519,15.0,0.09999999999999998
9520,22.0,0.09999999999999998
9521,4.0,0.09999999999999998
9522,19.0,0.09999999999999998
9523,49.0,0.09999999999999998
9524,17.0,0.09999999999999998
9525,18.0,0.09999999999999998
9526,17.0,0.09999999999999998
9527,29.0,0.09999999999999998
9528,15.0,0.09999999999999998
9529,12.0,0.09999999999999998
9530,19.0,0.09999999999999998
9531,13.0,0.09999999999999998
9532,26.0,0.09999999999999998
9533,26.0,0.09999999999999998
9534,20.0,0.09999999999999998
9535,31.0,0.09999999999999998
9536,34.0,0.09999999999999998
9537,35.0,0.09999999999999998
9538,15.0,0.09999999999999998
9539,36.0,0.09999999999999998
9540,8.0,0.09999999999999998
9541,34.0,0.09999999999999998
9542,-12.0,0.09999999999999998
9543,18.0,0.09999999999999998
9544,30.0,0.09999999999999998
9545,8.0,0.09999999999999998
9546,-3.0,0.09999999999999998
9547,27.0,0.09999999999999998
9548,-6.0,0.09999999999999998
9549,21.0,0.09999999999999998
9550,21.0,0.09999999999999998
9551,-3.0,0.09999999999999998
9552,10.0,0.09999999999999998
9553,5.0,0.09999999999999998
9554,9.0,0.09999999999999998
9555,6.0,0.09999999999999998
9556,14.0,0.09999999999999998
9557,-9.0,0.09999999999999998
9558,29.0,0.09999999999999998
9559,-11.0,0.09999999999999998
9560,33.0,0.09999999999999998
9561,26.0,0.09999999999999998
9562,26.0,0.09999999999999998
9563,30.0,0.09999999999999998
9564,-9.0,0.09999999999999998
9565,24.0,0.09999999999999998
9566,-1.0,0.09999999999999998
9567,29.0,0.09999999999999998
9568,12.0,0.09999999999999998
9569,30.0,0.09999999999999998
9570,-2.0,0.09999999999999998
9571,14.0,0.09999999999999998
9572,14.0,0.09999999999999998
9573,22.0,0.09999999999999998
9574,36.0,0.09999999999999998
9575,30.0,0.09999999999999998
9576,15.0,0.09999999999999998
9577,-3.0,0.09999999999999998
9578,-1.0,0.09999999999999998
9579,25.0,0.09999999999999998
9580,21.0,0.09999999999999998
9581,5.0,0.09999999999999998
9582,37.0,0.09999999999999998
9583,26.0,0.09999999999999998
9584,-5.0,0.09999999999999998
9585,-8.0,0.09999999999999998
9586,28.0,0.09999999999999998
9587,7.0,0.09999999999999998
9588,13.0,0.09999999999999998
9589,3.0,0.09999999999999998
9590,23.0,0.09999999999999998
9591,9.0,0.09999999999999998
9592,-4.0,0.09999999999999998
9593,-13.0,0.09999999999999998
9594,22.0,0.09999999999999998
9595,9.0,0.09999999999999998
9596,27.0,0.09999999999999998
9597,3.0,0.09999999999999998
9598,-8.0,0.09999999999999998
9599,30.0,0.09999999999999998
9600,32.0,0.09999999999999998
9601,31.0,0.09999999999999998
9602,21.0,0.09999999999999998
9603,34.0,0.09999999999999998
9604,11.0,0.09999999999999998
9605,7.0,0.09999999999999998
9606,25.0,0.09999999999999998
9607,43.0,0.09999999999999998
9608,7.0,0.09999999999999998
9609,33.0,0.09999999999999998
9610,38.0,0.09999999999999998
9611,3.0,0.09999999999999998
9612,32.0,0.09999999999999998
9613,25.0,0.09999999999999998
9614,7.0,0.09999999999999998
9615,12.0,0.09999999999999998
9616,29.0,0.09999999999999998
9617,22.0,0.09999999999999998
9618,23.0,0.09999999999999998
9619,25.0,0.09999999999999998
9620,24.0,0.09999999999999998
9621,21.0,0.09999999999999998
9622,21.0,0.09999999999999998
9623,25.0,0.09999999999999998
9624,15.0,0.09999999999999998
9625,37.0,0.09999999999999998
9626,24.0,0.09999999999999998
9627,24.0,0.09999999999999998
9628,16.0,0.09999999999999998
9629,4.0,0.09999999999999998
9630,14.0,0.09999999999999998
9631,22.0,0.09999999999999998
9632,12.0,0.09999999999999998
9633,23.0,0.09999999999999998
9634,3.0,0.09999999999999998
9635,45.0,0.09999999999999998
9636,3.0,0.09999999999999998
9637,33.0,0.09999999999999998
9638,7.0,0.09999999999999998
9639,9.0,0.09999999999999998
9640,13.0,0.09999999999999998
9641,41.0,0.09999999999999998
9642,31.0,0.09999999999999998
9643,10.0,0.09999999999999998
9644,46.0,0.09999999999999998
9645,42.0,0.09999999999999998
9646,0.0,0.09999999999999998
9647,39.0,0.09999999999999998
9648,22.0,0.09999999999999998
9649,-8.0,0.09999999999999998
9650,47.0,0.09999999999999998
9651,31.0,0.09999999999999998
9652,28.0,0.09999999999999998
9653,33.0,0.09999999999999998
9654,21.0,0.09999999999999998
9655,18.0,0.09999999999999998
9656,12.0,0.09999999999999998
9657,21.0,0.09999999999999998
9658,42.0,0.09999999999999998
9659,33.0,0.09999999999999998
9660,27.0,0.09999999999999998
9661,1.0,0.09999999999999998
9662,-11.0,0.09999999999999998
9663,47.0,0.09999999999999998
9664,10.0,0.09999999999999998
9665,38.0,0.09999999999999998
9666,19.0,0.09999999999999998
9667,30.0,0.09999999999999998
9668,32.0,0.09999999999999998
9669,8.0,0.09999999999999998
9670,-17.0,0.09999999999999998
9671,17.0,0.09999999999999998
9672,40.0,0.09999999999999998
9673,40.0,0.09999999999999998
9674,30.0,0.09999999999999998
9675,38.0,0.09999999999999998
9676,11.0,0.09999999999999998
9677,27.0,0.09999999999999998
9678,38.0,0.09999999999999998
9679,45.0,0.09999999999999998
9680,20.0,0.09999999999999998
9681,49.0,0.09999999999999998
9682,30.0,0.09999999999999998
9683,23.0,0.09999999999999998
9684,15.0,0.09999999999999998
9685,6.0,0.09999999999999998
9686,42.0,0.09999999999999998
9687,22.0,0.09999999999999998
9688,11.0,0.09999999999999998
9689,16.0,0.09999999999999998
9690,31.0,0.09999999999999998
9691,30.0,0.09999999999999998
9692,5.0,0.09999999999999998
9693,28.0,0.09999999999999998
9694,21.0,0.09999999999999998
9695,38.0,0.09999999999999998
9696,8.0,0.09999999999999998
9697,43.0,0.09999999999999998
9698,36.0,0.09999999999999998
9699,13.0,0.09999999999999998
9700,33.0,0.09999999999999998
9701,25.0,0.09999999999999998
9702,21.0,0.09999999999999998
9703,5.0,0.09999999999999998
9704,9.0,0.09999999999999998
9705,24.0,0.09999999999999998
9706,14.0,0.09999999999999998
9707,13.0,0.09999999999999998
9708,24.0,0.09999999999999998
9709,14.0,0.09999999999999998
9710,49.0,0.09999999999999998
9711,20.0,0.09999999999999998
9712,32.0,0.09999999999999998
9713,35.0,0.09999999999999998
9714,11.0,0.09999999999999998
9715,29.0,0.09999999999999998
9716,28.0,0.09999999999999998
9717,14.0,0.09999999999999998
9718,36.0,0.09999999999999998
9719,46.0,0.09999999999999998
9720,31.0,0.09999999999999998
9721,6.0,0.09999999999999998
9722,30.0,0.09999999999999998
9723,21.0,0.09999999999999998
9724,8.0,0.09999999999999998
9725,19.0,0.09999999999999998
9726,5.0,0.09999999999999998
9727,5.0,0.09999999999999998
9728,15.0,0.09999999999999998
9729,5.0,0.09999999999999998
9730,0.0,0.09999999999999998
9731,15.0,0.09999999999999998
9732,11.0,0.09999999999999998
9733,19.0,0.09999999999999998
9734,9.0,0.09999999999999998
9735,35.0,0.09999999999999998
9736,19.0,0.09999999999999998
9737,6.0,0.09999999999999998
9738,5.0,0.09999999999999998
9739,9.0,0.09999999999999998
9740,9.0,0.09999999999999998
9741,-9.0,0.09999999999999998
9742,3.0,0.09999999999999998
9743,24.0,0.09999999999999998
9744,19.0,0.09999999999999998
9745,11.0,0.09999999999999998
9746,6.0,0.09999999999999998
9747,22.0,0.09999999999999998
9748,12.0,0.09999999999999998
9749,35.0,0.09999999999999998
9750,-4.0,0.09999999999999998
9751,14.0,0.09999999999999998
9752,8.0,0.09999999999999998
9753,21.0,0.09999999999999998
9754,30.0,0.09999999999999998
9755,23.0,0.09999999999999998
9756,20.0,0.09999999999999998
9757,14.0,0.09999999999999998
9758,16.0,0.09999999999999998
9759,15.0,0.09999999999999998
9760,-21.0,0.09999999999999998
9761,-4.0,0.09999999999999998
9762,24.0,0.09999999999999998
9763,15.0,0.09999999999999998
9764,-2.0,0.09999999999999998
9765,6.0,0.09999999999999998
9766,29.0,0.09999999999999998
9767,-5.0,0.09999999999999998
9768,5.0,0.09999999999999998
9769,5.0,0.09999999999999998
9770,20.0,0.09999999999999998
9771,7.0,0.09999999999999998
9772,2.0,0.09999999999999998
9773,1.0,0.09999999999999998
9774,16.0,0.09999999999999998
9775,22.0,0.09999999999999998
9776,12.0,0.09999999999999998
9777,7.0,0.09999999999999998
9778,17.0,0.09999999999999998
9779,54.0,0.09999999999999998
9780,0.0,0.09999999999999998
9781,33.0,0.09999999999999998
9782,34.0,0.09999999999999998
9783,-2.0,0.09999999999999998
9784,-8.0,0.09999999999999998
9785,-11.0,0.09999999999999998
9786,-5.0,0.09999999999999998
9787,-16.0,0.09999999999999998
9788,7.0,0.09999999999999998
9789,15.0,0.09999999999999998
9790,0.0,0.09999999999999998
9791,33.0,0.09999999999999998
9792,51.0,0.09999999999999998
9793,10.0,0.09999999999999998
9794,29.0,0.09999999999999998
9795,16.0,0.09999999999999998
9796,19.0,0.09999999999999998
9797,25.0,0.09999999999999998
9798,19.0,0.09999999999999998
9799,1.0,0.09999999999999998
9800,6.0,0.09999999999999998
9801,-7.0,0.09999999999999998
9802,21.0,0.09999999999999998
9803,11.0,0.09999999999999998
9804,7.0,0.09999999999999998
9805,13.0,0.09999999999999998
9806,-4.0,0.09999999999999998
9807,27.0,0.09999999999999998
9808,19.0,0.09999999999999998
9809,13.0,0.09999999999999998
9810,2.0,0.09999999999999998
9811,-4.0,0.09999999999999998
9812,29.0,0.09999999999999998
9813,-8.0,0.09999999999999998
9814,-1.0,0.09999999999999998
9815,3.0,0.09999999999999998
9816,34.0,0.09999999999999998
9817,21.0,0.09999999999999998
9818,62.0,0.09999999999999998
9819,34.0,0.09999999999999998
9820,27.0,0.09999999999999998
9821,35.0,0.09999999999999998
9822,6.0,0.09999999999999998
9823,7.0,0.09999999999999998
9824,25.0,0.09999999999999998
9825,14.0,0.09999999999999998
9826,19.0,0.09999999999999998
9827,17.0,0.09999999999999998
9828,35.0,0.09999999999999998
9829,20.0,0.09999999999999998
9830,34.0,0.09999999999999998
9831,36.0,0.09999999999999998
9832,6.0,0.09999999999999998
9833,38.0,0.09999999999999998
9834,42.0,0.09999999999999998
9835,24.0,0.09999999999999998
9836,22.0,0.09999999999999998
9837,14.0,0.09999999999999998
9838,24.0,0.09999999999999998
9839,31.0,0.09999999999999998
9840,23.0,0.09999999999999998
9841,51.0,0.09999999999999998
9842,12.0,0.09999999999999998
9843,29.0,0.09999999999999998
9844,28.0,0.09999999999999998
9845,40.0,0.09999999999999998
9846,16.0,0.09999999999999998
9847,29.0,0.09999999999999998
9848,22.0,0.09999999999999998
9849,-6.0,0.09999999999999998
9850,45.0,0.09999999999999998
9851,20.0,0.09999999999999998
9852,7.0,0.09999999999999998
9853,25.0,0.09999999999999998
9854,49.0,0.09999999999999998
9855,17.0,0.09999999999999998
9856,24.0,0.09999999999999998
9857,43.0,0.09999999999999998
9858,15.0,0.09999999999999998
9859,-8.0,0.09999999999999998
9860,-4.0,0.09999999999999998
9861,25.0,0.09999999999999998
9862,6.0,0.09999999999999998
9863,19.0,0.09999999999999998
9864,35.0,0.09999999999999998
9865,21.0,0.09999999999999998
9866,41.0,0.09999999999999998
9867,36.0,0.09999999999999998
9868,14.0,0.09999999999999998
9869,33.0,0.09999999999999998
9870,4.0,0.09999999999999998
9871,-14.0,0.09999999999999998
9872,24.0,0.09999999999999998
9873,36.0,0.09999999999999998
9874,35.0,0.09999999999999998
9875,35.0,0.09999999999999998
9876,4.0,0.09999999999999998
9877,24.0,0.09999999999999998
9878,52.0,0.09999999999999998
9879,25.0,0.09999999999999998
9880,3.0,0.09999999999999998
9881,15.0,0.09999999999999998
9882,5.0,0.09999999999999998
9883,23.0,0.09999999999999998
9884,2.0,0.09999999999999998
9885,4.0,0.09999999999999998
9886,8.0,0.09999999999999998
9887,1.0,0.09999999999999998
9888,18.0,0.09999999999999998
9889,12.0,0.09999999999999998
9890,30.0,0.09999999999999998
9891,27.0,0.09999999999999998
9892,43.0,0.09999999999999998
9893,46.0,0.09999999999999998
9894,25.0,0.09999999999999998
9895,29.0,0.09999999999999998
9896,16.0,0.09999999999999998
9897,36.0,0.09999999999999998
9898,14.0,0.09999999999999998
9899,32.0,0.09999999999999998
9900,31.0,0.09999999999999998
9901,8.0,0.09999999999999998
9902,33.0,0.09999999999999998
9903,45.0,0.09999999999999998
9904,15.0,0.09999999999999998
9905,3.0,0.09999999999999998
9906,13.0,0.09999999999999998
9907,41.0,0.09999999999999998
9908,39.0,0.09999999999999998
9909,31.0,0.09999999999999998
9910,20.0,0.09999999999999998
9911,37.0,0.09999999999999998
9912,23.0,0.09999999999999998
9913,-14.0,0.09999999999999998
9914,25.0,0.09999999999999998
9915,1.0,0.09999999999999998
9916,19.0,0.09999999999999998
9917,37.0,0.09999999999999998
9918,-8.0,0.09999999999999998
9919,26.0,0.09999999999999998
9920,29.0,0.09999999999999998
9921,27.0,0.09999999999999998
9922,-3.0,0.09999999999999998
9923,31.0,0.09999999999999998
9924,19.0,0.09999999999999998
9925,-3.0,0.09999999999999998
9926,13.0,0.09999999999999998
9927,33.0,0.09999999999999998
9928,43.0,0.09999999999999998
9929,7.0,0.09999999999999998
9930,7.0,0.09999999999999998
9931,3.0,0.09999999999999998
9932,12.0,0.09999999999999998
9933,8.0,0.09999999999999998
9934,8.0,0.09999999999999998
9935,-10.0,0.09999999999999998
9936,9.0,0.09999999999999998
9937,18.0,0.09999999999999998
9938,14.0,0.09999999999999998
9939,25.0,0.09999999999999998
9940,30.0,0.09999999999999998
9941,7.0,0.09999999999999998
9942,-1.0,0.09999999999999998
9943,28.0,0.09999999999999998
9944,25.0,0.09999999999999998
9945,30.0,0.09999999999999998
9946,11.0,0.09999999999999998
9947,42.0,0.09999999999999998
9948,28.0,0.09999999999999998
9949,12.0,0.09999999999999998
9950,39.0,0.09999999999999998
9951,12.0,0.09999999999999998
9952,35.0,0.09999999999999998
9953,25.0,0.09999999999999998
9954,21.0,0.09999999999999998
9955,24.0,0.09999999999999998
9956,17.0,0.09999999999999998
9957,-7.0,0.09999999999999998
9958,20.0,0.09999999999999998
9959,5.0,0.09999999999999998
9960,16.0,0.09999999999999998
9961,20.0,0.09999999999999998
9962,-8.0,0.09999999999999998
9963,25.0,0.09999999999999998
9964,18.0,0.09999999999999998
9965,13.0,0.09999999999999998
9966,3.0,0.09999999999999998
9967,34.0,0.09999999999999998
9968,2.0,0.09999999999999998
9969,17.0,0.09999999999999998
9970,39.0,0.09999999999999998
9971,10.0,0.09999999999999998
9972,7.0,0.09999999999999998
9973,11.0,0.09999999999999998
9974,26.0,0.09999999999999998
9975,25.0,0.09999999999999998
9976,28.0,0.09999999999999998
9977,36.0,0.09999999999999998
9978,28.0,0.09999999999999998
9979,14.0,0.09999999999999998
9980,19.0,0.09999999999999998
9981,-10.0,0.09999999999999998
9982,5.0,0.09999999999999998
9983,25.0,0.09999999999999998
9984,17.0,0.09999999999999998
9985,20.0,0.09999999999999998
9986,-3.0,0.09999999999999998
9987,25.0,0.09999999999999998
9988,20.0,0.09999999999999998
9989,21.0,0.09999999999999998
9990,42.0,0.09999999999999998
9991,47.0,0.09999999999999998
9992,15.0,0.09999999999999998
9993,6.0,0.09999999999999998
9994,-5.0,0.09999999999999998
9995,24.0,0.09999999999999998
9996,48.0,0.09999999999999998
9997,6.0,0.09999999999999998
9998,12.0,0.09999999999999998
9999,21.0,0.09999999999999998
10000,9.0,0.09999999999999998
10001,26.0,0.09999999999999998
10002,8.0,0.09999999999999998
10003,44.0,0.09999999999999998
10004,40.0,0.09999999999999998
10005,17.0,0.09999999999999998
10006,-3.0,0.09999999999999998
10007,17.0,0.09999999999999998
10008,16.0,0.09999999999999998
10009,17.0,0.09999999999999998
10010,33.0,0.09999999999999998
10011,-14.0,0.09999999999999998
10012,20.0,0.09999999999999998
10013,2.0,0.09999999999999998
10014,3.0,0.09999999999999998
10015,39.0,0.09999999999999998
10016,13.0,0.09999999999999998
10017,33.0,0.09999999999999998
10018,3.0,0.09999999999999998
10019,39.0,0.09999999999999998
10020,28.0,0.09999999999999998
10021,-13.0,0.09999999999999998
10022,23.0,0.09999999999999998
10023,30.0,0.09999999999999998
10024,3.0,0.09999999999999998
10025,6.0,0.09999999999999998
10026,7.0,0.09999999999999998
10027,4.0,0.09999999999999998
10028,1.0,0.09999999999999998
10029,7.0,0.09999999999999998
10030,7.0,0.09999999999999998
10031,6.0,0.09999999999999998
10032,3.0,0.09999999999999998
10033,32.0,0.09999999999999998
10034,24.0,0.09999999999999998
10035,43.0,0.09999999999999998
10036,30.0,0.09999999999999998
10037,29.0,0.09999999999999998
10038,55.0,0.09999999999999998
10039,24.0,0.09999999999999998
10040,34.0,0.09999999999999998
10041,7.0,0.09999999999999998
10042,3.0,0.09999999999999998
10043,28.0,0.09999999999999998
10044,34.0,0.09999999999999998
10045,46.0,0.09999999999999998
10046,10.0,0.09999999999999998
10047,33.0,0.09999999999999998
10048,25.0,0.09999999999999998
10049,38.0,0.09999999999999998
10050,13.0,0.09999999999999998
10051,31.0,0.09999999999999998
10052,26.0,0.09999999999999998
10053,21.0,0.09999999999999998
10054,19.0,0.09999999999999998
10055,12.0,0.09999999999999998
10056,-5.0,0.09999999999999998
10057,9.0,0.09999999999999998
10058,4.0,0.09999999999999998
10059,15.0,0.09999999999999998
10060,-11.0,0.09999999999999998
10061,-1.0,0.09999999999999998
10062,-26.0,0.09999999999999998
10063,14.0,0.09999999999999998
10064,13.0,0.09999999999999998
10065,4.0,0.09999999999999998
10066,13.0,0.09999999999999998
10067,9.0,0.09999999999999998
10068,-19.0,0.09999999999999998
10069,30.0,0.09999999999999998
10070,18.0,0.09999999999999998
10071,42.0,0.09999999999999998
10072,22.0,0.09999999999999998
10073,18.0,0.09999999999999998
10074,14.0,0.09999999999999998
10075,53.0,0.09999999999999998
10076,11.0,0.09999999999999998
10077,32.0,0.09999999999999998
10078,0.0,0.09999999999999998
10079,9.0,0.09999999999999998
10080,10.0,0.09999999999999998
10081,23.0,0.09999999999999998
10082,21.0,0.09999999999999998
10083,13.0,0.09999999999999998
10084,-7.0,0.09999999999999998
10085,1.0,0.09999999999999998
10086,35.0,0.09999999999999998
10087,46.0,0.09999999999999998
10088,28.0,0.09999999999999998
10089,26.0,0.09999999999999998
10090,24.0,0.09999999999999998
10091,27.0,0.09999999999999998
10092,27.0,0.09999999999999998
10093,-6.0,0.09999999999999998
10094,23.0,0.09999999999999998
10095,-4.0,0.09999999999999998
10096,18.0,0.09999999999999998
10097,36.0,0.09999999999999998
10098,5.0,0.09999999999999998
10099,30.0,0.09999999999999998
10100,13.0,0.09999999999999998
10101,5.0,0.09999999999999998
10102,-6.0,0.09999999999999998
10103,18.0,0.09999999999999998
10104,25.0,0.09999999999999998
10105,2.0,0.09999999999999998
10106,5.0,0.09999999999999998
10107,31.0,0.09999999999999998
10108,18.0,0.09999999999999998
10109,28.0,0.09999999999999998
10110,5.0,0.09999999999999998
10111,17.0,0.09999999999999998
10112,29.0,0.09999999999999998
10113,23.0,0.09999999999999998
10114,45.0,0.09999999999999998
10115,49.0,0.09999999999999998
10116,16.0,0.09999999999999998
10117,-6.0,0.09999999999999998
10118,43.0,0.09999999999999998
10119,-6.0,0.09999999999999998
10120,28.0,0.09999999999999998
10121,-2.0,0.09999999999999998
10122,24.0,0.09999999999999998
10123,36.0,0.09999999999999998
10124,23.0,0.09999999999999998
10125,3.0,0.09999999999999998
10126,23.0,0.09999999999999998
10127,17.0,0.09999999999999998
10128,31.0,0.09999999999999998
10129,17.0,0.09999999999999998
10130,20.0,0.09999999999999998
10131,12.0,0.09999999999999998
10132,0.0,0.09999999999999998
10133,10.0,0.09999999999999998
10134,35.0,0.09999999999999998
10135,-1.0,0.09999999999999998
10136,10.0,0.09999999999999998
10137,25.0,0.09999999999999998
10138,3.0,0.09999999999999998
10139,9.0,0.09999999999999998
10140,12.0,0.09999999999999998
10141,28.0,0.09999999999999998
10142,21.0,0.09999999999999998
10143,42.0,0.09999999999999998
10144,21.0,0.09999999999999998
10145,20.0,0.09999999999999998
10146,25.0,0.09999999999999998
10147,24.0,0.09999999999999998
10148,37.0,0.09999999999999998
10149,47.0,0.09999999999999998
10150,47.0,0.09999999999999998
10151,27.0,0.09999999999999998
10152,13.0,0.09999999999999998
10153,34.0,0.09999999999999998
10154,2.0,0.09999999999999998
10155,26.0,0.09999999999999998
10156,30.0,0.09999999999999998
10157,31.0,0.09999999999999998
10158,20.0,0.09999999999999998
10159,24.0,0.09999999999999998
10160,41.0,0.09999999999999998
10161,34.0,0.09999999999999998
10162,2.0,0.09999999999999998
10163,12.0,0.09999999999999998
10164,48.0,0.09999999999999998
10165,40.0,0.09999999999999998
10166,1.0,0.09999999999999998
10167,13.0,0.09999999999999998
10168,13.0,0.09999999999999998
10169,26.0,0.09999999999999998
10170,20.0,0.09999999999999998
10171,6.0,0.09999999999999998
10172,28.0,0.09999999999999998
10173,8.0,0.09999999999999998
10174,-9.0,0.09999999999999998
10175,35.0,0.09999999999999998
10176,7.0,0.09999999999999998
10177,22.0,0.09999999999999998
10178,17.0,0.09999999999999998
10179,22.0,0.09999999999999998
10180,13.0,0.09999999999999998
10181,37.0,0.09999999999999998
10182,5.0,0.09999999999999998
10183,5.0,0.09999999999999998
10184,13.0,0.09999999999999998
10185,39.0,0.09999999999999998
10186,27.0,0.09999999999999998
10187,32.0,0.09999999999999998
10188,30.0,0.09999999999999998
10189,14.0,0.09999999999999998
10190,7.0,0.09999999999999998
10191,29.0,0.09999999999999998
10192,28.0,0.09999999999999998
10193,8.0,0.09999999999999998
10194,14.0,0.09999999999999998
10195,22.0,0.09999999999999998
10196,2.0,0.09999999999999998
10197,17.0,0.09999999999999998
10198,31.0,0.09999999999999998
10199,20.0,0.09999999999999998
10200,-1.0,0.09999999999999998
10201,11.0,0.09999999999999998
10202,9.0,0.09999999999999998
10203,0.0,0.09999999999999998
10204,19.0,0.09999999999999998
10205,21.0,0.09999999999999998
10206,15.0,0.09999999999999998
10207,28.0,0.09999999999999998
10208,13.0,0.09999999999999998
10209,33.0,0.09999999999999998
10210,-4.0,0.09999999999999998
10211,-2.0,0.09999999999999998
10212,7.0,0.09999999999999998
10213,27.0,0.09999999999999998
10214,16.0,0.09999999999999998
10215,10.0,0.09999999999999998
10216,4.0,0.09999999999999998
10217,7.0,0.09999999999999998
10218,-1.0,0.09999999999999998
10219,-13.0,0.09999999999999998
10220,15.0,0.09999999999999998
10221,0.0,0.09999999999999998
10222,27.0,0.09999999999999998
10223,16.0,0.09999999999999998
10224,3.0,0.09999999999999998
10225,33.0,0.09999999999999998
10226,38.0,0.09999999999999998
10227,23.0,0.09999999999999998
10228,-1.0,0.09999999999999998
10229,28.0,0.09999999999999998
10230,15.0,0.09999999999999998
10231,11.0,0.09999999999999998
10232,5.0,0.09999999999999998
10233,12.0,0.09999999999999998
10234,39.0,0.09999999999999998
10235,19.0,0.09999999999999998
10236,4.0,0.09999999999999998
10237,18.0,0.09999999999999998
10238,26.0,0.09999999999999998
10239,17.0,0.09999999999999998
10240,-8.0,0.09999999999999998
10241,4.0,0.09999999999999998
10242,23.0,0.09999999999999998
10243,-1.0,0.09999999999999998
10244,22.0,0.09999999999999998
10245,45.0,0.09999999999999998
10246,30.0,0.09999999999999998
10247,0.0,0.09999999999999998
10248,34.0,0.09999999999999998
10249,27.0,0.09999999999999998
10250,9.0,0.09999999999999998
10251,24.0,0.09999999999999998
10252,31.0,0.09999999999999998
10253,8.0,0.09999999999999998
10254,-1.0,0.09999999999999998
10255,8.0,0.09999999999999998
10256,5.0,0.09999999999999998
10257,10.0,0.09999999999999998
10258,8.0,0.09999999999999998
10259,16.0,0.09999999999999998
10260,19.0,0.09999999999999998
10261,36.0,0.09999999999999998
10262,26.0,0.09999999999999998
10263,23.0,0.09999999999999998
10264,29.0,0.09999999999999998
10265,4.0,0.09999999999999998
10266,0.0,0.09999999999999998
10267,-1.0,0.09999999999999998
10268,14.0,0.09999999999999998
10269,11.0,0.09999999999999998
10270,25.0,0.09999999999999998
10271,24.0,0.09999999999999998
10272,16.0,0.09999999999999998
10273,10.0,0.09999999999999998
10274,0.0,0.09999999999999998
10275,-5.0,0.09999999999999998
10276,3.0,0.09999999999999998
10277,31.0,0.09999999999999998
10278,-5.0,0.09999999999999998
10279,8.0,0.09999999999999998
10280,11.0,0.09999999999999998
10281,10.0,0.09999999999999998
10282,1.0,0.09999999999999998
10283,3.0,0.09999999999999998
10284,-1.0,0.09999999999999998
10285,14.0,0.09999999999999998
10286,17.0,0.09999999999999998
10287,30.0,0.09999999999999998
10288,3.0,0.09999999999999998
10289,27.0,0.09999999999999998
10290,3.0,0.09999999999999998
10291,35.0,0.09999999999999998
10292,-4.0,0.09999999999999998
10293,4.0,0.09999999999999998
10294,21.0,0.09999999999999998
10295,16.0,0.09999999999999998
10296,8.0,0.09999999999999998
10297,8.0,0.09999999999999998
10298,2.0,0.09999999999999998
10299,-6.0,0.09999999999999998
10300,18.0,0.09999999999999998
10301,20.0,0.09999999999999998
10302,-21.0,0.09999999999999998
10303,2.0,0.09999999999999998
10304,0.0,0.09999999999999998
10305,15.0,0.09999999999999998
10306,0.0,0.09999999999999998
10307,-3.0,0.09999999999999998
10308,27.0,0.09999999999999998
10309,14.0,0.09999999999999998
10310,15.0,0.09999999999999998
10311,21.0,0.09999999999999998
10312,8.0,0.09999999999999998
10313,21.0,0.09999999999999998
10314,15.0,0.09999999999999998
10315,43.0,0.09999999999999998
10316,18.0,0.09999999999999998
10317,-7.0,0.09999999999999998
10318,24.0,0.09999999999999998
10319,26.0,0.09999999999999998
10320,-2.0,0.09999999999999998
10321,1.0,0.09999999999999998
10322,16.0,0.09999999999999998
10323,0.0,0.09999999999999998
10324,30.0,0.09999999999999998
10325,19.0,0.09999999999999998
10326,14.0,0.09999999999999998
10327,25.0,0.09999999999999998
10328,8.0,0.09999999999999998
10329,-1.0,0.09999999999999998
10330,20.0,0.09999999999999998
10331,1.0,0.09999999999999998
10332,31.0,0.09999999999999998
10333,9.0,0.09999999999999998
10334,29.0,0.09999999999999998
10335,5.0,0.09999999999999998
10336,-5.0,0.09999999999999998
10337,17.0,0.09999999999999998
10338,12.0,0.09999999999999998
10339,-1.0,0.09999999999999998
10340,24.0,0.09999999999999998
10341,25.0,0.09999999999999998
10342,17.0,0.09999999999999998
10343,17.0,0.09999999999999998
10344,11.0,0.09999999999999998
10345,-5.0,0.09999999999999998
10346,13.0,0.09999999999999998
10347,24.0,0.09999999999999998
10348,-5.0,0.09999999999999998
10349,-4.0,0.09999999999999998
10350,14.0,0.09999999999999998
10351,36.0,0.09999999999999998
10352,10.0,0.09999999999999998
10353,22.0,0.09999999999999998
10354,7.0,0.09999999999999998
10355,23.0,0.09999999999999998
10356,-2.0,0.09999999999999998
10357,3.0,0.09999999999999998
10358,-2.0,0.09999999999999998
10359,36.0,0.09999999999999998
10360,27.0,0.09999999999999998
10361,24.0,0.09999999999999998
10362,38.0,0.09999999999999998
10363,15.0,0.09999999999999998
10364,29.0,0.09999999999999998
10365,35.0,0.09999999999999998
10366,27.0,0.09999999999999998
10367,28.0,0.09999999999999998
10368,33.0,0.09999999999999998
10369,27.0,0.09999999999999998
10370,7.0,0.09999999999999998
10371,11.0,0.09999999999999998
10372,7.0,0.09999999999999998
10373,30.0,0.09999999999999998
10374,17.0,0.09999999999999998
10375,36.0,0.09999999999999998
10376,40.0,0.09999999999999998
10377,26.0,0.09999999999999998
10378,20.0,0.09999999999999998
10379,29.0,0.09999999999999998
10380,18.0,0.09999999999999998
10381,46.0,0.09999999999999998
10382,28.0,0.09999999999999998
10383,32.0,0.09999999999999998
10384,53.0,0.09999999999999998
10385,23.0,0.09999999999999998
10386,29.0,0.09999999999999998
10387,7.0,0.09999999999999998
10388,37.0,0.09999999999999998
10389,46.0,0.09999999999999998
10390,31.0,0.09999999999999998
10391,17.0,0.09999999999999998
10392,46.0,0.09999999999999998
10393,39.0,0.09999999999999998
10394,-3.0,0.09999999999999998
10395,10.0,0.09999999999999998
10396,20.0,0.09999999999999998
10397,17.0,0.09999999999999998
10398,35.0,0.09999999999999998
10399,29.0,0.09999999999999998
10400,32.0,0.09999999999999998
10401,53.0,0.09999999999999998
10402,43.0,0.09999999999999998
10403,42.0,0.09999999999999998
10404,33.0,0.09999999999999998
10405,37.0,0.09999999999999998
10406,28.0,0.09999999999999998
10407,15.0,0.09999999999999998
10408,55.0,0.09999999999999998
10409,19.0,0.09999999999999998
10410,24.0,0.09999999999999998
10411,24.0,0.09999999999999998
10412,26.0,0.09999999999999998
10413,33.0,0.09999999999999998
10414,9.0,0.09999999999999998
10415,4.0,0.09999999999999998
10416,22.0,0.09999999999999998
10417,47.0,0.09999999999999998
10418,18.0,0.09999999999999998
10419,-3.0,0.09999999999999998
10420,25.0,0.09999999999999998
10421,0.0,0.09999999999999998
10422,28.0,0.09999999999999998
10423,38.0,0.09999999999999998
10424,-11.0,0.09999999999999998
10425,51.0,0.09999999999999998
10426,36.0,0.09999999999999998
10427,8.0,0.09999999999999998
10428,14.0,0.09999999999999998
10429,42.0,0.09999999999999998
10430,15.0,0.09999999999999998
10431,5.0,0.09999999999999998
10432,35.0,0.09999999999999998
10433,-1.0,0.09999999999999998
10434,33.0,0.09999999999999998
10435,35.0,0.09999999999999998
10436,7.0,0.09999999999999998
10437,1.0,0.09999999999999998
10438,10.0,0.09999999999999998
10439,23.0,0.09999999999999998
10440,32.0,0.09999999999999998
10441,38.0,0.09999999999999998
10442,27.0,0.09999999999999998
10443,45.0,0.09999999999999998
10444,39.0,0.09999999999999998
10445,10.0,0.09999999999999998
10446,44.0,0.09999999999999998
10447,9.0,0.09999999999999998
10448,-5.0,0.09999999999999998
10449,51.0,0.09999999999999998
10450,53.0,0.09999999999999998
10451,23.0,0.09999999999999998
10452,44.0,0.09999999999999998
10453,3.0,0.09999999999999998
10454,14.0,0.09999999999999998
10455,21.0,0.09999999999999998
10456,22.0,0.09999999999999998
10457,54.0,0.09999999999999998
10458,15.0,0.09999999999999998
10459,18.0,0.09999999999999998
10460,32.0,0.09999999999999998
10461,59.0,0.09999999999999998
10462,8.0,0.09999999999999998
10463,5.0,0.09999999999999998
10464,33.0,0.09999999999999998
10465,44.0,0.09999999999999998
10466,42.0,0.09999999999999998
10467,36.0,0.09999999999999998
10468,51.0,0.09999999999999998
10469,22.0,0.09999999999999998
10470,24.0,0.09999999999999998
10471,47.0,0.09999999999999998
10472,9.0,0.09999999999999998
10473,13.0,0.09999999999999998
10474,27.0,0.09999999999999998
10475,17.0,0.09999999999999998
10476,28.0,0.09999999999999998
10477,35.0,0.09999999999999998
10478,32.0,0.09999999999999998
10479,26.0,0.09999999999999998
10480,2.0,0.09999999999999998
10481,45.0,0.09999999999999998
10482,36.0,0.09999999999999998
10483,24.0,0.09999999999999998
10484,15.0,0.09999999999999998
10485,31.0,0.09999999999999998
10486,3.0,0.09999999999999998
10487,33.0,0.09999999999999998
10488,23.0,0.09999999999999998
10489,2.0,0.09999999999999998
10490,26.0,0.09999999999999998
10491,25.0,0.09999999999999998
10492,4.0,0.09999999999999998
10493,25.0,0.09999999999999998
10494,45.0,0.09999999999999998
10495,2.0,0.09999999999999998
10496,18.0,0.09999999999999998
10497,40.0,0.09999999999999998
10498,21.0,0.09999999999999998
10499,10.0,0.09999999999999998
10500,12.0,0.09999999999999998
10501,34.0,0.09999999999999998
10502,32.0,0.09999999999999998
10503,16.0,0.09999999999999998
10504,27.0,0.09999999999999998
10505,36.0,0.09999999999999998
10506,29.0,0.09999999999999998
10507,31.0,0.09999999999999998
10508,11.0,0.09999999999999998
10509,17.0,0.09999999999999998
10510,21.0,0.09999999999999998
10511,48.0,0.09999999999999998
10512,18.0,0.09999999999999998
10513,21.0,0.09999999999999998
10514,39.0,0.09999999999999998
10515,16.0,0.09999999999999998
10516,18.0,0.09999999999999998
10517,26.0,0.09999999999999998
10518,22.0,0.09999999999999998
10519,7.0,0.09999999999999998
10520,49.0,0.09999999999999998
10521,49.0,0.09999999999999998
10522,-2.0,0.09999999999999998
10523,29.0,0.09999999999999998
10524,26.0,0.09999999999999998
10525,16.0,0.09999999999999998
10526,15.0,0.09999999999999998
10527,27.0,0.09999999999999998
10528,26.0,0.09999999999999998
10529,35.0,0.09999999999999998
10530,18.0,0.09999999999999998
10531,17.0,0.09999999999999998
10532,10.0,0.09999999999999998
10533,32.0,0.09999999999999998
10534,35.0,0.09999999999999998
10535,30.0,0.09999999999999998
10536,33.0,0.09999999999999998
10537,45.0,0.09999999999999998
10538,6.0,0.09999999999999998
10539,33.0,0.09999999999999998
10540,49.0,0.09999999999999998
10541,47.0,0.09999999999999998
10542,-2.0,0.09999999999999998
10543,9.0,0.09999999999999998
10544,25.0,0.09999999999999998
10545,-9.0,0.09999999999999998
10546,39.0,0.09999999999999998
10547,42.0,0.09999999999999998
10548,17.0,0.09999999999999998
10549,27.0,0.09999999999999998
10550,23.0,0.09999999999999998
10551,10.0,0.09999999999999998
10552,12.0,0.09999999999999998
10553,15.0,0.09999999999999998
10554,1.0,0.09999999999999998
10555,35.0,0.09999999999999998
10556,8.0,0.09999999999999998
10557,18.0,0.09999999999999998
10558,-12.0,0.09999999999999998
10559,21.0,0.09999999999999998
10560,26.0,0.09999999999999998
10561,14.0,0.09999999999999998
10562,30.0,0.09999999999999998
10563,-2.0,0.09999999999999998
10564,17.0,0.09999999999999998
10565,34.0,0.09999999999999998
10566,1.0,0.09999999999999998
10567,17.0,0.09999999999999998
10568,15.0,0.09999999999999998
10569,27.0,0.09999999999999998
10570,-2.0,0.09999999999999998
10571,23.0,0.09999999999999998
10572,29.0,0.09999999999999998
10573,16.0,0.09999999999999998
10574,29.0,0.09999999999999998
10575,-23.0,0.09999999999999998
10576,41.0,0.09999999999999998
10577,13.0,0.09999999999999998
10578,9.0,0.09999999999999998
10579,12.0,0.09999999999999998
10580,22.0,0.09999999999999998
10581,33.0,0.09999999999999998
10582,20.0,0.09999999999999998
10583,-5.0,0.09999999999999998
10584,38.0,0.09999999999999998
10585,28.0,0.09999999999999998
10586,21.0,0.09999999999999998
10587,-3.0,0.09999999999999998
10588,28.0,0.09999999999999998
10589,6.0,0.09999999999999998
10590,8.0,0.09999999999999998
10591,7.0,0.09999999999999998
10592,39.0,0.09999999999999998
10593,20.0,0.09999999999999998
10594,9.0,0.09999999999999998
10595,16.0,0.09999999999999998
10596,29.0,0.09999999999999998
10597,7.0,0.09999999999999998
10598,13.0,0.09999999999999998
10599,13.0,0.09999999999999998
10600,25.0,0.09999999999999998
10601,29.0,0.09999999999999998
10602,24.0,0.09999999999999998
10603,11.0,0.09999999999999998
10604,-2.0,0.09999999999999998
10605,23.0,0.09999999999999998
10606,-6.0,0.09999999999999998
10607,11.0,0.09999999999999998
10608,37.0,0.09999999999999998
10609,29.0,0.09999999999999998
10610,3.0,0.09999999999999998
10611,16.0,0.09999999999999998
10612,14.0,0.09999999999999998
10613,9.0,0.09999999999999998
10614,8.0,0.09999999999999998
10615,11.0,0.09999999999999998
10616,27.0,0.09999999999999998
10617,37.0,0.09999999999999998
10618,4.0,0.09999999999999998
10619,7.0,0.09999999999999998
10620,18.0,0.09999999999999998
10621,16.0,0.09999999999999998
10622,30.0,0.09999999999999998
10623,15.0,0.09999999999999998
10624,34.0,0.09999999999999998
10625,17.0,0.09999999999999998
10626,20.0,0.09999999999999998
10627,24.0,0.09999999999999998
10628,32.0,0.09999999999999998
10629,3.0,0.09999999999999998
10630,11.0,0.09999999999999998
10631,17.0,0.09999999999999998
10632,-9.0,0.09999999999999998
10633,42.0,0.09999999999999998
10634,18.0,0.09999999999999998
10635,-2.0,0.09999999999999998
10636,34.0,0.09999999999999998
10637,-3.0,0.09999999999999998
10638,41.0,0.09999999999999998
10639,11.0,0.09999999999999998
10640,22.0,0.09999999999999998
10641,36.0,0.09999999999999998
10642,11.0,0.09999999999999998
10643,20.0,0.09999999999999998
10644,51.0,0.09999999999999998
10645,39.0,0.09999999999999998
10646,17.0,0.09999999999999998
10647,41.0,0.09999999999999998
10648,33.0,0.09999999999999998
10649,2.0,0.09999999999999998
10650,27.0,0.09999999999999998
10651,1.0,0.09999999999999998
10652,23.0,0.09999999999999998
10653,44.0,0.09999999999999998
10654,49.0,0.09999999999999998
10655,44.0,0.09999999999999998
10656,25.0,0.09999999999999998
10657,33.0,0.09999999999999998
10658,8.0,0.09999999999999998
10659,27.0,0.09999999999999998
10660,36.0,0.09999999999999998
10661,17.0,0.09999999999999998
10662,30.0,0.09999999999999998
10663,44.0,0.09999999999999998
10664,45.0,0.09999999999999998
10665,24.0,0.09999999999999998
10666,30.0,0.09999999999999998
10667,21.0,0.09999999999999998
10668,14.0,0.09999999999999998
10669,32.0,0.09999999999999998
10670,41.0,0.09999999999999998
10671,7.0,0.09999999999999998
10672,35.0,0.09999999999999998
10673,40.0,0.09999999999999998
10674,28.0,0.09999999999999998
10675,25.0,0.09999999999999998
10676,17.0,0.09999999999999998
10677,30.0,0.09999999999999998
10678,17.0,0.09999999999999998
10679,35.0,0.09999999999999998
10680,3.0,0.09999999999999998
10681,22.0,0.09999999999999998
10682,21.0,0.09999999999999998
10683,33.0,0.09999999999999998
10684,29.0,0.09999999999999998
10685,13.0,0.09999999999999998
10686,24.0,0.09999999999999998
10687,-4.0,0.09999999999999998
10688,24.0,0.09999999999999998
10689,26.0,0.09999999999999998
10690,17.0,0.09999999999999998
10691,-2.0,0.09999999999999998
10692,29.0,0.09999999999999998
10693,19.0,0.09999999999999998
10694,10.0,0.09999999999999998
10695,38.0,0.09999999999999998
10696,22.0,0.09999999999999998
10697,24.0,0.09999999999999998
10698,44.0,0.09999999999999998
10699,40.0,0.09999999999999998
10700,26.0,0.09999999999999998
10701,17.0,0.09999999999999998
10702,53.0,0.09999999999999998
10703,-6.0,0.09999999999999998
10704,12.0,0.09999999999999998
10705,33.0,0.09999999999999998
10706,-2.0,0.09999999999999998
10707,23.0,0.09999999999999998
10708,32.0,0.09999999999999998
10709,2.0,0.09999999999999998
10710,25.0,0.09999999999999998
10711,24.0,0.09999999999999998
10712,5.0,0.09999999999999998
10713,30.0,0.09999999999999998
10714,16.0,0.09999999999999998
10715,43.0,0.09999999999999998
10716,10.0,0.09999999999999998
10717,32.0,0.09999999999999998
10718,25.0,0.09999999999999998
10719,1.0,0.09999999999999998
10720,-1.0,0.09999999999999998
10721,2.0,0.09999999999999998
10722,3.0,0.09999999999999998
10723,33.0,0.09999999999999998
10724,44.0,0.09999999999999998
10725,24.0,0.09999999999999998
10726,47.0,0.09999999999999998
10727,39.0,0.09999999999999998
10728,21.0,0.09999999999999998
10729,5.0,0.09999999999999998
10730,43.0,0.09999999999999998
10731,47.0,0.09999999999999998
10732,8.0,0.09999999999999998
10733,37.0,0.09999999999999998
10734,18.0,0.09999999999999998
10735,12.0,0.09999999999999998
10736,21.0,0.09999999999999998
10737,30.0,0.09999999999999998
10738,5.0,0.09999999999999998
10739,-4.0,0.09999999999999998
10740,32.0,0.09999999999999998
10741,14.0,0.09999999999999998
10742,-2.0,0.09999999999999998
10743,22.0,0.09999999999999998
10744,27.0,0.09999999999999998
10745,29.0,0.09999999999999998
10746,25.0,0.09999999999999998
10747,47.0,0.09999999999999998
10748,27.0,0.09999999999999998
10749,31.0,0.09999999999999998
10750,17.0,0.09999999999999998
10751,25.0,0.09999999999999998
10752,39.0,0.09999999999999998
10753,5.0,0.09999999999999998
10754,30.0,0.09999999999999998
10755,-5.0,0.09999999999999998
10756,13.0,0.09999999999999998
10757,41.0,0.09999999999999998
10758,28.0,0.09999999999999998
10759,-11.0,0.09999999999999998
10760,21.0,0.09999999999999998
10761,-6.0,0.09999999999999998
10762,25.0,0.09999999999999998
10763,44.0,0.09999999999999998
10764,-1.0,0.09999999999999998
10765,8.0,0.09999999999999998
10766,19.0,0.09999999999999998
10767,47.0,0.09999999999999998
10768,11.0,0.09999999999999998
10769,23.0,0.09999999999999998
10770,23.0,0.09999999999999998
10771,13.0,0.09999999999999998
10772,47.0,0.09999999999999998
10773,24.0,0.09999999999999998
10774,26.0,0.09999999999999998
10775,5.0,0.09999999999999998
10776,40.0,0.09999999999999998
10777,23.0,0.09999999999999998
10778,25.0,0.09999999999999998
10779,32.0,0.09999999999999998
10780,28.0,0.09999999999999998
10781,22.0,0.09999999999999998
10782,15.0,0.09999999999999998
10783,-3.0,0.09999999999999998
10784,0.0,0.09999999999999998
10785,1.0,0.09999999999999998
10786,35.0,0.09999999999999998
10787,22.0,0.09999999999999998
10788,-5.0,0.09999999999999998
10789,32.0,0.09999999999999998
10790,31.0,0.09999999999999998
10791,8.0,0.09999999999999998
10792,30.0,0.09999999999999998
10793,27.0,0.09999999999999998
10794,16.0,0.09999999999999998
10795,16.0,0.09999999999999998
10796,18.0,0.09999999999999998
10797,19.0,0.09999999999999998
10798,15.0,0.09999999999999998
10799,5.0,0.09999999999999998
10800,20.0,0.09999999999999998
10801,15.0,0.09999999999999998
10802,39.0,0.09999999999999998
10803,21.0,0.09999999999999998
10804,20.0,0.09999999999999998
10805,34.0,0.09999999999999998
10806,46.0,0.09999999999999998
10807,26.0,0.09999999999999998
10808,14.0,0.09999999999999998
10809,43.0,0.09999999999999998
10810,37.0,0.09999999999999998
10811,22.0,0.09999999999999998
10812,48.0,0.09999999999999998
10813,27.0,0.09999999999999998
10814,32.0,0.09999999999999998
10815,36.0,0.09999999999999998
10816,41.0,0.09999999999999998
10817,35.0,0.09999999999999998
10818,11.0,0.09999999999999998
10819,13.0,0.09999999999999998
10820,8.0,0.09999999999999998
10821,13.0,0.09999999999999998
10822,16.0,0.09999999999999998
10823,8.0,0.09999999999999998
10824,-9.0,0.09999999999999998
10825,22.0,0.09999999999999998
10826,24.0,0.09999999999999998
10827,4.0,0.09999999999999998
10828,28.0,0.09999999999999998
10829,20.0,0.09999999999999998
10830,17.0,0.09999999999999998
10831,4.0,0.09999999999999998
10832,11.0,0.09999999999999998
10833,17.0,0.09999999999999998
10834,3.0,0.09999999999999998
10835,4.0,0.09999999999999998
10836,32.0,0.09999999999999998
10837,35.0,0.09999999999999998
10838,9.0,0.09999999999999998
10839,24.0,0.09999999999999998
10840,12.0,0.09999999999999998
10841,36.0,0.09999999999999998
10842,8.0,0.09999999999999998
10843,8.0,0.09999999999999998
10844,19.0,0.09999999999999998
10845,9.0,0.09999999999999998
10846,26.0,0.09999999999999998
10847,24.0,0.09999999999999998
10848,31.0,0.09999999999999998
10849,13.0,0.09999999999999998
10850,-5.0,0.09999999999999998
10851,19.0,0.09999999999999998
10852,18.0,0.09999999999999998
10853,42.0,0.09999999999999998
10854,-12.0,0.09999999999999998
10855,2.0,0.09999999999999998
10856,21.0,0.09999999999999998
10857,14.0,0.09999999999999998
10858,14.0,0.09999999999999998
10859,11.0,0.09999999999999998
10860,31.0,0.09999999999999998
10861,-7.0,0.09999999999999998
10862,17.0,0.09999999999999998
10863,-1.0,0.09999999999999998
10864,18.0,0.09999999999999998
10865,-9.0,0.09999999999999998
10866,18.0,0.09999999999999998
10867,14.0,0.09999999999999998
10868,33.0,0.09999999999999998
10869,-8.0,0.09999999999999998
10870,1.0,0.09999999999999998
10871,16.0,0.09999999999999998
10872,41.0,0.09999999999999998
10873,27.0,0.09999999999999998
10874,34.0,0.09999999999999998
10875,5.0,0.09999999999999998
10876,-5.0,0.09999999999999998
10877,2.0,0.09999999999999998
10878,11.0,0.09999999999999998
10879,39.0,0.09999999999999998
10880,4.0,0.09999999999999998
10881,13.0,0.09999999999999998
10882,4.0,0.09999999999999998
10883,-8.0,0.09999999999999998
10884,19.0,0.09999999999999998
10885,10.0,0.09999999999999998
10886,38.0,0.09999999999999998
10887,7.0,0.09999999999999998
10888,16.0,0.09999999999999998
10889,2.0,0.09999999999999998
10890,16.0,0.09999999999999998
10891,13.0,0.09999999999999998
10892,3.0,0.09999999999999998
10893,18.0,0.09999999999999998
10894,-2.0,0.09999999999999998
10895,-1.0,0.09999999999999998
10896,0.0,0.09999999999999998
10897,10.0,0.09999999999999998
10898,8.0,0.09999999999999998
10899,-3.0,0.09999999999999998
10900,11.0,0.09999999999999998
10901,42.0,0.09999999999999998
10902,14.0,0.09999999999999998
10903,34.0,0.09999999999999998
10904,31.0,0.09999999999999998
10905,42.0,0.09999999999999998
10906,23.0,0.09999999999999998
10907,35.0,0.09999999999999998
10908,-18.0,0.09999999999999998
10909,-5.0,0.09999999999999998
10910,45.0,0.09999999999999998
10911,-14.0,0.09999999999999998
10912,4.0,0.09999999999999998
10913,8.0,0.09999999999999998
10914,-7.0,0.09999999999999998
10915,12.0,0.09999999999999998
10916,-16.0,0.09999999999999998
10917,15.0,0.09999999999999998
10918,11.0,0.09999999999999998
10919,14.0,0.09999999999999998
10920,1.0,0.09999999999999998
10921,21.0,0.09999999999999998
10922,-19.0,0.09999999999999998
10923,11.0,0.09999999999999998
10924,-3.0,0.09999999999999998
10925,17.0,0.09999999999999998
10926,19.0,0.09999999999999998
10927,21.0,0.09999999999999998
10928,-5.0,0.09999999999999998
10929,16.0,0.09999999999999998
10930,-20.0,0.09999999999999998
10931,-5.0,0.09999999999999998
10932,-16.0,0.09999999999999998
10933,3.0,0.09999999999999998
10934,-10.0,0.09999999999999998
10935,4.0,0.09999999999999998
10936,1.0,0.09999999999999998
10937,12.0,0.09999999999999998
10938,0.0,0.09999999999999998
10939,-1.0,0.09999999999999998
10940,-9.0,0.09999999999999998
10941,-6.0,0.09999999999999998
10942,5.0,0.09999999999999998
10943,-12.0,0.09999999999999998
10944,-6.0,0.09999999999999998
10945,2.0,0.09999999999999998
10946,5.0,0.09999999999999998
10947,6.0,0.09999999999999998
10948,7.0,0.09999999999999998
10949,6.0,0.09999999999999998
10950,6.0,0.09999999999999998
10951,-2.0,0.09999999999999998
10952,11.0,0.09999999999999998
10953,-2.0,0.09999999999999998
10954,10.0,0.09999999999999998
10955,5.0,0.09999999999999998
10956,-14.0,0.09999999999999998
10957,-4.0,0.09999999999999998
10958,4.0,0.09999999999999998
10959,4.0,0.09999999999999998
10960,4.0,0.09999999999999998
10961,16.0,0.09999999999999998
10962,24.0,0.09999999999999998
10963,13.0,0.09999999999999998
10964,6.0,0.09999999999999998
10965,1.0,0.09999999999999998
10966,-3.0,0.09999999999999998
10967,4.0,0.09999999999999998
10968,11.0,0.09999999999999998
10969,32.0,0.09999999999999998
10970,23.0,0.09999999999999998
10971,6.0,0.09999999999999998
10972,-4.0,0.09999999999999998
10973,5.0,0.09999999999999998
10974,7.0,0.09999999999999998
10975,31.0,0.09999999999999998
10976,-8.0,0.09999999999999998
10977,11.0,0.09999999999999998
10978,2.0,0.09999999999999998
10979,2.0,0.09999999999999998
10980,8.0,0.09999999999999998
10981,-3.0,0.09999999999999998
10982,33.0,0.09999999999999998
10983,16.0,0.09999999999999998
10984,0.0,0.09999999999999998
10985,-29.0,0.09999999999999998
10986,9.0,0.09999999999999998
10987,19.0,0.09999999999999998
10988,3.0,0.09999999999999998
10989,3.0,0.09999999999999998
10990,18.0,0.09999999999999998
10991,-8.0,0.09999999999999998
10992,6.0,0.09999999999999998
10993,-3.0,0.09999999999999998
10994,36.0,0.09999999999999998
10995,-1.0,0.09999999999999998
10996,-7.0,0.09999999999999998
10997,18.0,0.09999999999999998
10998,-3.0,0.09999999999999998
10999,2.0,0.09999999999999998
11000,-1.0,0.09999999999999998
11001,-1.0,0.09999999999999998
11002,31.0,0.09999999999999998
11003,14.0,0.09999999999999998
11004,9.0,0.09999999999999998
11005,32.0,0.09999999999999998
11006,23.0,0.09999999999999998
11007,-1.0,0.09999999999999998
11008,39.0,0.09999999999999998
11009,2.0,0.09999999999999998
11010,26.0,0.09999999999999998
11011,9.0,0.09999999999999998
11012,19.0,0.09999999999999998
11013,1.0,0.09999999999999998
11014,30.0,0.09999999999999998
11015,10.0,0.09999999999999998
11016,10.0,0.09999999999999998
11017,34.0,0.09999999999999998
11018,23.0,0.09999999999999998
11019,2.0,0.09999999999999998
11020,2.0,0.09999999999999998
11021,29.0,0.09999999999999998
11022,16.0,0.09999999999999998
11023,31.0,0.09999999999999998
11024,34.0,0.09999999999999998
11025,20.0,0.09999999999999998
11026,8.0,0.09999999999999998
11027,-6.0,0.09999999999999998
11028,31.0,0.09999999999999998
11029,18.0,0.09999999999999998
11030,36.0,0.09999999999999998
11031,36.0,0.09999999999999998
11032,31.0,0.09999999999999998
11033,21.0,0.09999999999999998
11034,32.0,0.09999999999999998
11035,22.0,0.09999999999999998
11036,1.0,0.09999999999999998
11037,27.0,0.09999999999999998
11038,40.0,0.09999999999999998
11039,2.0,0.09999999999999998
11040,30.0,0.09999999999999998
11041,16.0,0.09999999999999998
11042,14.0,0.09999999999999998
11043,26.0,0.09999999999999998
11044,14.0,0.09999999999999998
11045,23.0,0.09999999999999998
11046,24.0,0.09999999999999998
11047,18.0,0.09999999999999998
11048,43.0,0.09999999999999998
11049,36.0,0.09999999999999998
11050,46.0,0.09999999999999998
11051,12.0,0.09999999999999998
11052,21.0,0.09999999999999998
11053,18.0,0.09999999999999998
11054,37.0,0.09999999999999998
11055,5.0,0.09999999999999998
11056,-6.0,0.09999999999999998
11057,14.0,0.09999999999999998
11058,27.0,0.09999999999999998
11059,3.0,0.09999999999999998
11060,9.0,0.09999999999999998
11061,9.0,0.09999999999999998
11062,18.0,0.09999999999999998
11063,31.0,0.09999999999999998
11064,24.0,0.09999999999999998
11065,-2.0,0.09999999999999998
11066,39.0,0.09999999999999998
11067,1.0,0.09999999999999998
11068,36.0,0.09999999999999998
11069,50.0,0.09999999999999998
11070,30.0,0.09999999999999998
11071,19.0,0.09999999999999998
11072,2.0,0.09999999999999998
11073,22.0,0.09999999999999998
11074,-22.0,0.09999999999999998
11075,-2.0,0.09999999999999998
11076,21.0,0.09999999999999998
11077,3.0,0.09999999999999998
11078,20.0,0.09999999999999998
11079,41.0,0.09999999999999998
11080,-5.0,0.09999999999999998
11081,28.0,0.09999999999999998
11082,52.0,0.09999999999999998
11083,30.0,0.09999999999999998
11084,7.0,0.09999999999999998
11085,11.0,0.09999999999999998
11086,17.0,0.09999999999999998
11087,46.0,0.09999999999999998
11088,24.0,0.09999999999999998
11089,16.0,0.09999999999999998
11090,19.0,0.09999999999999998
11091,42.0,0.09999999999999998
11092,43.0,0.09999999999999998
11093,13.0,0.09999999999999998
11094,32.0,0.09999999999999998
11095,22.0,0.09999999999999998
11096,31.0,0.09999999999999998
11097,7.0,0.09999999999999998
11098,5.0,0.09999999999999998
11099,-8.0,0.09999999999999998
11100,-9.0,0.09999999999999998
11101,11.0,0.09999999999999998
11102,19.0,0.09999999999999998
11103,24.0,0.09999999999999998
11104,30.0,0.09999999999999998
11105,-1.0,0.09999999999999998
11106,20.0,0.09999999999999998
11107,33.0,0.09999999999999998
11108,20.0,0.09999999999999998
11109,36.0,0.09999999999999998
11110,52.0,0.09999999999999998
11111,35.0,0.09999999999999998
11112,28.0,0.09999999999999998
11113,28.0,0.09999999999999998
11114,-2.0,0.09999999999999998
11115,38.0,0.09999999999999998
11116,19.0,0.09999999999999998
11117,16.0,0.09999999999999998
11118,35.0,0.09999999999999998
11119,4.0,0.09999999999999998
11120,-8.0,0.09999999999999998
11121,32.0,0.09999999999999998
11122,21.0,0.09999999999999998
11123,29.0,0.09999999999999998
11124,17.0,0.09999999999999998
11125,29.0,0.09999999999999998
11126,15.0,0.09999999999999998
11127,6.0,0.09999999999999998
11128,60.0,0.09999999999999998
11129,23.0,0.09999999999999998
11130,46.0,0.09999999999999998
11131,30.0,0.09999999999999998
11132,36.0,0.09999999999999998
11133,35.0,0.09999999999999998
11134,15.0,0.09999999999999998
11135,23.0,0.09999999999999998
11136,27.0,0.09999999999999998
11137,40.0,0.09999999999999998
11138,31.0,0.09999999999999998
11139,16.0,0.09999999999999998
11140,4.0,0.09999999999999998
11141,19.0,0.09999999999999998
11142,18.0,0.09999999999999998
11143,13.0,0.09999999999999998
11144,37.0,0.09999999999999998
11145,21.0,0.09999999999999998
11146,21.0,0.09999999999999998
11147,17.0,0.09999999999999998
11148,45.0,0.09999999999999998
11149,26.0,0.09999999999999998
11150,15.0,0.09999999999999998
11151,28.0,0.09999999999999998
11152,27.0,0.09999999999999998
11153,18.0,0.09999999999999998
11154,25.0,0.09999999999999998
11155,28.0,0.09999999999999998
11156,27.0,0.09999999999999998
11157,28.0,0.09999999999999998
11158,16.0,0.09999999999999998
11159,38.0,0.09999999999999998
11160,19.0,0.09999999999999998
11161,4.0,0.09999999999999998
11162,3.0,0.09999999999999998
11163,31.0,0.09999999999999998
11164,34.0,0.09999999999999998
11165,32.0,0.09999999999999998
11166,20.0,0.09999999999999998
11167,32.0,0.09999999999999998
11168,-5.0,0.09999999999999998
11169,26.0,0.09999999999999998
11170,30.0,0.09999999999999998
11171,40.0,0.09999999999999998
11172,9.0,0.09999999999999998
11173,-12.0,0.09999999999999998
11174,38.0,0.09999999999999998
11175,24.0,0.09999999999999998
11176,27.0,0.09999999999999998
11177,27.0,0.09999999999999998
11178,1.0,0.09999999999999998
11179,4.0,0.09999999999999998
11180,34.0,0.09999999999999998
11181,36.0,0.09999999999999998
11182,-2.0,0.09999999999999998
11183,4.0,0.09999999999999998
11184,25.0,0.09999999999999998
11185,19.0,0.09999999999999998
11186,3.0,0.09999999999999998
11187,6.0,0.09999999999999998
11188,14.0,0.09999999999999998
11189,11.0,0.09999999999999998
11190,14.0,0.09999999999999998
11191,20.0,0.09999999999999998
11192,32.0,0.09999999999999998
11193,43.0,0.09999999999999998
11194,13.0,0.09999999999999998
11195,8.0,0.09999999999999998
11196,4.0,0.09999999999999998
11197,44.0,0.09999999999999998
11198,37.0,0.09999999999999998
11199,4.0,0.09999999999999998
11200,43.0,0.09999999999999998
11201,7.0,0.09999999999999998
11202,32.0,0.09999999999999998
11203,22.0,0.09999999999999998
11204,18.0,0.09999999999999998
11205,21.0,0.09999999999999998
11206,27.0,0.09999999999999998
11207,-14.0,0.09999999999999998
11208,43.0,0.09999999999999998
11209,28.0,0.09999999999999998
11210,32.0,0.09999999999999998
11211,28.0,0.09999999999999998
11212,41.0,0.09999999999999998
11213,17.0,0.09999999999999998
11214,6.0,0.09999999999999998
11215,44.0,0.09999999999999998
11216,41.0,0.09999999999999998
11217,16.0,0.09999999999999998
11218,46.0,0.09999999999999998
11219,14.0,0.09999999999999998
11220,29.0,0.09999999999999998
11221,46.0,0.09999999999999998
11222,10.0,0.09999999999999998
11223,5.0,0.09999999999999998
11224,5.0,0.09999999999999998
11225,27.0,0.09999999999999998
11226,28.0,0.09999999999999998
11227,8.0,0.09999999999999998
11228,16.0,0.09999999999999998
11229,39.0,0.09999999999999998
11230,25.0,0.09999999999999998
11231,39.0,0.09999999999999998
11232,33.0,0.09999999999999998
11233,0.0,0.09999999999999998
11234,23.0,0.09999999999999998
11235,38.0,0.09999999999999998
11236,-5.0,0.09999999999999998
11237,11.0,0.09999999999999998
11238,40.0,0.09999999999999998
11239,14.0,0.09999999999999998
11240,27.0,0.09999999999999998
11241,6.0,0.09999999999999998
11242,1.0,0.09999999999999998
11243,19.0,0.09999999999999998
11244,19.0,0.09999999999999998
11245,17.0,0.09999999999999998
11246,44.0,0.09999999999999998
11247,-2.0,0.09999999999999998
11248,45.0,0.09999999999999998
11249,-20.0,0.09999999999999998
11250,30.0,0.09999999999999998
11251,17.0,0.09999999999999998
11252,9.0,0.09999999999999998
11253,-1.0,0.09999999999999998
11254,20.0,0.09999999999999998
11255,26.0,0.09999999999999998
11256,43.0,0.09999999999999998
11257,27.0,0.09999999999999998
11258,21.0,0.09999999999999998
11259,25.0,0.09999999999999998
11260,0.0,0.09999999999999998
11261,22.0,0.09999999999999998
11262,6.0,0.09999999999999998
11263,1.0,0.09999999999999998
11264,37.0,0.09999999999999998
11265,43.0,0.09999999999999998
11266,43.0,0.09999999999999998
11267,11.0,0.09999999999999998
11268,43.0,0.09999999999999998
11269,9.0,0.09999999999999998
11270,5.0,0.09999999999999998
11271,30.0,0.09999999999999998
11272,16.0,0.09999999999999998
11273,20.0,0.09999999999999998
11274,39.0,0.09999999999999998
11275,41.0,0.09999999999999998
11276,25.0,0.09999999999999998
11277,28.0,0.09999999999999998
11278,25.0,0.09999999999999998
11279,19.0,0.09999999999999998
11280,11.0,0.09999999999999998
11281,20.0,0.09999999999999998
11282,14.0,0.09999999999999998
11283,22.0,0.09999999999999998
11284,20.0,0.09999999999999998
11285,16.0,0.09999999999999998
11286,40.0,0.09999999999999998
11287,26.0,0.09999999999999998
11288,40.0,0.09999999999999998
11289,7.0,0.09999999999999998
11290,37.0,0.09999999999999998
11291,16.0,0.09999999999999998
11292,16.0,0.09999999999999998
11293,18.0,0.09999999999999998
11294,13.0,0.09999999999999998
11295,28.0,0.09999999999999998
11296,26.0,0.09999999999999998
11297,33.0,0.09999999999999998
11298,36.0,0.09999999999999998
11299,19.0,0.09999999999999998
11300,23.0,0.09999999999999998
11301,51.0,0.09999999999999998
11302,27.0,0.09999999999999998
11303,10.0,0.09999999999999998
11304,27.0,0.09999999999999998
11305,26.0,0.09999999999999998
11306,28.0,0.09999999999999998
11307,30.0,0.09999999999999998
11308,42.0,0.09999999999999998
11309,24.0,0.09999999999999998
11310,-12.0,0.09999999999999998
11311,31.0,0.09999999999999998
11312,5.0,0.09999999999999998
11313,13.0,0.09999999999999998
11314,32.0,0.09999999999999998
11315,25.0,0.09999999999999998
11316,15.0,0.09999999999999998
11317,27.0,0.09999999999999998
11318,20.0,0.09999999999999998
11319,27.0,0.09999999999999998
11320,40.0,0.09999999999999998
11321,20.0,0.09999999999999998
11322,5.0,0.09999999999999998
11323,31.0,0.09999999999999998
11324,34.0,0.09999999999999998
11325,24.0,0.09999999999999998
11326,10.0,0.09999999999999998
11327,33.0,0.09999999999999998
11328,33.0,0.09999999999999998
11329,31.0,0.09999999999999998
11330,-10.0,0.09999999999999998
11331,21.0,0.09999999999999998
11332,44.0,0.09999999999999998
11333,3.0,0.09999999999999998
11334,0.0,0.09999999999999998
11335,39.0,0.09999999999999998
11336,28.0,0.09999999999999998
11337,47.0,0.09999999999999998
11338,30.0,0.09999999999999998
11339,28.0,0.09999999999999998
11340,10.0,0.09999999999999998
11341,39.0,0.09999999999999998
11342,14.0,0.09999999999999998
11343,29.0,0.09999999999999998
11344,21.0,0.09999999999999998
11345,47.0,0.09999999999999998
11346,12.0,0.09999999999999998
11347,27.0,0.09999999999999998
11348,18.0,0.09999999999999998
11349,29.0,0.09999999999999998
11350,21.0,0.09999999999999998
11351,32.0,0.09999999999999998
11352,36.0,0.09999999999999998
11353,16.0,0.09999999999999998
11354,35.0,0.09999999999999998
11355,25.0,0.09999999999999998
11356,35.0,0.09999999999999998
11357,20.0,0.09999999999999998
11358,27.0,0.09999999999999998
11359,31.0,0.09999999999999998
11360,-17.0,0.09999999999999998
11361,17.0,0.09999999999999998
11362,9.0,0.09999999999999998
11363,10.0,0.09999999999999998
11364,12.0,0.09999999999999998
11365,26.0,0.09999999999999998
11366,51.0,0.09999999999999998
11367,21.0,0.09999999999999998
11368,12.0,0.09999999999999998
11369,-5.0,0.09999999999999998
11370,-2.0,0.09999999999999998
11371,16.0,0.09999999999999998
11372,-9.0,0.09999999999999998
11373,18.0,0.09999999999999998
11374,23.0,0.09999999999999998
11375,12.0,0.09999999999999998
11376,10.0,0.09999999999999998
11377,3.0,0.09999999999999998
11378,32.0,0.09999999999999998
11379,34.0,0.09999999999999998
11380,10.0,0.09999999999999998
11381,30.0,0.09999999999999998
11382,20.0,0.09999999999999998
11383,30.0,0.09999999999999998
11384,35.0,0.09999999999999998
11385,16.0,0.09999999999999998
11386,23.0,0.09999999999999998
11387,10.0,0.09999999999999998
11388,-5.0,0.09999999999999998
11389,5.0,0.09999999999999998
11390,-24.0,0.09999999999999998
11391,-8.0,0.09999999999999998
11392,11.0,0.09999999999999998
11393,6.0,0.09999999999999998
11394,27.0,0.09999999999999998
11395,-9.0,0.09999999999999998
11396,9.0,0.09999999999999998
11397,16.0,0.09999999999999998
11398,-3.0,0.09999999999999998
11399,21.0,0.09999999999999998
11400,22.0,0.09999999999999998
11401,5.0,0.09999999999999998
11402,19.0,0.09999999999999998
11403,28.0,0.09999999999999998
11404,-10.0,0.09999999999999998
11405,16.0,0.09999999999999998
11406,11.0,0.09999999999999998
11407,20.0,0.09999999999999998
11408,16.0,0.09999999999999998
11409,20.0,0.09999999999999998
11410,1.0,0.09999999999999998
11411,9.0,0.09999999999999998
11412,5.0,0.09999999999999998
11413,4.0,0.09999999999999998
11414,7.0,0.09999999999999998
11415,7.0,0.09999999999999998
11416,4.0,0.09999999999999998
11417,29.0,0.09999999999999998
11418,27.0,0.09999999999999998
11419,33.0,0.09999999999999998
11420,19.0,0.09999999999999998
11421,15.0,0.09999999999999998
11422,-2.0,0.09999999999999998
11423,18.0,0.09999999999999998
11424,14.0,0.09999999999999998
11425,43.0,0.09999999999999998
11426,40.0,0.09999999999999998
11427,14.0,0.09999999999999998
11428,-6.0,0.09999999999999998
11429,20.0,0.09999999999999998
11430,20.0,0.09999999999999998
11431,-4.0,0.09999999999999998
11432,10.0,0.09999999999999998
11433,7.0,0.09999999999999998
11434,12.0,0.09999999999999998
11435,14.0,0.09999999999999998
11436,32.0,0.09999999999999998
11437,48.0,0.09999999999999998
11438,50.0,0.09999999999999998
11439,-6.0,0.09999999999999998
11440,38.0,0.09999999999999998
11441,0.0,0.09999999999999998
11442,12.0,0.09999999999999998
11443,16.0,0.09999999999999998
11444,-2.0,0.09999999999999998
11445,-6.0,0.09999999999999998
11446,28.0,0.09999999999999998
11447,14.0,0.09999999999999998
11448,31.0,0.09999999999999998
11449,12.0,0.09999999999999998
11450,10.0,0.09999999999999998
11451,10.0,0.09999999999999998
11452,30.0,0.09999999999999998
11453,19.0,0.09999999999999998
11454,0.0,0.09999999999999998
11455,7.0,0.09999999999999998
11456,24.0,0.09999999999999998
11457,35.0,0.09999999999999998
11458,40.0,0.09999999999999998
11459,19.0,0.09999999999999998
11460,47.0,0.09999999999999998
11461,35.0,0.09999999999999998
11462,55.0,0.09999999999999998
11463,47.0,0.09999999999999998
11464,24.0,0.09999999999999998
11465,39.0,0.09999999999999998
11466,29.0,0.09999999999999998
11467,40.0,0.09999999999999998
11468,12.0,0.09999999999999998
11469,48.0,0.09999999999999998
11470,13.0,0.09999999999999998
11471,50.0,0.09999999999999998
11472,11.0,0.09999999999999998
11473,12.0,0.09999999999999998
11474,25.0,0.09999999999999998
11475,14.0,0.09999999999999998
11476,35.0,0.09999999999999998
11477,5.0,0.09999999999999998
11478,8.0,0.09999999999999998
11479,41.0,0.09999999999999998
11480,8.0,0.09999999999999998
11481,26.0,0.09999999999999998
11482,49.0,0.09999999999999998
11483,46.0,0.09999999999999998
11484,15.0,0.09999999999999998
11485,57.0,0.09999999999999998
11486,44.0,0.09999999999999998
11487,-14.0,0.09999999999999998
11488,-2.0,0.09999999999999998
11489,-12.0,0.09999999999999998
11490,4.0,0.09999999999999998
11491,24.0,0.09999999999999998
11492,20.0,0.09999999999999998
11493,14.0,0.09999999999999998
11494,24.0,0.09999999999999998
11495,0.0,0.09999999999999998
11496,1.0,0.09999999999999998
11497,31.0,0.09999999999999998
11498,23.0,0.09999999999999998
11499,41.0,0.09999999999999998
11500,3.0,0.09999999999999998
11501,47.0,0.09999999999999998
11502,43.0,0.09999999999999998
11503,34.0,0.09999999999999998
11504,33.0,0.09999999999999998
11505,-2.0,0.09999999999999998
11506,2.0,0.09999999999999998
11507,13.0,0.09999999999999998
11508,14.0,0.09999999999999998
11509,28.0,0.09999999999999998
11510,14.0,0.09999999999999998
11511,16.0,0.09999999999999998
11512,32.0,0.09999999999999998
11513,29.0,0.09999999999999998
11514,16.0,0.09999999999999998
11515,38.0,0.09999999999999998
11516,51.0,0.09999999999999998
11517,23.0,0.09999999999999998
11518,21.0,0.09999999999999998
11519,33.0,0.09999999999999998
11520,15.0,0.09999999999999998
11521,3.0,0.09999999999999998
11522,38.0,0.09999999999999998
11523,64.0,0.09999999999999998
11524,18.0,0.09999999999999998
11525,45.0,0.09999999999999998
11526,24.0,0.09999999999999998
11527,-4.0,0.09999999999999998
11528,39.0,0.09999999999999998
11529,15.0,0.09999999999999998
11530,36.0,0.09999999999999998
11531,-9.0,0.09999999999999998
11532,2.0,0.09999999999999998
11533,7.0,0.09999999999999998
11534,20.0,0.09999999999999998
11535,31.0,0.09999999999999998
11536,5.0,0.09999999999999998
11537,12.0,0.09999999999999998
11538,24.0,0.09999999999999998
11539,23.0,0.09999999999999998
11540,27.0,0.09999999999999998
11541,-5.0,0.09999999999999998
11542,20.0,0.09999999999999998
11543,41.0,0.09999999999999998
11544,25.0,0.09999999999999998
11545,27.0,0.09999999999999998
11546,7.0,0.09999999999999998
11547,0.0,0.09999999999999998
11548,42.0,0.09999999999999998
11549,53.0,0.09999999999999998
11550,25.0,0.09999999999999998
11551,15.0,0.09999999999999998
11552,22.0,0.09999999999999998
11553,26.0,0.09999999999999998
11554,-8.0,0.09999999999999998
11555,36.0,0.09999999999999998
11556,-14.0,0.09999999999999998
11557,53.0,0.09999999999999998
11558,9.0,0.09999999999999998
11559,23.0,0.09999999999999998
11560,30.0,0.09999999999999998
11561,38.0,0.09999999999999998
11562,13.0,0.09999999999999998
11563,0.0,0.09999999999999998
11564,23.0,0.09999999999999998
11565,7.0,0.09999999999999998
11566,30.0,0.09999999999999998
11567,47.0,0.09999999999999998
11568,14.0,0.09999999999999998
11569,40.0,0.09999999999999998
11570,47.0,0.09999999999999998
11571,14.0,0.09999999999999998
11572,24.0,0.09999999999999998
11573,15.0,0.09999999999999998
11574,57.0,0.09999999999999998
11575,32.0,0.09999999999999998
11576,20.0,0.09999999999999998
11577,29.0,0.09999999999999998
11578,15.0,0.09999999999999998
11579,33.0,0.09999999999999998
11580,40.0,0.09999999999999998
11581,29.0,0.09999999999999998
11582,26.0,0.09999999999999998
11583,14.0,0.09999999999999998
11584,11.0,0.09999999999999998
11585,8.0,0.09999999999999998
11586,15.0,0.09999999999999998
11587,16.0,0.09999999999999998
11588,19.0,0.09999999999999998
11589,11.0,0.09999999999999998
11590,17.0,0.09999999999999998
11591,41.0,0.09999999999999998
11592,-9.0,0.09999999999999998
11593,55.0,0.09999999999999998
11594,39.0,0.09999999999999998
11595,10.0,0.09999999999999998
11596,20.0,0.09999999999999998
11597,32.0,0.09999999999999998
11598,15.0,0.09999999999999998
11599,39.0,0.09999999999999998
11600,2.0,0.09999999999999998
11601,2.0,0.09999999999999998
11602,35.0,0.09999999999999998
11603,7.0,0.09999999999999998
11604,45.0,0.09999999999999998
11605,31.0,0.09999999999999998
11606,36.0,0.09999999999999998
11607,46.0,0.09999999999999998
11608,6.0,0.09999999999999998
11609,16.0,0.09999999999999998
11610,31.0,0.09999999999999998
11611,-13.0,0.09999999999999998
11612,33.0,0.09999999999999998
11613,60.0,0.09999999999999998
11614,36.0,0.09999999999999998
11615,45.0,0.09999999999999998
11616,45.0,0.09999999999999998
11617,-5.0,0.09999999999999998
11618,31.0,0.09999999999999998
11619,36.0,0.09999999999999998
11620,8.0,0.09999999999999998
11621,16.0,0.09999999999999998
11622,21.0,0.09999999999999998
11623,21.0,0.09999999999999998
11624,15.0,0.09999999999999998
11625,19.0,0.09999999999999998
11626,21.0,0.09999999999999998
11627,34.0,0.09999999999999998
11628,25.0,0.09999999999999998
11629,2.0,0.09999999999999998
11630,4.0,0.09999999999999998
11631,12.0,0.09999999999999998
11632,30.0,0.09999999999999998
11633,19.0,0.09999999999999998
11634,6.0,0.09999999999999998
11635,8.0,0.09999999999999998
11636,-6.0,0.09999999999999998
11637,11.0,0.09999999999999998
11638,-1.0,0.09999999999999998
11639,14.0,0.09999999999999998
11640,28.0,0.09999999999999998
11641,7.0,0.09999999999999998
11642,37.0,0.09999999999999998
11643,-7.0,0.09999999999999998
11644,35.0,0.09999999999999998
11645,12.0,0.09999999999999998
11646,5.0,0.09999999999999998
11647,6.0,0.09999999999999998
11648,19.0,0.09999999999999998
11649,4.0,0.09999999999999998
11650,15.0,0.09999999999999998
11651,20.0,0.09999999999999998
11652,-7.0,0.09999999999999998
11653,39.0,0.09999999999999998
11654,22.0,0.09999999999999998
11655,23.0,0.09999999999999998
11656,11.0,0.09999999999999998
11657,8.0,0.09999999999999998
11658,47.0,0.09999999999999998
11659,1.0,0.09999999999999998
11660,4.0,0.09999999999999998
11661,-12.0,0.09999999999999998
11662,9.0,0.09999999999999998
11663,10.0,0.09999999999999998
11664,7.0,0.09999999999999998
11665,29.0,0.09999999999999998
11666,26.0,0.09999999999999998
11667,-11.0,0.09999999999999998
11668,31.0,0.09999999999999998
11669,10.0,0.09999999999999998
11670,18.0,0.09999999999999998
11671,17.0,0.09999999999999998
11672,28.0,0.09999999999999998
11673,28.0,0.09999999999999998
11674,8.0,0.09999999999999998
11675,22.0,0.09999999999999998
11676,12.0,0.09999999999999998
11677,33.0,0.09999999999999998
11678,19.0,0.09999999999999998
11679,10.0,0.09999999999999998
11680,-3.0,0.09999999999999998
11681,10.0,0.09999999999999998
11682,31.0,0.09999999999999998
11683,11.0,0.09999999999999998
11684,23.0,0.09999999999999998
11685,13.0,0.09999999999999998
11686,22.0,0.09999999999999998
11687,17.0,0.09999999999999998
11688,-2.0,0.09999999999999998
11689,-2.0,0.09999999999999998
11690,-3.0,0.09999999999999998
11691,11.0,0.09999999999999998
11692,11.0,0.09999999999999998
11693,-12.0,0.09999999999999998
11694,0.0,0.09999999999999998
11695,4.0,0.09999999999999998
11696,4.0,0.09999999999999998
11697,13.0,0.09999999999999998
11698,6.0,0.09999999999999998
11699,28.0,0.09999999999999998
11700,27.0,0.09999999999999998
11701,1.0,0.09999999999999998
11702,15.0,0.09999999999999998
11703,-1.0,0.09999999999999998
11704,-1.0,0.09999999999999998
11705,3.0,0.09999999999999998
11706,34.0,0.09999999999999998
11707,-2.0,0.09999999999999998
11708,17.0,0.09999999999999998
11709,3.0,0.09999999999999998
11710,25.0,0.09999999999999998
11711,6.0,0.09999999999999998
11712,-8.0,0.09999999999999998
11713,8.0,0.09999999999999998
11714,22.0,0.09999999999999998
11715,6.0,0.09999999999999998
11716,2.0,0.09999999999999998
11717,4.0,0.09999999999999998
11718,2.0,0.09999999999999998
11719,14.0,0.09999999999999998
11720,10.0,0.09999999999999998
11721,-6.0,0.09999999999999998
11722,10.0,0.09999999999999998
11723,14.0,0.09999999999999998
11724,2.0,0.09999999999999998
11725,3.0,0.09999999999999998
11726,14.0,0.09999999999999998
11727,14.0,0.09999999999999998
11728,8.0,0.09999999999999998
11729,11.0,0.09999999999999998
11730,13.0,0.09999999999999998
11731,16.0,0.09999999999999998
11732,-8.0,0.09999999999999998
11733,22.0,0.09999999999999998
11734,0.0,0.09999999999999998
11735,12.0,0.09999999999999998
11736,5.0,0.09999999999999998
11737,4.0,0.09999999999999998
11738,9.0,0.09999999999999998
11739,-12.0,0.09999999999999998
11740,15.0,0.09999999999999998
11741,1.0,0.09999999999999998
11742,-3.0,0.09999999999999998
11743,11.0,0.09999999999999998
11744,-17.0,0.09999999999999998
11745,2.0,0.09999999999999998
11746,-5.0,0.09999999999999998
11747,15.0,0.09999999999999998
11748,2.0,0.09999999999999998
11749,11.0,0.09999999999999998
11750,0.0,0.09999999999999998
11751,-1.0,0.09999999999999998
11752,-19.0,0.09999999999999998
11753,30.0,0.09999999999999998
11754,5.0,0.09999999999999998
11755,-15.0,0.09999999999999998
11756,9.0,0.09999999999999998
11757,-5.0,0.09999999999999998
11758,-23.0,0.09999999999999998
11759,-2.0,0.09999999999999998
11760,7.0,0.09999999999999998
11761,10.0,0.09999999999999998
11762,-1.0,0.09999999999999998
11763,8.0,0.09999999999999998
11764,9.0,0.09999999999999998
11765,19.0,0.09999999999999998
11766,20.0,0.09999999999999998
11767,6.0,0.09999999999999998
11768,6.0,0.09999999999999998
11769,5.0,0.09999999999999998
11770,5.0,0.09999999999999998
11771,15.0,0.09999999999999998
11772,1.0,0.09999999999999998
11773,11.0,0.09999999999999998
11774,-8.0,0.09999999999999998
11775,3.0,0.09999999999999998
11776,16.0,0.09999999999999998
11777,-15.0,0.09999999999999998
11778,3.0,0.09999999999999998
11779,4.0,0.09999999999999998
11780,-1.0,0.09999999999999998
11781,-20.0,0.09999999999999998
11782,11.0,0.09999999999999998
11783,13.0,0.09999999999999998
11784,6.0,0.09999999999999998
11785,-3.0,0.09999999999999998
11786,-13.0,0.09999999999999998
11787,8.0,0.09999999999999998
11788,8.0,0.09999999999999998
11789,-7.0,0.09999999999999998
11790,1.0,0.09999999999999998
11791,-1.0,0.09999999999999998
11792,7.0,0.09999999999999998
11793,-12.0,0.09999999999999998
11794,-11.0,0.09999999999999998
11795,-2.0,0.09999999999999998
11796,0.0,0.09999999999999998
11797,7.0,0.09999999999999998
11798,-1.0,0.09999999999999998
11799,25.0,0.09999999999999998
11800,-12.0,0.09999999999999998
11801,-5.0,0.09999999999999998
11802,-23.0,0.09999999999999998
11803,-10.0,0.09999999999999998
11804,14.0,0.09999999999999998
11805,-12.0,0.09999999999999998
11806,9.0,0.09999999999999998
11807,3.0,0.09999999999999998
11808,24.0,0.09999999999999998
11809,20.0,0.09999999999999998
11810,-3.0,0.09999999999999998
11811,-10.0,0.09999999999999998
11812,3.0,0.09999999999999998
11813,1.0,0.09999999999999998
11814,-3.0,0.09999999999999998
11815,-6.0,0.09999999999999998
11816,4.0,0.09999999999999998
11817,-1.0,0.09999999999999998
11818,5.0,0.09999999999999998
11819,-9.0,0.09999999999999998
11820,7.0,0.09999999999999998
11821,2.0,0.09999999999999998
11822,14.0,0.09999999999999998
11823,17.0,0.09999999999999998
11824,5.0,0.09999999999999998
11825,2.0,0.09999999999999998
11826,15.0,0.09999999999999998
11827,11.0,0.09999999999999998
11828,-11.0,0.09999999999999998
11829,28.0,0.09999999999999998
11830,1.0,0.09999999999999998
11831,-1.0,0.09999999999999998
11832,12.0,0.09999999999999998
11833,-3.0,0.09999999999999998
11834,26.0,0.09999999999999998
11835,20.0,0.09999999999999998
11836,14.0,0.09999999999999998
11837,-17.0,0.09999999999999998
11838,14.0,0.09999999999999998
11839,30.0,0.09999999999999998
11840,13.0,0.09999999999999998
11841,-9.0,0.09999999999999998
11842,1.0,0.09999999999999998
11843,33.0,0.09999999999999998
11844,-23.0,0.09999999999999998
11845,-4.0,0.09999999999999998
11846,-3.0,0.09999999999999998
11847,16.0,0.09999999999999998
11848,12.0,0.09999999999999998
11849,15.0,0.09999999999999998
11850,24.0,0.09999999999999998
11851,41.0,0.09999999999999998
11852,10.0,0.09999999999999998
11853,41.0,0.09999999999999998
11854,14.0,0.09999999999999998
11855,12.0,0.09999999999999998
11856,-30.0,0.09999999999999998
11857,19.0,0.09999999999999998
11858,26.0,0.09999999999999998
11859,5.0,0.09999999999999998
11860,-6.0,0.09999999999999998
11861,5.0,0.09999999999999998
11862,37.0,0.09999999999999998
11863,14.0,0.09999999999999998
11864,-4.0,0.09999999999999998
11865,23.0,0.09999999999999998
11866,12.0,0.09999999999999998
11867,5.0,0.09999999999999998
11868,19.0,0.09999999999999998
11869,27.0,0.09999999999999998
11870,4.0,0.09999999999999998
11871,10.0,0.09999999999999998
11872,19.0,0.09999999999999998
11873,-7.0,0.09999999999999998
11874,-5.0,0.09999999999999998
11875,29.0,0.09999999999999998
11876,19.0,0.09999999999999998
11877,23.0,0.09999999999999998
11878,31.0,0.09999999999999998
11879,-3.0,0.09999999999999998
11880,14.0,0.09999999999999998
11881,0.0,0.09999999999999998
11882,-12.0,0.09999999999999998
11883,37.0,0.09999999999999998
11884,6.0,0.09999999999999998
11885,19.0,0.09999999999999998
11886,-8.0,0.09999999999999998
11887,46.0,0.09999999999999998
11888,15.0,0.09999999999999998
11889,7.0,0.09999999999999998
11890,27.0,0.09999999999999998
11891,-8.0,0.09999999999999998
11892,-20.0,0.09999999999999998
11893,2.0,0.09999999999999998
11894,-2.0,0.09999999999999998
11895,21.0,0.09999999999999998
11896,16.0,0.09999999999999998
11897,-17.0,0.09999999999999998
11898,10.0,0.09999999999999998
11899,6.0,0.09999999999999998
11900,20.0,0.09999999999999998
11901,16.0,0.09999999999999998
11902,34.0,0.09999999999999998
11903,10.0,0.09999999999999998
11904,11.0,0.09999999999999998
11905,-9.0,0.09999999999999998
11906,35.0,0.09999999999999998
11907,2.0,0.09999999999999998
11908,20.0,0.09999999999999998
11909,27.0,0.09999999999999998
11910,-20.0,0.09999999999999998
11911,11.0,0.09999999999999998
11912,39.0,0.09999999999999998
11913,10.0,0.09999999999999998
11914,25.0,0.09999999999999998
11915,-11.0,0.09999999999999998
11916,12.0,0.09999999999999998
11917,39.0,0.09999999999999998
11918,13.0,0.09999999999999998
11919,46.0,0.09999999999999998
11920,12.0,0.09999999999999998
11921,15.0,0.09999999999999998
11922,25.0,0.09999999999999998
11923,8.0,0.09999999999999998
11924,9.0,0.09999999999999998
11925,-1.0,0.09999999999999998
11926,-16.0,0.09999999999999998
11927,40.0,0.09999999999999998
11928,-5.0,0.09999999999999998
11929,-1.0,0.09999999999999998
11930,11.0,0.09999999999999998
11931,39.0,0.09999999999999998
11932,32.0,0.09999999999999998
11933,22.0,0.09999999999999998
11934,9.0,0.09999999999999998
11935,18.0,0.09999999999999998
11936,8.0,0.09999999999999998
11937,2.0,0.09999999999999998
11938,11.0,0.09999999999999998
11939,40.0,0.09999999999999998
11940,15.0,0.09999999999999998
11941,14.0,0.09999999999999998
11942,29.0,0.09999999999999998
11943,4.0,0.09999999999999998
11944,-16.0,0.09999999999999998
11945,21.0,0.09999999999999998
11946,30.0,0.09999999999999998
11947,20.0,0.09999999999999998
11948,13.0,0.09999999999999998
11949,35.0,0.09999999999999998
11950,14.0,0.09999999999999998
11951,12.0,0.09999999999999998
11952,9.0,0.09999999999999998
11953,3.0,0.09999999999999998
11954,34.0,0.09999999999999998
11955,12.0,0.09999999999999998
11956,44.0,0.09999999999999998
11957,-4.0,0.09999999999999998
11958,11.0,0.09999999999999998
11959,18.0,0.09999999999999998
11960,13.0,0.09999999999999998
11961,14.0,0.09999999999999998
11962,9.0,0.09999999999999998
11963,8.0,0.09999999999999998
11964,14.0,0.09999999999999998
11965,10.0,0.09999999999999998
11966,20.0,0.09999999999999998
11967,18.0,0.09999999999999998
11968,3.0,0.09999999999999998
11969,4.0,0.09999999999999998
11970,40.0,0.09999999999999998
11971,27.0,0.09999999999999998
11972,19.0,0.09999999999999998
11973,29.0,0.09999999999999998
11974,26.0,0.09999999999999998
11975,-3.0,0.09999999999999998
11976,-27.0,0.09999999999999998
11977,5.0,0.09999999999999998
11978,38.0,0.09999999999999998
11979,23.0,0.09999999999999998
11980,29.0,0.09999999999999998
11981,11.0,0.09999999999999998
11982,19.0,0.09999999999999998
11983,-3.0,0.09999999999999998
11984,3.0,0.09999999999999998
11985,7.0,0.09999999999999998
11986,-2.0,0.09999999999999998
11987,-8.0,0.09999999999999998
11988,5.0,0.09999999999999998
11989,5.0,0.09999999999999998
11990,-17.0,0.09999999999999998
11991,49.0,0.09999999999999998
11992,16.0,0.09999999999999998
11993,21.0,0.09999999999999998
11994,31.0,0.09999999999999998
11995,3.0,0.09999999999999998
11996,3.0,0.09999999999999998
11997,12.0,0.09999999999999998
11998,-8.0,0.09999999999999998
11999,23.0,0.09999999999999998
12000,14.0,0.09999999999999998
12001,50.0,0.09999999999999998
12002,36.0,0.09999999999999998
12003,22.0,0.09999999999999998
12004,27.0,0.09999999999999998
12005,31.0,0.09999999999999998
12006,13.0,0.09999999999999998
12007,8.0,0.09999999999999998
12008,23.0,0.09999999999999998
12009,39.0,0.09999999999999998
12010,2.0,0.09999999999999998
12011,1.0,0.09999999999999998
12012,29.0,0.09999999999999998
12013,30.0,0.09999999999999998
12014,21.0,0.09999999999999998
12015,33.0,0.09999999999999998
12016,21.0,0.09999999999999998
12017,-3.0,0.09999999999999998
12018,13.0,0.09999999999999998
12019,2.0,0.09999999999999998
12020,25.0,0.09999999999999998
12021,9.0,0.09999999999999998
12022,8.0,0.09999999999999998
12023,4.0,0.09999999999999998
12024,-1.0,0.09999999999999998
12025,2.0,0.09999999999999998
12026,-6.0,0.09999999999999998
12027,13.0,0.09999999999999998
12028,-7.0,0.09999999999999998
12029,-11.0,0.09999999999999998
12030,5.0,0.09999999999999998
12031,20.0,0.09999999999999998
12032,21.0,0.09999999999999998
12033,21.0,0.09999999999999998
12034,23.0,0.09999999999999998
12035,11.0,0.09999999999999998
12036,10.0,0.09999999999999998
12037,14.0,0.09999999999999998
12038,10.0,0.09999999999999998
12039,26.0,0.09999999999999998
12040,-1.0,0.09999999999999998
12041,-2.0,0.09999999999999998
12042,9.0,0.09999999999999998
12043,2.0,0.09999999999999998
12044,-9.0,0.09999999999999998
12045,-9.0,0.09999999999999998
12046,9.0,0.09999999999999998
12047,-17.0,0.09999999999999998
12048,20.0,0.09999999999999998
12049,0.0,0.09999999999999998
12050,27.0,0.09999999999999998
12051,14.0,0.09999999999999998
12052,20.0,0.09999999999999998
12053,16.0,0.09999999999999998
12054,17.0,0.09999999999999998
12055,1.0,0.09999999999999998
12056,18.0,0.09999999999999998
12057,-2.0,0.09999999999999998
12058,-3.0,0.09999999999999998
12059,-4.0,0.09999999999999998
12060,28.0,0.09999999999999998
12061,-6.0,0.09999999999999998
12062,9.0,0.09999999999999998
12063,-9.0,0.09999999999999998
12064,6.0,0.09999999999999998
12065,19.0,0.09999999999999998
12066,6.0,0.09999999999999998
12067,0.0,0.09999999999999998
12068,10.0,0.09999999999999998
12069,-6.0,0.09999999999999998
12070,8.0,0.09999999999999998
12071,4.0,0.09999999999999998
12072,5.0,0.09999999999999998
12073,-1.0,0.09999999999999998
12074,-7.0,0.09999999999999998
12075,22.0,0.09999999999999998
12076,-5.0,0.09999999999999998
12077,18.0,0.09999999999999998
12078,1.0,0.09999999999999998
12079,4.0,0.09999999999999998
12080,12.0,0.09999999999999998
12081,10.0,0.09999999999999998
12082,-6.0,0.09999999999999998
12083,-4.0,0.09999999999999998
12084,31.0,0.09999999999999998
12085,14.0,0.09999999999999998
12086,1.0,0.09999999999999998
12087,-5.0,0.09999999999999998
12088,-2.0,0.09999999999999998
12089,17.0,0.09999999999999998
12090,5.0,0.09999999999999998
12091,-8.0,0.09999999999999998
12092,3.0,0.09999999999999998
12093,3.0,0.09999999999999998
12094,27.0,0.09999999999999998
12095,6.0,0.09999999999999998
12096,4.0,0.09999999999999998
12097,22.0,0.09999999999999998
12098,13.0,0.09999999999999998
12099,2.0,0.09999999999999998
12100,16.0,0.09999999999999998
12101,16.0,0.09999999999999998
12102,18.0,0.09999999999999998
12103,-2.0,0.09999999999999998
12104,-3.0,0.09999999999999998
12105,22.0,0.09999999999999998
12106,26.0,0.09999999999999998
12107,24.0,0.09999999999999998
12108,13.0,0.09999999999999998
12109,4.0,0.09999999999999998
12110,21.0,0.09999999999999998
12111,-4.0,0.09999999999999998
12112,14.0,0.09999999999999998
12113,21.0,0.09999999999999998
12114,16.0,0.09999999999999998
12115,17.0,0.09999999999999998
12116,26.0,0.09999999999999998
12117,36.0,0.09999999999999998
12118,28.0,0.09999999999999998
12119,4.0,0.09999999999999998
12120,37.0,0.09999999999999998
12121,7.0,0.09999999999999998
12122,0.0,0.09999999999999998
12123,11.0,0.09999999999999998
12124,18.0,0.09999999999999998
12125,14.0,0.09999999999999998
12126,39.0,0.09999999999999998
12127,15.0,0.09999999999999998
12128,42.0,0.09999999999999998
12129,3.0,0.09999999999999998
12130,16.0,0.09999999999999998
12131,16.0,0.09999999999999998
12132,29.0,0.09999999999999998
12133,25.0,0.09999999999999998
12134,17.0,0.09999999999999998
12135,-10.0,0.09999999999999998
12136,31.0,0.09999999999999998
12137,14.0,0.09999999999999998
12138,7.0,0.09999999999999998
12139,11.0,0.09999999999999998
12140,13.0,0.09999999999999998
12141,31.0,0.09999999999999998
12142,30.0,0.09999999999999998
12143,-1.0,0.09999999999999998
12144,3.0,0.09999999999999998
12145,42.0,0.09999999999999998
12146,3.0,0.09999999999999998
12147,21.0,0.09999999999999998
12148,9.0,0.09999999999999998
12149,-4.0,0.09999999999999998
12150,27.0,0.09999999999999998
12151,13.0,0.09999999999999998
12152,25.0,0.09999999999999998
12153,28.0,0.09999999999999998
12154,-5.0,0.09999999999999998
12155,8.0,0.09999999999999998
12156,43.0,0.09999999999999998
12157,16.0,0.09999999999999998
12158,15.0,0.09999999999999998
12159,7.0,0.09999999999999998
12160,13.0,0.09999999999999998
12161,21.0,0.09999999999999998
12162,21.0,0.09999999999999998
12163,-2.0,0.09999999999999998
12164,-13.0,0.09999999999999998
12165,19.0,0.09999999999999998
12166,6.0,0.09999999999999998
12167,22.0,0.09999999999999998
12168,35.0,0.09999999999999998
12169,4.0,0.09999999999999998
12170,23.0,0.09999999999999998
12171,25.0,0.09999999999999998
12172,25.0,0.09999999999999998
12173,29.0,0.09999999999999998
12174,9.0,0.09999999999999998
12175,2.0,0.09999999999999998
12176,21.0,0.09999999999999998
12177,0.0,0.09999999999999998
12178,9.0,0.09999999999999998
12179,13.0,0.09999999999999998
12180,36.0,0.09999999999999998
12181,15.0,0.09999999999999998
12182,18.0,0.09999999999999998
12183,-4.0,0.09999999999999998
12184,3.0,0.09999999999999998
12185,28.0,0.09999999999999998
12186,7.0,0.09999999999999998
12187,6.0,0.09999999999999998
12188,13.0,0.09999999999999998
12189,16.0,0.09999999999999998
12190,13.0,0.09999999999999998
12191,-2.0,0.09999999999999998
12192,31.0,0.09999999999999998
12193,47.0,0.09999999999999998
12194,14.0,0.09999999999999998
12195,5.0,0.09999999999999998
12196,12.0,0.09999999999999998
12197,26.0,0.09999999999999998
12198,25.0,0.09999999999999998
12199,6.0,0.09999999999999998
12200,12.0,0.09999999999999998
12201,26.0,0.09999999999999998
12202,4.0,0.09999999999999998
12203,39.0,0.09999999999999998
12204,25.0,0.09999999999999998
12205,15.0,0.09999999999999998
12206,27.0,0.09999999999999998
12207,19.0,0.09999999999999998
12208,28.0,0.09999999999999998
12209,6.0,0.09999999999999998
12210,29.0,0.09999999999999998
12211,15.0,0.09999999999999998
12212,6.0,0.09999999999999998
12213,7.0,0.09999999999999998
12214,28.0,0.09999999999999998
12215,20.0,0.09999999999999998
12216,29.0,0.09999999999999998
12217,30.0,0.09999999999999998
12218,-2.0,0.09999999999999998
12219,18.0,0.09999999999999998
12220,12.0,0.09999999999999998
12221,56.0,0.09999999999999998
12222,21.0,0.09999999999999998
12223,26.0,0.09999999999999998
12224,10.0,0.09999999999999998
12225,42.0,0.09999999999999998
12226,20.0,0.09999999999999998
12227,17.0,0.09999999999999998
12228,23.0,0.09999999999999998
12229,8.0,0.09999999999999998
12230,13.0,0.09999999999999998
12231,16.0,0.09999999999999998
12232,9.0,0.09999999999999998
12233,29.0,0.09999999999999998
12234,44.0,0.09999999999999998
12235,17.0,0.09999999999999998
12236,24.0,0.09999999999999998
12237,-2.0,0.09999999999999998
12238,17.0,0.09999999999999998
12239,46.0,0.09999999999999998
12240,20.0,0.09999999999999998
12241,23.0,0.09999999999999998
12242,18.0,0.09999999999999998
12243,30.0,0.09999999999999998
12244,7.0,0.09999999999999998
12245,23.0,0.09999999999999998
12246,21.0,0.09999999999999998
12247,-10.0,0.09999999999999998
12248,15.0,0.09999999999999998
12249,30.0,0.09999999999999998
12250,12.0,0.09999999999999998
12251,34.0,0.09999999999999998
12252,23.0,0.09999999999999998
12253,17.0,0.09999999999999998
12254,13.0,0.09999999999999998
12255,-30.0,0.09999999999999998
12256,48.0,0.09999999999999998
12257,29.0,0.09999999999999998
12258,27.0,0.09999999999999998
12259,18.0,0.09999999999999998
12260,43.0,0.09999999999999998
12261,28.0,0.09999999999999998
12262,30.0,0.09999999999999998
12263,26.0,0.09999999999999998
12264,6.0,0.09999999999999998
12265,21.0,0.09999999999999998
12266,2.0,0.09999999999999998
12267,-22.0,0.09999999999999998
12268,16.0,0.09999999999999998
12269,52.0,0.09999999999999998
12270,16.0,0.09999999999999998
12271,20.0,0.09999999999999998
12272,22.0,0.09999999999999998
12273,40.0,0.09999999999999998
12274,15.0,0.09999999999999998
12275,31.0,0.09999999999999998
12276,-4.0,0.09999999999999998
12277,33.0,0.09999999999999998
12278,29.0,0.09999999999999998
12279,43.0,0.09999999999999998
12280,24.0,0.09999999999999998
12281,35.0,0.09999999999999998
12282,4.0,0.09999999999999998
12283,12.0,0.09999999999999998
12284,25.0,0.09999999999999998
12285,14.0,0.09999999999999998
12286,26.0,0.09999999999999998
12287,22.0,0.09999999999999998
12288,10.0,0.09999999999999998
12289,13.0,0.09999999999999998
12290,38.0,0.09999999999999998
12291,27.0,0.09999999999999998
12292,17.0,0.09999999999999998
12293,35.0,0.09999999999999998
12294,19.0,0.09999999999999998
12295,43.0,0.09999999999999998
12296,-1.0,0.09999999999999998
12297,3.0,0.09999999999999998
12298,23.0,0.09999999999999998
12299,37.0,0.09999999999999998
12300,27.0,0.09999999999999998
12301,11.0,0.09999999999999998
12302,13.0,0.09999999999999998
12303,26.0,0.09999999999999998
12304,30.0,0.09999999999999998
12305,19.0,0.09999999999999998
12306,38.0,0.09999999999999998
12307,17.0,0.09999999999999998
12308,28.0,0.09999999999999998
12309,51.0,0.09999999999999998
12310,24.0,0.09999999999999998
12311,10.0,0.09999999999999998
12312,26.0,0.09999999999999998
12313,15.0,0.09999999999999998
12314,30.0,0.09999999999999998
12315,13.0,0.09999999999999998
12316,14.0,0.09999999999999998
12317,18.0,0.09999999999999998
12318,15.0,0.09999999999999998
12319,9.0,0.09999999999999998
12320,10.0,0.09999999999999998
12321,0.0,0.09999999999999998
12322,35.0,0.09999999999999998
12323,22.0,0.09999999999999998
12324,11.0,0.09999999999999998
12325,26.0,0.09999999999999998
12326,15.0,0.09999999999999998
12327,14.0,0.09999999999999998
12328,11.0,0.09999999999999998
12329,6.0,0.09999999999999998
12330,1.0,0.09999999999999998
12331,34.0,0.09999999999999998
12332,10.0,0.09999999999999998
12333,7.0,0.09999999999999998
12334,12.0,0.09999999999999998
12335,21.0,0.09999999999999998
12336,53.0,0.09999999999999998
12337,27.0,0.09999999999999998
12338,12.0,0.09999999999999998
12339,35.0,0.09999999999999998
12340,21.0,0.09999999999999998
12341,13.0,0.09999999999999998
12342,30.0,0.09999999999999998
12343,19.0,0.09999999999999998
12344,49.0,0.09999999999999998
12345,37.0,0.09999999999999998
12346,36.0,0.09999999999999998
12347,18.0,0.09999999999999998
12348,26.0,0.09999999999999998
12349,11.0,0.09999999999999998
12350,18.0,0.09999999999999998
12351,26.0,0.09999999999999998
12352,18.0,0.09999999999999998
12353,37.0,0.09999999999999998
12354,1.0,0.09999999999999998
12355,30.0,0.09999999999999998
12356,6.0,0.09999999999999998
12357,12.0,0.09999999999999998
12358,17.0,0.09999999999999998
12359,11.0,0.09999999999999998
12360,32.0,0.09999999999999998
12361,14.0,0.09999999999999998
12362,3.0,0.09999999999999998
12363,8.0,0.09999999999999998
12364,17.0,0.09999999999999998
12365,27.0,0.09999999999999998
12366,12.0,0.09999999999999998
12367,30.0,0.09999999999999998
12368,8.0,0.09999999999999998
12369,11.0,0.09999999999999998
12370,35.0,0.09999999999999998
12371,24.0,0.09999999999999998
12372,2.0,0.09999999999999998
12373,35.0,0.09999999999999998
12374,19.0,0.09999999999999998
12375,33.0,0.09999999999999998
12376,43.0,0.09999999999999998
12377,10.0,0.09999999999999998
12378,54.0,0.09999999999999998
12379,-5.0,0.09999999999999998
12380,27.0,0.09999999999999998
12381,28.0,0.09999999999999998
12382,31.0,0.09999999999999998
12383,28.0,0.09999999999999998
12384,17.0,0.09999999999999998
12385,10.0,0.09999999999999998
12386,50.0,0.09999999999999998
12387,22.0,0.09999999999999998
12388,48.0,0.09999999999999998
12389,24.0,0.09999999999999998
12390,11.0,0.09999999999999998
12391,23.0,0.09999999999999998
12392,23.0,0.09999999999999998
12393,21.0,0.09999999999999998
12394,14.0,0.09999999999999998
12395,19.0,0.09999999999999998
12396,19.0,0.09999999999999998
12397,3.0,0.09999999999999998
12398,28.0,0.09999999999999998
12399,37.0,0.09999999999999998
12400,51.0,0.09999999999999998
12401,36.0,0.09999999999999998
12402,31.0,0.09999999999999998
12403,30.0,0.09999999999999998
12404,51.0,0.09999999999999998
12405,25.0,0.09999999999999998
12406,18.0,0.09999999999999998
12407,22.0,0.09999999999999998
12408,8.0,0.09999999999999998
12409,25.0,0.09999999999999998
12410,41.0,0.09999999999999998
12411,20.0,0.09999999999999998
12412,18.0,0.09999999999999998
12413,44.0,0.09999999999999998
12414,36.0,0.09999999999999998
12415,20.0,0.09999999999999998
12416,22.0,0.09999999999999998
12417,26.0,0.09999999999999998
12418,26.0,0.09999999999999998
12419,35.0,0.09999999999999998
12420,9.0,0.09999999999999998
12421,32.0,0.09999999999999998
12422,48.0,0.09999999999999998
12423,24.0,0.09999999999999998
12424,21.0,0.09999999999999998
12425,30.0,0.09999999999999998
12426,24.0,0.09999999999999998
12427,13.0,0.09999999999999998
12428,15.0,0.09999999999999998
12429,43.0,0.09999999999999998
12430,21.0,0.09999999999999998
12431,29.0,0.09999999999999998
12432,38.0,0.09999999999999998
12433,19.0,0.09999999999999998
12434,32.0,0.09999999999999998
12435,30.0,0.09999999999999998
12436,17.0,0.09999999999999998
12437,6.0,0.09999999999999998
12438,10.0,0.09999999999999998
12439,25.0,0.09999999999999998
12440,8.0,0.09999999999999998
12441,20.0,0.09999999999999998
12442,14.0,0.09999999999999998
12443,54.0,0.09999999999999998
12444,20.0,0.09999999999999998
12445,31.0,0.09999999999999998
12446,27.0,0.09999999999999998
12447,30.0,0.09999999999999998
12448,30.0,0.09999999999999998
12449,10.0,0.09999999999999998
12450,29.0,0.09999999999999998
12451,3.0,0.09999999999999998
12452,27.0,0.09999999999999998
12453,38.0,0.09999999999999998
12454,33.0,0.09999999999999998
12455,60.0,0.09999999999999998
12456,11.0,0.09999999999999998
12457,37.0,0.09999999999999998
12458,32.0,0.09999999999999998
12459,43.0,0.09999999999999998
12460,6.0,0.09999999999999998
12461,42.0,0.09999999999999998
12462,17.0,0.09999999999999998
12463,38.0,0.09999999999999998
12464,1.0,0.09999999999999998
12465,13.0,0.09999999999999998
12466,38.0,0.09999999999999998
12467,14.0,0.09999999999999998
12468,8.0,0.09999999999999998
12469,27.0,0.09999999999999998
12470,8.0,0.09999999999999998
12471,-2.0,0.09999999999999998
12472,36.0,0.09999999999999998
12473,-3.0,0.09999999999999998
12474,1.0,0.09999999999999998
12475,10.0,0.09999999999999998
12476,11.0,0.09999999999999998
12477,35.0,0.09999999999999998
12478,17.0,0.09999999999999998
12479,6.0,0.09999999999999998
12480,1.0,0.09999999999999998
12481,21.0,0.09999999999999998
12482,9.0,0.09999999999999998
12483,6.0,0.09999999999999998
12484,2.0,0.09999999999999998
12485,8.0,0.09999999999999998
12486,16.0,0.09999999999999998
12487,35.0,0.09999999999999998
12488,30.0,0.09999999999999998
12489,37.0,0.09999999999999998
12490,34.0,0.09999999999999998
12491,6.0,0.09999999999999998
12492,27.0,0.09999999999999998
12493,26.0,0.09999999999999998
12494,43.0,0.09999999999999998
12495,22.0,0.09999999999999998
12496,9.0,0.09999999999999998
12497,9.0,0.09999999999999998
12498,39.0,0.09999999999999998
12499,14.0,0.09999999999999998
12500,6.0,0.09999999999999998
12501,26.0,0.09999999999999998
12502,8.0,0.09999999999999998
12503,0.0,0.09999999999999998
12504,-20.0,0.09999999999999998
12505,14.0,0.09999999999999998
12506,15.0,0.09999999999999998
12507,27.0,0.09999999999999998
12508,14.0,0.09999999999999998
12509,14.0,0.09999999999999998
12510,11.0,0.09999999999999998
12511,23.0,0.09999999999999998
12512,18.0,0.09999999999999998
12513,38.0,0.09999999999999998
12514,15.0,0.09999999999999998
12515,43.0,0.09999999999999998
12516,31.0,0.09999999999999998
12517,9.0,0.09999999999999998
12518,3.0,0.09999999999999998
12519,11.0,0.09999999999999998
12520,-1.0,0.09999999999999998
12521,25.0,0.09999999999999998
12522,22.0,0.09999999999999998
12523,17.0,0.09999999999999998
12524,5.0,0.09999999999999998
12525,-6.0,0.09999999999999998
12526,3.0,0.09999999999999998
12527,8.0,0.09999999999999998
12528,21.0,0.09999999999999998
12529,18.0,0.09999999999999998
12530,6.0,0.09999999999999998
12531,12.0,0.09999999999999998
12532,8.0,0.09999999999999998
12533,22.0,0.09999999999999998
12534,34.0,0.09999999999999998
12535,14.0,0.09999999999999998
12536,24.0,0.09999999999999998
12537,39.0,0.09999999999999998
12538,10.0,0.09999999999999998
12539,10.0,0.09999999999999998
12540,23.0,0.09999999999999998
12541,11.0,0.09999999999999998
12542,46.0,0.09999999999999998
12543,2.0,0.09999999999999998
12544,17.0,0.09999999999999998
12545,27.0,0.09999999999999998
12546,35.0,0.09999999999999998
12547,12.0,0.09999999999999998
12548,26.0,0.09999999999999998
12549,21.0,0.09999999999999998
12550,28.0,0.09999999999999998
12551,18.0,0.09999999999999998
12552,38.0,0.09999999999999998
12553,37.0,0.09999999999999998
12554,16.0,0.09999999999999998
12555,15.0,0.09999999999999998
12556,33.0,0.09999999999999998
12557,27.0,0.09999999999999998
12558,31.0,0.09999999999999998
12559,26.0,0.09999999999999998
12560,9.0,0.09999999999999998
12561,20.0,0.09999999999999998
12562,9.0,0.09999999999999998
12563,22.0,0.09999999999999998
12564,17.0,0.09999999999999998
12565,33.0,0.09999999999999998
12566,6.0,0.09999999999999998
12567,19.0,0.09999999999999998
12568,27.0,0.09999999999999998
12569,27.0,0.09999999999999998
12570,41.0,0.09999999999999998
12571,26.0,0.09999999999999998
12572,31.0,0.09999999999999998
12573,45.0,0.09999999999999998
12574,-5.0,0.09999999999999998
12575,32.0,0.09999999999999998
12576,27.0,0.09999999999999998
12577,35.0,0.09999999999999998
12578,40.0,0.09999999999999998
12579,3.0,0.09999999999999998
12580,4.0,0.09999999999999998
12581,30.0,0.09999999999999998
12582,20.0,0.09999999999999998
12583,47.0,0.09999999999999998
12584,35.0,0.09999999999999998
12585,37.0,0.09999999999999998
12586,21.0,0.09999999999999998
12587,4.0,0.09999999999999998
12588,31.0,0.09999999999999998
12589,2.0,0.09999999999999998
12590,15.0,0.09999999999999998
12591,-8.0,0.09999999999999998
12592,9.0,0.09999999999999998
12593,29.0,0.09999999999999998
12594,51.0,0.09999999999999998
12595,20.0,0.09999999999999998
12596,15.0,0.09999999999999998
12597,32.0,0.09999999999999998
12598,29.0,0.09999999999999998
12599,34.0,0.09999999999999998
12600,10.0,0.09999999999999998
12601,-6.0,0.09999999999999998
12602,19.0,0.09999999999999998
12603,17.0,0.09999999999999998
12604,26.0,0.09999999999999998
12605,29.0,0.09999999999999998
12606,5.0,0.09999999999999998
12607,25.0,0.09999999999999998
12608,12.0,0.09999999999999998
12609,13.0,0.09999999999999998
12610,54.0,0.09999999999999998
12611,31.0,0.09999999999999998
12612,36.0,0.09999999999999998
12613,45.0,0.09999999999999998
12614,39.0,0.09999999999999998
12615,13.0,0.09999999999999998
12616,11.0,0.09999999999999998
12617,-9.0,0.09999999999999998
12618,25.0,0.09999999999999998
12619,55.0,0.09999999999999998
12620,9.0,0.09999999999999998
12621,16.0,0.09999999999999998
12622,28.0,0.09999999999999998
12623,29.0,0.09999999999999998
12624,43.0,0.09999999999999998
12625,7.0,0.09999999999999998
12626,36.0,0.09999999999999998
12627,46.0,0.09999999999999998
12628,28.0,0.09999999999999998
12629,29.0,0.09999999999999998
12630,22.0,0.09999999999999998
12631,9.0,0.09999999999999998
12632,43.0,0.09999999999999998
12633,23.0,0.09999999999999998
12634,11.0,0.09999999999999998
12635,35.0,0.09999999999999998
12636,12.0,0.09999999999999998
12637,12.0,0.09999999999999998
12638,9.0,0.09999999999999998
12639,2.0,0.09999999999999998
12640,16.0,0.09999999999999998
12641,39.0,0.09999999999999998
12642,45.0,0.09999999999999998
12643,29.0,0.09999999999999998
12644,54.0,0.09999999999999998
12645,41.0,0.09999999999999998
12646,56.0,0.09999999999999998
12647,18.0,0.09999999999999998
12648,33.0,0.09999999999999998
12649,-17.0,0.09999999999999998
12650,6.0,0.09999999999999998
12651,17.0,0.09999999999999998
12652,46.0,0.09999999999999998
12653,15.0,0.09999999999999998
12654,35.0,0.09999999999999998
12655,29.0,0.09999999999999998
12656,28.0,0.09999999999999998
12657,30.0,0.09999999999999998
12658,24.0,0.09999999999999998
12659,4.0,0.09999999999999998
12660,23.0,0.09999999999999998
12661,21.0,0.09999999999999998
12662,10.0,0.09999999999999998
12663,49.0,0.09999999999999998
12664,21.0,0.09999999999999998
12665,45.0,0.09999999999999998
12666,26.0,0.09999999999999998
12667,39.0,0.09999999999999998
12668,29.0,0.09999999999999998
12669,34.0,0.09999999999999998
12670,14.0,0.09999999999999998
12671,29.0,0.09999999999999998
12672,28.0,0.09999999999999998
12673,10.0,0.09999999999999998
12674,14.0,0.09999999999999998
12675,23.0,0.09999999999999998
12676,45.0,0.09999999999999998
12677,33.0,0.09999999999999998
12678,39.0,0.09999999999999998
12679,44.0,0.09999999999999998
12680,24.0,0.09999999999999998
12681,42.0,0.09999999999999998
12682,46.0,0.09999999999999998
12683,20.0,0.09999999999999998
12684,21.0,0.09999999999999998
12685,39.0,0.09999999999999998
12686,30.0,0.09999999999999998
12687,-3.0,0.09999999999999998
12688,31.0,0.09999999999999998
12689,17.0,0.09999999999999998
12690,18.0,0.09999999999999998
12691,27.0,0.09999999999999998
12692,-10.0,0.09999999999999998
12693,33.0,0.09999999999999998
12694,17.0,0.09999999999999998
12695,23.0,0.09999999999999998
12696,23.0,0.09999999999999998
12697,31.0,0.09999999999999998
12698,35.0,0.09999999999999998
12699,57.0,0.09999999999999998
12700,32.0,0.09999999999999998
12701,8.0,0.09999999999999998
12702,50.0,0.09999999999999998
12703,39.0,0.09999999999999998
12704,26.0,0.09999999999999998
12705,4.0,0.09999999999999998
12706,29.0,0.09999999999999998
12707,34.0,0.09999999999999998
12708,44.0,0.09999999999999998
12709,45.0,0.09999999999999998
12710,42.0,0.09999999999999998
12711,40.0,0.09999999999999998
12712,38.0,0.09999999999999998
12713,41.0,0.09999999999999998
12714,42.0,0.09999999999999998
12715,27.0,0.09999999999999998
12716,6.0,0.09999999999999998
12717,33.0,0.09999999999999998
12718,30.0,0.09999999999999998
12719,41.0,0.09999999999999998
12720,20.0,0.09999999999999998
12721,35.0,0.09999999999999998
12722,38.0,0.09999999999999998
12723,49.0,0.09999999999999998
12724,54.0,0.09999999999999998
12725,39.0,0.09999999999999998
12726,21.0,0.09999999999999998
12727,38.0,0.09999999999999998
12728,33.0,0.09999999999999998
12729,21.0,0.09999999999999998
12730,50.0,0.09999999999999998
12731,21.0,0.09999999999999998
12732,7.0,0.09999999999999998
12733,14.0,0.09999999999999998
12734,13.0,0.09999999999999998
12735,-18.0,0.09999999999999998
12736,20.0,0.09999999999999998
12737,26.0,0.09999999999999998
12738,14.0,0.09999999999999998
12739,6.0,0.09999999999999998
12740,15.0,0.09999999999999998
12741,17.0,0.09999999999999998
12742,35.0,0.09999999999999998
12743,-2.0,0.09999999999999998
12744,3.0,0.09999999999999998
12745,-2.0,0.09999999999999998
12746,24.0,0.09999999999999998
12747,18.0,0.09999999999999998
12748,39.0,0.09999999999999998
12749,25.0,0.09999999999999998
12750,29.0,0.09999999999999998
12751,15.0,0.09999999999999998
12752,42.0,0.09999999999999998
12753,3.0,0.09999999999999998
12754,15.0,0.09999999999999998
12755,-13.0,0.09999999999999998
12756,26.0,0.09999999999999998
12757,41.0,0.09999999999999998
12758,15.0,0.09999999999999998
12759,-4.0,0.09999999999999998
12760,-2.0,0.09999999999999998
12761,21.0,0.09999999999999998
12762,27.0,0.09999999999999998
12763,43.0,0.09999999999999998
12764,27.0,0.09999999999999998
12765,38.0,0.09999999999999998
12766,37.0,0.09999999999999998
12767,21.0,0.09999999999999998
12768,-4.0,0.09999999999999998
12769,16.0,0.09999999999999998
12770,21.0,0.09999999999999998
12771,-10.0,0.09999999999999998
12772,23.0,0.09999999999999998
12773,28.0,0.09999999999999998
12774,17.0,0.09999999999999998
12775,28.0,0.09999999999999998
12776,4.0,0.09999999999999998
12777,30.0,0.09999999999999998
12778,0.0,0.09999999999999998
12779,22.0,0.09999999999999998
12780,21.0,0.09999999999999998
12781,35.0,0.09999999999999998
12782,-12.0,0.09999999999999998
12783,-5.0,0.09999999999999998
12784,16.0,0.09999999999999998
12785,13.0,0.09999999999999998
12786,10.0,0.09999999999999998
12787,0.0,0.09999999999999998
12788,2.0,0.09999999999999998
12789,-5.0,0.09999999999999998
12790,2.0,0.09999999999999998
12791,14.0,0.09999999999999998
12792,17.0,0.09999999999999998
12793,0.0,0.09999999999999998
12794,21.0,0.09999999999999998
12795,14.0,0.09999999999999998
12796,35.0,0.09999999999999998
12797,-11.0,0.09999999999999998
12798,14.0,0.09999999999999998
12799,-24.0,0.09999999999999998
12800,36.0,0.09999999999999998
12801,22.0,0.09999999999999998
12802,14.0,0.09999999999999998
12803,26.0,0.09999999999999998
12804,1.0,0.09999999999999998
12805,3.0,0.09999999999999998
12806,24.0,0.09999999999999998
12807,15.0,0.09999999999999998
12808,3.0,0.09999999999999998
12809,8.0,0.09999999999999998
12810,-3.0,0.09999999999999998
12811,32.0,0.09999999999999998
12812,13.0,0.09999999999999998
12813,3.0,0.09999999999999998
12814,0.0,0.09999999999999998
12815,17.0,0.09999999999999998
12816,-5.0,0.09999999999999998
12817,37.0,0.09999999999999998
12818,0.0,0.09999999999999998
12819,13.0,0.09999999999999998
12820,18.0,0.09999999999999998
12821,22.0,0.09999999999999998
12822,35.0,0.09999999999999998
12823,31.0,0.09999999999999998
12824,40.0,0.09999999999999998
12825,-7.0,0.09999999999999998
12826,30.0,0.09999999999999998
12827,48.0,0.09999999999999998
12828,47.0,0.09999999999999998
12829,40.0,0.09999999999999998
12830,54.0,0.09999999999999998
12831,52.0,0.09999999999999998
12832,29.0,0.09999999999999998
12833,39.0,0.09999999999999998
12834,38.0,0.09999999999999998
12835,32.0,0.09999999999999998
12836,13.0,0.09999999999999998
12837,11.0,0.09999999999999998
12838,18.0,0.09999999999999998
12839,40.0,0.09999999999999998
12840,15.0,0.09999999999999998
12841,5.0,0.09999999999999998
12842,13.0,0.09999999999999998
12843,24.0,0.09999999999999998
12844,23.0,0.09999999999999998
12845,6.0,0.09999999999999998
12846,11.0,0.09999999999999998
12847,27.0,0.09999999999999998
12848,36.0,0.09999999999999998
12849,30.0,0.09999999999999998
12850,29.0,0.09999999999999998
12851,20.0,0.09999999999999998
12852,18.0,0.09999999999999998
12853,11.0,0.09999999999999998
12854,29.0,0.09999999999999998
12855,33.0,0.09999999999999998
12856,28.0,0.09999999999999998
12857,5.0,0.09999999999999998
12858,31.0,0.09999999999999998
12859,39.0,0.09999999999999998
12860,-17.0,0.09999999999999998
12861,30.0,0.09999999999999998
12862,-8.0,0.09999999999999998
12863,40.0,0.09999999999999998
12864,20.0,0.09999999999999998
12865,42.0,0.09999999999999998
12866,52.0,0.09999999999999998
12867,52.0,0.09999999999999998
12868,34.0,0.09999999999999998
12869,37.0,0.09999999999999998
12870,26.0,0.09999999999999998
12871,11.0,0.09999999999999998
12872,10.0,0.09999999999999998
12873,9.0,0.09999999999999998
12874,12.0,0.09999999999999998
12875,32.0,0.09999999999999998
12876,21.0,0.09999999999999998
12877,34.0,0.09999999999999998
12878,-3.0,0.09999999999999998
12879,-3.0,0.09999999999999998
12880,45.0,0.09999999999999998
12881,21.0,0.09999999999999998
12882,5.0,0.09999999999999998
12883,-12.0,0.09999999999999998
12884,28.0,0.09999999999999998
12885,40.0,0.09999999999999998
12886,23.0,0.09999999999999998
12887,22.0,0.09999999999999998
12888,18.0,0.09999999999999998
12889,28.0,0.09999999999999998
12890,14.0,0.09999999999999998
12891,20.0,0.09999999999999998
12892,-2.0,0.09999999999999998
12893,38.0,0.09999999999999998
12894,24.0,0.09999999999999998
12895,33.0,0.09999999999999998
12896,18.0,0.09999999999999998
12897,2.0,0.09999999999999998
12898,8.0,0.09999999999999998
12899,8.0,0.09999999999999998
12900,37.0,0.09999999999999998
12901,36.0,0.09999999999999998
12902,53.0,0.09999999999999998
12903,26.0,0.09999999999999998
12904,15.0,0.09999999999999998
12905,32.0,0.09999999999999998
12906,32.0,0.09999999999999998
12907,33.0,0.09999999999999998
12908,48.0,0.09999999999999998
12909,44.0,0.09999999999999998
12910,8.0,0.09999999999999998
12911,24.0,0.09999999999999998
12912,-2.0,0.09999999999999998
12913,35.0,0.09999999999999998
12914,34.0,0.09999999999999998
12915,1.0,0.09999999999999998
12916,30.0,0.09999999999999998
12917,37.0,0.09999999999999998
12918,38.0,0.09999999999999998
12919,27.0,0.09999999999999998
12920,12.0,0.09999999999999998
12921,39.0,0.09999999999999998
12922,46.0,0.09999999999999998
12923,25.0,0.09999999999999998
12924,38.0,0.09999999999999998
12925,21.0,0.09999999999999998
12926,39.0,0.09999999999999998
12927,38.0,0.09999999999999998
12928,48.0,0.09999999999999998
12929,48.0,0.09999999999999998
12930,8.0,0.09999999999999998
12931,36.0,0.09999999999999998
12932,41.0,0.09999999999999998
12933,8.0,0.09999999999999998
12934,33.0,0.09999999999999998
12935,29.0,0.09999999999999998
12936,41.0,0.09999999999999998
12937,35.0,0.09999999999999998
12938,25.0,0.09999999999999998
12939,30.0,0.09999999999999998
12940,27.0,0.09999999999999998
12941,43.0,0.09999999999999998
12942,51.0,0.09999999999999998
12943,44.0,0.09999999999999998
12944,19.0,0.09999999999999998
12945,29.0,0.09999999999999998
12946,18.0,0.09999999999999998
12947,37.0,0.09999999999999998
12948,34.0,0.09999999999999998
12949,-2.0,0.09999999999999998
12950,31.0,0.09999999999999998
12951,29.0,0.09999999999999998
12952,50.0,0.09999999999999998
12953,-9.0,0.09999999999999998
12954,29.0,0.09999999999999998
12955,22.0,0.09999999999999998
12956,4.0,0.09999999999999998
12957,42.0,0.09999999999999998
12958,9.0,0.09999999999999998
12959,20.0,0.09999999999999998
12960,16.0,0.09999999999999998
12961,36.0,0.09999999999999998
12962,17.0,0.09999999999999998
12963,26.0,0.09999999999999998
12964,33.0,0.09999999999999998
12965,23.0,0.09999999999999998
12966,23.0,0.09999999999999998
12967,31.0,0.09999999999999998
12968,32.0,0.09999999999999998
12969,37.0,0.09999999999999998
12970,40.0,0.09999999999999998
12971,21.0,0.09999999999999998
12972,11.0,0.09999999999999998
12973,4.0,0.09999999999999998
12974,39.0,0.09999999999999998
12975,40.0,0.09999999999999998
12976,14.0,0.09999999999999998
12977,19.0,0.09999999999999998
12978,5.0,0.09999999999999998
12979,7.0,0.09999999999999998
12980,42.0,0.09999999999999998
12981,33.0,0.09999999999999998
12982,14.0,0.09999999999999998
12983,19.0,0.09999999999999998
12984,-4.0,0.09999999999999998
12985,-3.0,0.09999999999999998
12986,22.0,0.09999999999999998
12987,26.0,0.09999999999999998
12988,12.0,0.09999999999999998
12989,22.0,0.09999999999999998
12990,37.0,0.09999999999999998
12991,28.0,0.09999999999999998
12992,1.0,0.09999999999999998
12993,37.0,0.09999999999999998
12994,19.0,0.09999999999999998
12995,23.0,0.09999999999999998
12996,27.0,0.09999999999999998
12997,41.0,0.09999999999999998
12998,34.0,0.09999999999999998
12999,15.0,0.09999999999999998
13000,53.0,0.09999999999999998
13001,18.0,0.09999999999999998
13002,45.0,0.09999999999999998
13003,35.0,0.09999999999999998
13004,16.0,0.09999999999999998
13005,27.0,0.09999999999999998
13006,35.0,0.09999999999999998
13007,27.0,0.09999999999999998
13008,27.0,0.09999999999999998
13009,40.0,0.09999999999999998
13010,29.0,0.09999999999999998
13011,40.0,0.09999999999999998
13012,36.0,0.09999999999999998
13013,25.0,0.09999999999999998
13014,31.0,0.09999999999999998
13015,41.0,0.09999999999999998
13016,29.0,0.09999999999999998
13017,30.0,0.09999999999999998
13018,18.0,0.09999999999999998
13019,7.0,0.09999999999999998
13020,19.0,0.09999999999999998
13021,12.0,0.09999999999999998
13022,22.0,0.09999999999999998
13023,26.0,0.09999999999999998
13024,28.0,0.09999999999999998
13025,9.0,0.09999999999999998
13026,7.0,0.09999999999999998
13027,2.0,0.09999999999999998
13028,26.0,0.09999999999999998
13029,15.0,0.09999999999999998
13030,26.0,0.09999999999999998
13031,15.0,0.09999999999999998
13032,36.0,0.09999999999999998
13033,21.0,0.09999999999999998
13034,37.0,0.09999999999999998
13035,-2.0,0.09999999999999998
13036,17.0,0.09999999999999998
13037,43.0,0.09999999999999998
13038,32.0,0.09999999999999998
13039,36.0,0.09999999999999998
13040,35.0,0.09999999999999998
13041,28.0,0.09999999999999998
13042,32.0,0.09999999999999998
13043,33.0,0.09999999999999998
13044,5.0,0.09999999999999998
13045,5.0,0.09999999999999998
13046,43.0,0.09999999999999998
13047,13.0,0.09999999999999998
13048,27.0,0.09999999999999998
13049,39.0,0.09999999999999998
13050,43.0,0.09999999999999998
13051,12.0,0.09999999999999998
13052,16.0,0.09999999999999998
13053,11.0,0.09999999999999998
13054,15.0,0.09999999999999998
13055,24.0,0.09999999999999998
13056,30.0,0.09999999999999998
13057,6.0,0.09999999999999998
13058,16.0,0.09999999999999998
13059,12.0,0.09999999999999998
13060,42.0,0.09999999999999998
13061,29.0,0.09999999999999998
13062,17.0,0.09999999999999998
13063,24.0,0.09999999999999998
13064,29.0,0.09999999999999998
13065,23.0,0.09999999999999998
13066,37.0,0.09999999999999998
13067,24.0,0.09999999999999998
13068,26.0,0.09999999999999998
13069,14.0,0.09999999999999998
13070,23.0,0.09999999999999998
13071,-7.0,0.09999999999999998
13072,27.0,0.09999999999999998
13073,22.0,0.09999999999999998
13074,19.0,0.09999999999999998
13075,24.0,0.09999999999999998
13076,33.0,0.09999999999999998
13077,39.0,0.09999999999999998
13078,33.0,0.09999999999999998
13079,12.0,0.09999999999999998
13080,22.0,0.09999999999999998
13081,0.0,0.09999999999999998
13082,32.0,0.09999999999999998
13083,35.0,0.09999999999999998
13084,18.0,0.09999999999999998
13085,17.0,0.09999999999999998
13086,5.0,0.09999999999999998
13087,27.0,0.09999999999999998
13088,40.0,0.09999999999999998
13089,32.0,0.09999999999999998
13090,37.0,0.09999999999999998
13091,2.0,0.09999999999999998
13092,22.0,0.09999999999999998
13093,23.0,0.09999999999999998
13094,20.0,0.09999999999999998
13095,33.0,0.09999999999999998
13096,33.0,0.09999999999999998
13097,57.0,0.09999999999999998
13098,26.0,0.09999999999999998
13099,26.0,0.09999999999999998
13100,39.0,0.09999999999999998
13101,1.0,0.09999999999999998
13102,50.0,0.09999999999999998
13103,10.0,0.09999999999999998
13104,4.0,0.09999999999999998
13105,23.0,0.09999999999999998
13106,4.0,0.09999999999999998
13107,1.0,0.09999999999999998
13108,39.0,0.09999999999999998
13109,-3.0,0.09999999999999998
13110,16.0,0.09999999999999998
13111,32.0,0.09999999999999998
13112,23.0,0.09999999999999998
13113,22.0,0.09999999999999998
13114,31.0,0.09999999999999998
13115,38.0,0.09999999999999998
13116,26.0,0.09999999999999998
13117,-13.0,0.09999999999999998
13118,52.0,0.09999999999999998
13119,-4.0,0.09999999999999998
13120,7.0,0.09999999999999998
13121,17.0,0.09999999999999998
13122,24.0,0.09999999999999998
13123,6.0,0.09999999999999998
13124,30.0,0.09999999999999998
13125,45.0,0.09999999999999998
13126,28.0,0.09999999999999998
13127,16.0,0.09999999999999998
13128,22.0,0.09999999999999998
13129,15.0,0.09999999999999998
13130,12.0,0.09999999999999998
13131,21.0,0.09999999999999998
13132,-4.0,0.09999999999999998
13133,17.0,0.09999999999999998
13134,10.0,0.09999999999999998
13135,21.0,0.09999999999999998
13136,20.0,0.09999999999999998
13137,13.0,0.09999999999999998
13138,17.0,0.09999999999999998
13139,14.0,0.09999999999999998
13140,9.0,0.09999999999999998
13141,16.0,0.09999999999999998
13142,26.0,0.09999999999999998
13143,18.0,0.09999999999999998
13144,15.0,0.09999999999999998
13145,34.0,0.09999999999999998
13146,33.0,0.09999999999999998
13147,21.0,0.09999999999999998
13148,9.0,0.09999999999999998
13149,46.0,0.09999999999999998
13150,24.0,0.09999999999999998
13151,13.0,0.09999999999999998
13152,54.0,0.09999999999999998
13153,17.0,0.09999999999999998
13154,13.0,0.09999999999999998
13155,37.0,0.09999999999999998
13156,20.0,0.09999999999999998
13157,3.0,0.09999999999999998
13158,15.0,0.09999999999999998
13159,23.0,0.09999999999999998
13160,14.0,0.09999999999999998
13161,24.0,0.09999999999999998
13162,7.0,0.09999999999999998
13163,28.0,0.09999999999999998
13164,31.0,0.09999999999999998
13165,37.0,0.09999999999999998
13166,33.0,0.09999999999999998
13167,46.0,0.09999999999999998
13168,11.0,0.09999999999999998
13169,9.0,0.09999999999999998
13170,11.0,0.09999999999999998
13171,19.0,0.09999999999999998
13172,19.0,0.09999999999999998
13173,12.0,0.09999999999999998
13174,40.0,0.09999999999999998
13175,16.0,0.09999999999999998
13176,41.0,0.09999999999999998
13177,34.0,0.09999999999999998
13178,42.0,0.09999999999999998
13179,27.0,0.09999999999999998
13180,11.0,0.09999999999999998
13181,-6.0,0.09999999999999998
13182,31.0,0.09999999999999998
13183,-16.0,0.09999999999999998
13184,4.0,0.09999999999999998
13185,3.0,0.09999999999999998
13186,12.0,0.09999999999999998
13187,44.0,0.09999999999999998
13188,16.0,0.09999999999999998
13189,26.0,0.09999999999999998
13190,38.0,0.09999999999999998
13191,13.0,0.09999999999999998
13192,3.0,0.09999999999999998
13193,35.0,0.09999999999999998
13194,24.0,0.09999999999999998
13195,23.0,0.09999999999999998
13196,30.0,0.09999999999999998
13197,28.0,0.09999999999999998
13198,21.0,0.09999999999999998
13199,22.0,0.09999999999999998
13200,16.0,0.09999999999999998
13201,15.0,0.09999999999999998
13202,9.0,0.09999999999999998
13203,29.0,0.09999999999999998
13204,18.0,0.09999999999999998
13205,13.0,0.09999999999999998
13206,8.0,0.09999999999999998
13207,23.0,0.09999999999999998
13208,23.0,0.09999999999999998
13209,29.0,0.09999999999999998
13210,42.0,0.09999999999999998
13211,20.0,0.09999999999999998
13212,33.0,0.09999999999999998
13213,39.0,0.09999999999999998
13214,13.0,0.09999999999999998
13215,7.0,0.09999999999999998
13216,33.0,0.09999999999999998
13217,19.0,0.09999999999999998
13218,8.0,0.09999999999999998
13219,13.0,0.09999999999999998
13220,13.0,0.09999999999999998
13221,10.0,0.09999999999999998
13222,26.0,0.09999999999999998
13223,10.0,0.09999999999999998
13224,0.0,0.09999999999999998
13225,16.0,0.09999999999999998
13226,21.0,0.09999999999999998
13227,-6.0,0.09999999999999998
13228,28.0,0.09999999999999998
13229,19.0,0.09999999999999998
13230,26.0,0.09999999999999998
13231,12.0,0.09999999999999998
13232,15.0,0.09999999999999998
13233,21.0,0.09999999999999998
13234,21.0,0.09999999999999998
13235,23.0,0.09999999999999998
13236,7.0,0.09999999999999998
13237,0.0,0.09999999999999998
13238,25.0,0.09999999999999998
13239,21.0,0.09999999999999998
13240,11.0,0.09999999999999998
13241,7.0,0.09999999999999998
13242,20.0,0.09999999999999998
13243,19.0,0.09999999999999998
13244,26.0,0.09999999999999998
13245,8.0,0.09999999999999998
13246,43.0,0.09999999999999998
13247,17.0,0.09999999999999998
13248,34.0,0.09999999999999998
13249,29.0,0.09999999999999998
13250,9.0,0.09999999999999998
13251,22.0,0.09999999999999998
13252,23.0,0.09999999999999998
13253,32.0,0.09999999999999998
13254,56.0,0.09999999999999998
13255,14.0,0.09999999999999998
13256,27.0,0.09999999999999998
13257,24.0,0.09999999999999998
13258,55.0,0.09999999999999998
13259,-8.0,0.09999999999999998
13260,9.0,0.09999999999999998
13261,28.0,0.09999999999999998
13262,40.0,0.09999999999999998
13263,17.0,0.09999999999999998
13264,17.0,0.09999999999999998
13265,31.0,0.09999999999999998
13266,14.0,0.09999999999999998
13267,21.0,0.09999999999999998
13268,41.0,0.09999999999999998
13269,35.0,0.09999999999999998
13270,33.0,0.09999999999999998
13271,-6.0,0.09999999999999998
13272,37.0,0.09999999999999998
13273,6.0,0.09999999999999998
13274,29.0,0.09999999999999998
13275,13.0,0.09999999999999998
13276,15.0,0.09999999999999998
13277,2.0,0.09999999999999998
13278,10.0,0.09999999999999998
13279,14.0,0.09999999999999998
13280,14.0,0.09999999999999998
13281,14.0,0.09999999999999998
13282,12.0,0.09999999999999998
13283,-1.0,0.09999999999999998
13284,43.0,0.09999999999999998
13285,27.0,0.09999999999999998
13286,11.0,0.09999999999999998
13287,21.0,0.09999999999999998
13288,-10.0,0.09999999999999998
13289,35.0,0.09999999999999998
13290,3.0,0.09999999999999998
13291,32.0,0.09999999999999998
13292,-6.0,0.09999999999999998
13293,4.0,0.09999999999999998
13294,25.0,0.09999999999999998
13295,17.0,0.09999999999999998
13296,41.0,0.09999999999999998
13297,6.0,0.09999999999999998
13298,0.0,0.09999999999999998
13299,11.0,0.09999999999999998
13300,19.0,0.09999999999999998
13301,-3.0,0.09999999999999998
13302,12.0,0.09999999999999998
13303,2.0,0.09999999999999998
13304,-14.0,0.09999999999999998
13305,22.0,0.09999999999999998
13306,14.0,0.09999999999999998
13307,28.0,0.09999999999999998
13308,10.0,0.09999999999999998
13309,-1.0,0.09999999999999998
13310,16.0,0.09999999999999998
13311,31.0,0.09999999999999998
13312,17.0,0.09999999999999998
13313,36.0,0.09999999999999998
13314,43.0,0.09999999999999998
13315,31.0,0.09999999999999998
13316,-3.0,0.09999999999999998
13317,15.0,0.09999999999999998
13318,8.0,0.09999999999999998
13319,16.0,0.09999999999999998
13320,19.0,0.09999999999999998
13321,14.0,0.09999999999999998
13322,-12.0,0.09999999999999998
13323,9.0,0.09999999999999998
13324,2.0,0.09999999999999998
13325,10.0,0.09999999999999998
13326,7.0,0.09999999999999998
13327,-1.0,0.09999999999999998
13328,28.0,0.09999999999999998
13329,13.0,0.09999999999999998
13330,16.0,0.09999999999999998
13331,29.0,0.09999999999999998
13332,16.0,0.09999999999999998
13333,34.0,0.09999999999999998
13334,42.0,0.09999999999999998
13335,36.0,0.09999999999999998
13336,14.0,0.09999999999999998
13337,5.0,0.09999999999999998
13338,42.0,0.09999999999999998
13339,-6.0,0.09999999999999998
13340,-14.0,0.09999999999999998
13341,23.0,0.09999999999999998
13342,32.0,0.09999999999999998
13343,-10.0,0.09999999999999998
13344,6.0,0.09999999999999998
13345,36.0,0.09999999999999998
13346,32.0,0.09999999999999998
13347,16.0,0.09999999999999998
13348,24.0,0.09999999999999998
13349,21.0,0.09999999999999998
13350,21.0,0.09999999999999998
13351,28.0,0.09999999999999998
13352,19.0,0.09999999999999998
13353,17.0,0.09999999999999998
13354,3.0,0.09999999999999998
13355,36.0,0.09999999999999998
13356,32.0,0.09999999999999998
13357,-1.0,0.09999999999999998
13358,-6.0,0.09999999999999998
13359,32.0,0.09999999999999998
13360,26.0,0.09999999999999998
13361,18.0,0.09999999999999998
13362,36.0,0.09999999999999998
13363,19.0,0.09999999999999998
13364,14.0,0.09999999999999998
13365,10.0,0.09999999999999998
13366,22.0,0.09999999999999998
13367,12.0,0.09999999999999998
13368,21.0,0.09999999999999998
13369,-5.0,0.09999999999999998
13370,-17.0,0.09999999999999998
13371,9.0,0.09999999999999998
13372,16.0,0.09999999999999998
13373,-40.0,0.09999999999999998
13374,8.0,0.09999999999999998
13375,10.0,0.09999999999999998
13376,29.0,0.09999999999999998
13377,-2.0,0.09999999999999998
13378,-4.0,0.09999999999999998
13379,40.0,0.09999999999999998
13380,16.0,0.09999999999999998
13381,24.0,0.09999999999999998
13382,0.0,0.09999999999999998
13383,18.0,0.09999999999999998
13384,9.0,0.09999999999999998
13385,-9.0,0.09999999999999998
13386,11.0,0.09999999999999998
13387,-10.0,0.09999999999999998
13388,15.0,0.09999999999999998
13389,2.0,0.09999999999999998
13390,50.0,0.09999999999999998
13391,-7.0,0.09999999999999998
13392,27.0,0.09999999999999998
13393,-2.0,0.09999999999999998
13394,38.0,0.09999999999999998
13395,29.0,0.09999999999999998
13396,9.0,0.09999999999999998
13397,2.0,0.09999999999999998
13398,-15.0,0.09999999999999998
13399,27.0,0.09999999999999998
13400,13.0,0.09999999999999998
13401,31.0,0.09999999999999998
13402,42.0,0.09999999999999998
13403,18.0,0.09999999999999998
13404,28.0,0.09999999999999998
13405,8.0,0.09999999999999998
13406,31.0,0.09999999999999998
13407,-1.0,0.09999999999999998
13408,11.0,0.09999999999999998
13409,10.0,0.09999999999999998
13410,18.0,0.09999999999999998
13411,13.0,0.09999999999999998
13412,13.0,0.09999999999999998
13413,6.0,0.09999999999999998
13414,2.0,0.09999999999999998
13415,12.0,0.09999999999999998
13416,-2.0,0.09999999999999998
13417,19.0,0.09999999999999998
13418,25.0,0.09999999999999998
13419,13.0,0.09999999999999998
13420,21.0,0.09999999999999998
13421,35.0,0.09999999999999998
13422,10.0,0.09999999999999998
13423,41.0,0.09999999999999998
13424,-1.0,0.09999999999999998
13425,12.0,0.09999999999999998
13426,25.0,0.09999999999999998
13427,5.0,0.09999999999999998
13428,28.0,0.09999999999999998
13429,13.0,0.09999999999999998
13430,9.0,0.09999999999999998
13431,14.0,0.09999999999999998
13432,17.0,0.09999999999999998
13433,2.0,0.09999999999999998
13434,14.0,0.09999999999999998
13435,14.0,0.09999999999999998
13436,-10.0,0.09999999999999998
13437,22.0,0.09999999999999998
13438,13.0,0.09999999999999998
13439,-3.0,0.09999999999999998
13440,6.0,0.09999999999999998
13441,10.0,0.09999999999999998
13442,3.0,0.09999999999999998
13443,12.0,0.09999999999999998
13444,15.0,0.09999999999999998
13445,16.0,0.09999999999999998
13446,-4.0,0.09999999999999998
13447,13.0,0.09999999999999998
13448,15.0,0.09999999999999998
13449,15.0,0.09999999999999998
13450,17.0,0.09999999999999998
13451,24.0,0.09999999999999998
13452,-13.0,0.09999999999999998
13453,15.0,0.09999999999999998
13454,33.0,0.09999999999999998
13455,6.0,0.09999999999999998
13456,13.0,0.09999999999999998
13457,49.0,0.09999999999999998
13458,10.0,0.09999999999999998
13459,6.0,0.09999999999999998
13460,18.0,0.09999999999999998
13461,24.0,0.09999999999999998
13462,4.0,0.09999999999999998
13463,7.0,0.09999999999999998
13464,2.0,0.09999999999999998
13465,-10.0,0.09999999999999998
13466,20.0,0.09999999999999998
13467,-7.0,0.09999999999999998
13468,10.0,0.09999999999999998
13469,47.0,0.09999999999999998
13470,33.0,0.09999999999999998
13471,6.0,0.09999999999999998
13472,25.0,0.09999999999999998
13473,9.0,0.09999999999999998
13474,7.0,0.09999999999999998
13475,14.0,0.09999999999999998
13476,17.0,0.09999999999999998
13477,2.0,0.09999999999999998
13478,2.0,0.09999999999999998
13479,24.0,0.09999999999999998
13480,5.0,0.09999999999999998
13481,-7.0,0.09999999999999998
13482,-13.0,0.09999999999999998
13483,-3.0,0.09999999999999998
13484,5.0,0.09999999999999998
13485,49.0,0.09999999999999998
13486,-3.0,0.09999999999999998
13487,19.0,0.09999999999999998
13488,15.0,0.09999999999999998
13489,30.0,0.09999999999999998
13490,22.0,0.09999999999999998
13491,17.0,0.09999999999999998
13492,4.0,0.09999999999999998
13493,-2.0,0.09999999999999998
13494,0.0,0.09999999999999998
13495,-4.0,0.09999999999999998
13496,-16.0,0.09999999999999998
13497,0.0,0.09999999999999998
13498,-2.0,0.09999999999999998
13499,-7.0,0.09999999999999998
13500,5.0,0.09999999999999998
13501,8.0,0.09999999999999998
13502,43.0,0.09999999999999998
13503,-5.0,0.09999999999999998
13504,34.0,0.09999999999999998
13505,17.0,0.09999999999999998
13506,23.0,0.09999999999999998
13507,-7.0,0.09999999999999998
13508,1.0,0.09999999999999998
13509,30.0,0.09999999999999998
13510,21.0,0.09999999999999998
13511,27.0,0.09999999999999998
13512,9.0,0.09999999999999998
13513,11.0,0.09999999999999998
13514,-6.0,0.09999999999999998
13515,-5.0,0.09999999999999998
13516,42.0,0.09999999999999998
13517,42.0,0.09999999999999998
13518,20.0,0.09999999999999998
13519,6.0,0.09999999999999998
13520,-8.0,0.09999999999999998
13521,1.0,0.09999999999999998
13522,-6.0,0.09999999999999998
13523,-3.0,0.09999999999999998
13524,-14.0,0.09999999999999998
13525,15.0,0.09999999999999998
13526,-3.0,0.09999999999999998
13527,10.0,0.09999999999999998
13528,-3.0,0.09999999999999998
13529,30.0,0.09999999999999998
13530,6.0,0.09999999999999998
13531,35.0,0.09999999999999998
13532,35.0,0.09999999999999998
13533,-4.0,0.09999999999999998
13534,-16.0,0.09999999999999998
13535,30.0,0.09999999999999998
13536,7.0,0.09999999999999998
13537,33.0,0.09999999999999998
13538,13.0,0.09999999999999998
13539,-15.0,0.09999999999999998
13540,48.0,0.09999999999999998
13541,13.0,0.09999999999999998
13542,-10.0,0.09999999999999998
13543,0.0,0.09999999999999998
13544,7.0,0.09999999999999998
13545,51.0,0.09999999999999998
13546,8.0,0.09999999999999998
13547,-1.0,0.09999999999999998
13548,28.0,0.09999999999999998
13549,3.0,0.09999999999999998
13550,24.0,0.09999999999999998
13551,23.0,0.09999999999999998
13552,4.0,0.09999999999999998
13553,24.0,0.09999999999999998
13554,10.0,0.09999999999999998
13555,13.0,0.09999999999999998
13556,15.0,0.09999999999999998
13557,18.0,0.09999999999999998
13558,13.0,0.09999999999999998
13559,31.0,0.09999999999999998
13560,8.0,0.09999999999999998
13561,24.0,0.09999999999999998
13562,11.0,0.09999999999999998
13563,-1.0,0.09999999999999998
13564,18.0,0.09999999999999998
13565,33.0,0.09999999999999998
13566,26.0,0.09999999999999998
13567,37.0,0.09999999999999998
13568,18.0,0.09999999999999998
13569,32.0,0.09999999999999998
13570,11.0,0.09999999999999998
13571,-12.0,0.09999999999999998
13572,11.0,0.09999999999999998
13573,14.0,0.09999999999999998
13574,29.0,0.09999999999999998
13575,40.0,0.09999999999999998
13576,12.0,0.09999999999999998
13577,32.0,0.09999999999999998
13578,7.0,0.09999999999999998
13579,22.0,0.09999999999999998
13580,3.0,0.09999999999999998
13581,16.0,0.09999999999999998
13582,18.0,0.09999999999999998
13583,13.0,0.09999999999999998
13584,4.0,0.09999999999999998
13585,38.0,0.09999999999999998
13586,38.0,0.09999999999999998
13587,15.0,0.09999999999999998
13588,28.0,0.09999999999999998
13589,24.0,0.09999999999999998
13590,18.0,0.09999999999999998
13591,-11.0,0.09999999999999998
13592,15.0,0.09999999999999998
13593,4.0,0.09999999999999998
13594,14.0,0.09999999999999998
13595,4.0,0.09999999999999998
13596,14.0,0.09999999999999998
13597,18.0,0.09999999999999998
13598,18.0,0.09999999999999998
13599,17.0,0.09999999999999998
13600,8.0,0.09999999999999998
13601,36.0,0.09999999999999998
13602,19.0,0.09999999999999998
13603,13.0,0.09999999999999998
13604,24.0,0.09999999999999998
13605,24.0,0.09999999999999998
13606,-2.0,0.09999999999999998
13607,16.0,0.09999999999999998
13608,38.0,0.09999999999999998
13609,11.0,0.09999999999999998
13610,20.0,0.09999999999999998
13611,-13.0,0.09999999999999998
13612,7.0,0.09999999999999998
13613,11.0,0.09999999999999998
13614,-3.0,0.09999999999999998
13615,33.0,0.09999999999999998
13616,18.0,0.09999999999999998
13617,20.0,0.09999999999999998
13618,9.0,0.09999999999999998
13619,11.0,0.09999999999999998
13620,14.0,0.09999999999999998
13621,-9.0,0.09999999999999998
13622,9.0,0.09999999999999998
13623,23.0,0.09999999999999998
13624,-6.0,0.09999999999999998
13625,8.0,0.09999999999999998
13626,34.0,0.09999999999999998
13627,18.0,0.09999999999999998
13628,5.0,0.09999999999999998
13629,43.0,0.09999999999999998
13630,-4.0,0.09999999999999998
13631,11.0,0.09999999999999998
13632,41.0,0.09999999999999998
13633,21.0,0.09999999999999998
13634,32.0,0.09999999999999998
13635,42.0,0.09999999999999998
13636,36.0,0.09999999999999998
13637,-9.0,0.09999999999999998
13638,22.0,0.09999999999999998
13639,17.0,0.09999999999999998
13640,38.0,0.09999999999999998
13641,30.0,0.09999999999999998
13642,39.0,0.09999999999999998
13643,5.0,0.09999999999999998
13644,38.0,0.09999999999999998
13645,40.0,0.09999999999999998
13646,40.0,0.09999999999999998
13647,14.0,0.09999999999999998
13648,21.0,0.09999999999999998
13649,11.0,0.09999999999999998
13650,55.0,0.09999999999999998
13651,-2.0,0.09999999999999998
13652,13.0,0.09999999999999998
13653,29.0,0.09999999999999998
13654,11.0,0.09999999999999998
13655,15.0,0.09999999999999998
13656,27.0,0.09999999999999998
13657,31.0,0.09999999999999998
13658,-5.0,0.09999999999999998
13659,21.0,0.09999999999999998
13660,5.0,0.09999999999999998
13661,22.0,0.09999999999999998
13662,12.0,0.09999999999999998
13663,-12.0,0.09999999999999998
13664,25.0,0.09999999999999998
13665,21.0,0.09999999999999998
13666,31.0,0.09999999999999998
13667,36.0,0.09999999999999998
13668,-4.0,0.09999999999999998
13669,-8.0,0.09999999999999998
13670,14.0,0.09999999999999998
13671,5.0,0.09999999999999998
13672,2.0,0.09999999999999998
13673,8.0,0.09999999999999998
13674,48.0,0.09999999999999998
13675,7.0,0.09999999999999998
13676,34.0,0.09999999999999998
13677,18.0,0.09999999999999998
13678,3.0,0.09999999999999998
13679,9.0,0.09999999999999998
13680,12.0,0.09999999999999998
13681,20.0,0.09999999999999998
13682,20.0,0.09999999999999998
13683,13.0,0.09999999999999998
13684,20.0,0.09999999999999998
13685,1.0,0.09999999999999998
13686,0.0,0.09999999999999998
13687,40.0,0.09999999999999998
13688,22.0,0.09999999999999998
13689,17.0,0.09999999999999998
13690,50.0,0.09999999999999998
13691,-3.0,0.09999999999999998
13692,35.0,0.09999999999999998
13693,9.0,0.09999999999999998
13694,17.0,0.09999999999999998
13695,21.0,0.09999999999999998
13696,27.0,0.09999999999999998
13697,6.0,0.09999999999999998
13698,8.0,0.09999999999999998
13699,30.0,0.09999999999999998
13700,23.0,0.09999999999999998
13701,30.0,0.09999999999999998
13702,17.0,0.09999999999999998
13703,17.0,0.09999999999999998
13704,-16.0,0.09999999999999998
13705,7.0,0.09999999999999998
13706,8.0,0.09999999999999998
13707,26.0,0.09999999999999998
13708,11.0,0.09999999999999998
13709,11.0,0.09999999999999998
13710,-2.0,0.09999999999999998
13711,21.0,0.09999999999999998
13712,31.0,0.09999999999999998
13713,17.0,0.09999999999999998
13714,18.0,0.09999999999999998
13715,22.0,0.09999999999999998
13716,4.0,0.09999999999999998
13717,9.0,0.09999999999999998
13718,48.0,0.09999999999999998
13719,-6.0,0.09999999999999998
13720,33.0,0.09999999999999998
13721,27.0,0.09999999999999998
13722,15.0,0.09999999999999998
13723,2.0,0.09999999999999998
13724,19.0,0.09999999999999998
13725,7.0,0.09999999999999998
13726,-14.0,0.09999999999999998
13727,31.0,0.09999999999999998
13728,-1.0,0.09999999999999998
13729,12.0,0.09999999999999998
13730,28.0,0.09999999999999998
13731,-1.0,0.09999999999999998
13732,43.0,0.09999999999999998
13733,1.0,0.09999999999999998
13734,34.0,0.09999999999999998
13735,47.0,0.09999999999999998
13736,6.0,0.09999999999999998
13737,-11.0,0.09999999999999998
13738,41.0,0.09999999999999998
13739,16.0,0.09999999999999998
13740,5.0,0.09999999999999998
13741,-5.0,0.09999999999999998
13742,30.0,0.09999999999999998
13743,16.0,0.09999999999999998
13744,7.0,0.09999999999999998
13745,0.0,0.09999999999999998
13746,8.0,0.09999999999999998
13747,2.0,0.09999999999999998
13748,13.0,0.09999999999999998
13749,10.0,0.09999999999999998
13750,7.0,0.09999999999999998
13751,2.0,0.09999999999999998
13752,-18.0,0.09999999999999998
13753,2.0,0.09999999999999998
13754,-11.0,0.09999999999999998
13755,0.0,0.09999999999999998
13756,28.0,0.09999999999999998
13757,-18.0,0.09999999999999998
13758,23.0,0.09999999999999998
13759,7.0,0.09999999999999998
13760,27.0,0.09999999999999998
13761,44.0,0.09999999999999998
13762,-22.0,0.09999999999999998
13763,2.0,0.09999999999999998
13764,2.0,0.09999999999999998
13765,13.0,0.09999999999999998
13766,4.0,0.09999999999999998
13767,13.0,0.09999999999999998
13768,-4.0,0.09999999999999998
13769,-2.0,0.09999999999999998
13770,10.0,0.09999999999999998
13771,13.0,0.09999999999999998
13772,7.0,0.09999999999999998
13773,1.0,0.09999999999999998
13774,13.0,0.09999999999999998
13775,3.0,0.09999999999999998
13776,4.0,0.09999999999999998
13777,3.0,0.09999999999999998
13778,25.0,0.09999999999999998
13779,18.0,0.09999999999999998
13780,6.0,0.09999999999999998
13781,6.0,0.09999999999999998
13782,17.0,0.09999999999999998
13783,-5.0,0.09999999999999998
13784,-1.0,0.09999999999999998
13785,19.0,0.09999999999999998
13786,7.0,0.09999999999999998
13787,13.0,0.09999999999999998
13788,6.0,0.09999999999999998
13789,7.0,0.09999999999999998
13790,-4.0,0.09999999999999998
13791,-3.0,0.09999999999999998
13792,-5.0,0.09999999999999998
13793,22.0,0.09999999999999998
13794,13.0,0.09999999999999998
13795,12.0,0.09999999999999998
13796,41.0,0.09999999999999998
13797,-3.0,0.09999999999999998
13798,-2.0,0.09999999999999998
13799,-1.0,0.09999999999999998
13800,6.0,0.09999999999999998
13801,6.0,0.09999999999999998
13802,20.0,0.09999999999999998
13803,4.0,0.09999999999999998
13804,25.0,0.09999999999999998
13805,2.0,0.09999999999999998
13806,6.0,0.09999999999999998
13807,3.0,0.09999999999999998
13808,2.0,0.09999999999999998
13809,-1.0,0.09999999999999998
13810,-10.0,0.09999999999999998
13811,4.0,0.09999999999999998
13812,1.0,0.09999999999999998
13813,-5.0,0.09999999999999998
13814,5.0,0.09999999999999998
13815,10.0,0.09999999999999998
13816,16.0,0.09999999999999998
13817,23.0,0.09999999999999998
13818,11.0,0.09999999999999998
13819,-3.0,0.09999999999999998
13820,8.0,0.09999999999999998
13821,-5.0,0.09999999999999998
13822,0.0,0.09999999999999998
13823,10.0,0.09999999999999998
13824,5.0,0.09999999999999998
13825,14.0,0.09999999999999998
13826,7.0,0.09999999999999998
13827,0.0,0.09999999999999998
13828,12.0,0.09999999999999998
13829,0.0,0.09999999999999998
13830,9.0,0.09999999999999998
13831,14.0,0.09999999999999998
13832,11.0,0.09999999999999998
13833,7.0,0.09999999999999998
13834,-10.0,0.09999999999999998
13835,1.0,0.09999999999999998
13836,9.0,0.09999999999999998
13837,14.0,0.09999999999999998
13838,9.0,0.09999999999999998
13839,0.0,0.09999999999999998
13840,2.0,0.09999999999999998
13841,-6.0,0.09999999999999998
13842,6.0,0.09999999999999998
13843,8.0,0.09999999999999998
13844,3.0,0.09999999999999998
13845,5.0,0.09999999999999998
13846,17.0,0.09999999999999998
13847,4.0,0.09999999999999998
13848,5.0,0.09999999999999998
13849,2.0,0.09999999999999998
13850,4.0,0.09999999999999998
13851,2.0,0.09999999999999998
13852,18.0,0.09999999999999998
13853,-1.0,0.09999999999999998
13854,13.0,0.09999999999999998
13855,9.0,0.09999999999999998
13856,3.0,0.09999999999999998
13857,-1.0,0.09999999999999998
13858,3.0,0.09999999999999998
13859,10.0,0.09999999999999998
13860,10.0,0.09999999999999998
13861,6.0,0.09999999999999998
13862,-7.0,0.09999999999999998
13863,5.0,0.09999999999999998
13864,-15.0,0.09999999999999998
13865,9.0,0.09999999999999998
13866,8.0,0.09999999999999998
13867,-1.0,0.09999999999999998
13868,-7.0,0.09999999999999998
13869,8.0,0.09999999999999998
13870,-16.0,0.09999999999999998
13871,8.0,0.09999999999999998
13872,3.0,0.09999999999999998
13873,-1.0,0.09999999999999998
13874,-15.0,0.09999999999999998
13875,2.0,0.09999999999999998
13876,0.0,0.09999999999999998
13877,2.0,0.09999999999999998
13878,-3.0,0.09999999999999998
13879,-11.0,0.09999999999999998
13880,-1.0,0.09999999999999998
13881,-5.0,0.09999999999999998
13882,-2.0,0.09999999999999998
13883,-18.0,0.09999999999999998
13884,9.0,0.09999999999999998
13885,4.0,0.09999999999999998
13886,4.0,0.09999999999999998
13887,-6.0,0.09999999999999998
13888,11.0,0.09999999999999998
13889,34.0,0.09999999999999998
13890,7.0,0.09999999999999998
13891,7.0,0.09999999999999998
13892,7.0,0.09999999999999998
13893,10.0,0.09999999999999998
13894,8.0,0.09999999999999998
13895,-5.0,0.09999999999999998
13896,4.0,0.09999999999999998
13897,12.0,0.09999999999999998
13898,5.0,0.09999999999999998
13899,-2.0,0.09999999999999998
13900,2.0,0.09999999999999998
13901,-7.0,0.09999999999999998
13902,11.0,0.09999999999999998
13903,12.0,0.09999999999999998
13904,2.0,0.09999999999999998
13905,12.0,0.09999999999999998
13906,12.0,0.09999999999999998
13907,-3.0,0.09999999999999998
13908,5.0,0.09999999999999998
13909,2.0,0.09999999999999998
13910,5.0,0.09999999999999998
13911,5.0,0.09999999999999998
13912,-15.0,0.09999999999999998
13913,24.0,0.09999999999999998
13914,29.0,0.09999999999999998
13915,12.0,0.09999999999999998
13916,12.0,0.09999999999999998
13917,17.0,0.09999999999999998
13918,19.0,0.09999999999999998
13919,-11.0,0.09999999999999998
13920,-5.0,0.09999999999999998
13921,5.0,0.09999999999999998
13922,-9.0,0.09999999999999998
13923,-12.0,0.09999999999999998
13924,0.0,0.09999999999999998
13925,-1.0,0.09999999999999998
13926,-9.0,0.09999999999999998
13927,-3.0,0.09999999999999998
13928,-5.0,0.09999999999999998
13929,2.0,0.09999999999999998
13930,-16.0,0.09999999999999998
13931,-4.0,0.09999999999999998
13932,-4.0,0.09999999999999998
13933,-4.0,0.09999999999999998
13934,0.0,0.09999999999999998
13935,-17.0,0.09999999999999998
13936,-7.0,0.09999999999999998
13937,-6.0,0.09999999999999998
13938,-1.0,0.09999999999999998
13939,-15.0,0.09999999999999998
13940,-2.0,0.09999999999999998
13941,2.0,0.09999999999999998
13942,-12.0,0.09999999999999998
13943,-1.0,0.09999999999999998
13944,5.0,0.09999999999999998
13945,0.0,0.09999999999999998
13946,-5.0,0.09999999999999998
13947,1.0,0.09999999999999998
13948,-7.0,0.09999999999999998
13949,-15.0,0.09999999999999998
13950,-19.0,0.09999999999999998
13951,-12.0,0.09999999999999998
13952,2.0,0.09999999999999998
13953,-4.0,0.09999999999999998
13954,-14.0,0.09999999999999998
13955,-26.0,0.09999999999999998
13956,1.0,0.09999999999999998
13957,-7.0,0.09999999999999998
13958,-19.0,0.09999999999999998
13959,-2.0,0.09999999999999998
13960,0.0,0.09999999999999998
13961,-20.0,0.09999999999999998
13962,-19.0,0.09999999999999998
13963,-4.0,0.09999999999999998
13964,1.0,0.09999999999999998
13965,-10.0,0.09999999999999998
13966,-14.0,0.09999999999999998
13967,-7.0,0.09999999999999998
13968,-9.0,0.09999999999999998
13969,-10.0,0.09999999999999998
13970,-13.0,0.09999999999999998
13971,-10.0,0.09999999999999998
13972,-12.0,0.09999999999999998
13973,-8.0,0.09999999999999998
13974,-5.0,0.09999999999999998
13975,-1.0,0.09999999999999998
13976,-9.0,0.09999999999999998
13977,3.0,0.09999999999999998
13978,9.0,0.09999999999999998
13979,9.0,0.09999999999999998
13980,-3.0,0.09999999999999998
13981,-12.0,0.09999999999999998
13982,-17.0,0.09999999999999998
13983,2.0,0.09999999999999998
13984,-1.0,0.09999999999999998
13985,-15.0,0.09999999999999998
13986,-5.0,0.09999999999999998
13987,-6.0,0.09999999999999998
13988,-41.0,0.09999999999999998
13989,-5.0,0.09999999999999998
13990,-3.0,0.09999999999999998
13991,-5.0,0.09999999999999998
13992,2.0,0.09999999999999998
13993,-1.0,0.09999999999999998
13994,-4.0,0.09999999999999998
13995,-11.0,0.09999999999999998
13996,-15.0,0.09999999999999998
13997,-8.0,0.09999999999999998
13998,-5.0,0.09999999999999998
13999,-6.0,0.09999999999999998
14000,-15.0,0.09999999999999998
14001,-12.0,0.09999999999999998
14002,-11.0,0.09999999999999998
14003,-22.0,0.09999999999999998
14004,3.0,0.09999999999999998
14005,-10.0,0.09999999999999998
14006,7.0,0.09999999999999998
14007,1.0,0.09999999999999998
14008,-3.0,0.09999999999999998
14009,-33.0,0.09999999999999998
14010,2.0,0.09999999999999998
14011,-15.0,0.09999999999999998
14012,-16.0,0.09999999999999998
14013,-12.0,0.09999999999999998
14014,-10.0,0.09999999999999998
14015,1.0,0.09999999999999998
14016,-5.0,0.09999999999999998
14017,-11.0,0.09999999999999998
14018,-13.0,0.09999999999999998
14019,-1.0,0.09999999999999998
14020,-13.0,0.09999999999999998
14021,-17.0,0.09999999999999998
14022,-2.0,0.09999999999999998
14023,-4.0,0.09999999999999998
14024,-11.0,0.09999999999999998
14025,-8.0,0.09999999999999998
14026,-1.0,0.09999999999999998
14027,0.0,0.09999999999999998
14028,-1.0,0.09999999999999998
14029,-10.0,0.09999999999999998
14030,-4.0,0.09999999999999998
14031,4.0,0.09999999999999998
14032,-3.0,0.09999999999999998
14033,-11.0,0.09999999999999998
14034,4.0,0.09999999999999998
14035,5.0,0.09999999999999998
14036,-8.0,0.09999999999999998
14037,-8.0,0.09999999999999998
14038,-5.0,0.09999999999999998
14039,-1.0,0.09999999999999998
14040,-8.0,0.09999999999999998
14041,-12.0,0.09999999999999998
14042,-1.0,0.09999999999999998
14043,-5.0,0.09999999999999998
14044,-1.0,0.09999999999999998
14045,-14.0,0.09999999999999998
14046,3.0,0.09999999999999998
14047,1.0,0.09999999999999998
14048,-18.0,0.09999999999999998
14049,-13.0,0.09999999999999998
14050,-1.0,0.09999999999999998
14051,-11.0,0.09999999999999998
14052,1.0,0.09999999999999998
14053,-8.0,0.09999999999999998
14054,-9.0,0.09999999999999998
14055,-2.0,0.09999999999999998
14056,-6.0,0.09999999999999998
14057,8.0,0.09999999999999998
14058,0.0,0.09999999999999998
14059,-18.0,0.09999999999999998
14060,-18.0,0.09999999999999998
14061,1.0,0.09999999999999998
14062,-12.0,0.09999999999999998
14063,-7.0,0.09999999999999998
14064,7.0,0.09999999999999998
14065,-1.0,0.09999999999999998
14066,-13.0,0.09999999999999998
14067,-15.0,0.09999999999999998
14068,-5.0,0.09999999999999998
14069,8.0,0.09999999999999998
14070,0.0,0.09999999999999998
14071,9.0,0.09999999999999998
14072,-9.0,0.09999999999999998
14073,-10.0,0.09999999999999998
14074,-7.0,0.09999999999999998
14075,-10.0,0.09999999999999998
14076,22.0,0.09999999999999998
14077,0.0,0.09999999999999998
14078,7.0,0.09999999999999998
14079,1.0,0.09999999999999998
14080,-10.0,0.09999999999999998
14081,-23.0,0.09999999999999998
14082,-1.0,0.09999999999999998
14083,0.0,0.09999999999999998
14084,-6.0,0.09999999999999998
14085,13.0,0.09999999999999998
14086,-4.0,0.09999999999999998
14087,-3.0,0.09999999999999998
14088,-12.0,0.09999999999999998
14089,3.0,0.09999999999999998
14090,16.0,0.09999999999999998
14091,-8.0,0.09999999999999998
14092,-13.0,0.09999999999999998
14093,-12.0,0.09999999999999998
14094,-3.0,0.09999999999999998
14095,0.0,0.09999999999999998
14096,-3.0,0.09999999999999998
14097,4.0,0.09999999999999998
14098,-3.0,0.09999999999999998
14099,-4.0,0.09999999999999998
14100,1.0,0.09999999999999998
14101,12.0,0.09999999999999998
14102,6.0,0.09999999999999998
14103,-10.0,0.09999999999999998
14104,-4.0,0.09999999999999998
14105,-10.0,0.09999999999999998
14106,-10.0,0.09999999999999998
14107,2.0,0.09999999999999998
14108,-6.0,0.09999999999999998
14109,-3.0,0.09999999999999998
14110,1.0,0.09999999999999998
14111,-1.0,0.09999999999999998
14112,5.0,0.09999999999999998
14113,-2.0,0.09999999999999998
14114,1.0,0.09999999999999998
14115,-1.0,0.09999999999999998
14116,-9.0,0.09999999999999998
14117,7.0,0.09999999999999998
14118,-17.0,0.09999999999999998
14119,-9.0,0.09999999999999998
14120,4.0,0.09999999999999998
14121,-7.0,0.09999999999999998
14122,-6.0,0.09999999999999998
14123,-9.0,0.09999999999999998
14124,-21.0,0.09999999999999998
14125,-8.0,0.09999999999999998
14126,-1.0,0.09999999999999998
14127,4.0,0.09999999999999998
14128,-5.0,0.09999999999999998
14129,-14.0,0.09999999999999998
14130,1.0,0.09999999999999998
14131,-13.0,0.09999999999999998
14132,-6.0,0.09999999999999998
14133,-11.0,0.09999999999999998
14134,-4.0,0.09999999999999998
14135,1.0,0.09999999999999998
14136,-9.0,0.09999999999999998
14137,1.0,0.09999999999999998
14138,-9.0,0.09999999999999998
14139,-8.0,0.09999999999999998
14140,-4.0,0.09999999999999998
14141,1.0,0.09999999999999998
14142,5.0,0.09999999999999998
14143,-4.0,0.09999999999999998
14144,8.0,0.09999999999999998
14145,-9.0,0.09999999999999998
14146,8.0,0.09999999999999998
14147,3.0,0.09999999999999998
14148,-1.0,0.09999999999999998
14149,-6.0,0.09999999999999998
14150,-16.0,0.09999999999999998
14151,-15.0,0.09999999999999998
14152,0.0,0.09999999999999998
14153,-9.0,0.09999999999999998
14154,-5.0,0.09999999999999998
14155,-10.0,0.09999999999999998
14156,-2.0,0.09999999999999998
14157,-14.0,0.09999999999999998
14158,-2.0,0.09999999999999998
14159,-15.0,0.09999999999999998
14160,3.0,0.09999999999999998
14161,0.0,0.09999999999999998
14162,-9.0,0.09999999999999998
14163,1.0,0.09999999999999998
14164,-1.0,0.09999999999999998
14165,-1.0,0.09999999999999998
14166,-1.0,0.09999999999999998
14167,3.0,0.09999999999999998
14168,-1.0,0.09999999999999998
14169,-2.0,0.09999999999999998
14170,4.0,0.09999999999999998
14171,4.0,0.09999999999999998
14172,2.0,0.09999999999999998
14173,-8.0,0.09999999999999998
14174,-13.0,0.09999999999999998
14175,0.0,0.09999999999999998
14176,7.0,0.09999999999999998
14177,-1.0,0.09999999999999998
14178,-7.0,0.09999999999999998
14179,-3.0,0.09999999999999998
14180,-3.0,0.09999999999999998
14181,-10.0,0.09999999999999998
14182,-12.0,0.09999999999999998
14183,-16.0,0.09999999999999998
14184,-14.0,0.09999999999999998
14185,-6.0,0.09999999999999998
14186,-22.0,0.09999999999999998
14187,-7.0,0.09999999999999998
14188,-4.0,0.09999999999999998
14189,-6.0,0.09999999999999998
14190,-13.0,0.09999999999999998
14191,-2.0,0.09999999999999998
14192,-9.0,0.09999999999999998
14193,-9.0,0.09999999999999998
14194,8.0,0.09999999999999998
14195,0.0,0.09999999999999998
14196,-14.0,0.09999999999999998
14197,17.0,0.09999999999999998
14198,4.0,0.09999999999999998
14199,4.0,0.09999999999999998
14200,-3.0,0.09999999999999998
14201,21.0,0.09999999999999998
14202,0.0,0.09999999999999998
14203,13.0,0.09999999999999998
14204,2.0,0.09999999999999998
14205,2.0,0.09999999999999998
14206,-7.0,0.09999999999999998
14207,11.0,0.09999999999999998
14208,-6.0,0.09999999999999998
14209,18.0,0.09999999999999998
14210,20.0,0.09999999999999998
14211,18.0,0.09999999999999998
14212,-2.0,0.09999999999999998
14213,-3.0,0.09999999999999998
14214,0.0,0.09999999999999998
14215,-3.0,0.09999999999999998
14216,-2.0,0.09999999999999998
14217,0.0,0.09999999999999998
14218,3.0,0.09999999999999998
14219,1.0,0.09999999999999998
14220,-9.0,0.09999999999999998
14221,-14.0,0.09999999999999998
14222,-4.0,0.09999999999999998
14223,12.0,0.09999999999999998
14224,3.0,0.09999999999999998
14225,26.0,0.09999999999999998
14226,6.0,0.09999999999999998
14227,16.0,0.09999999999999998
14228,0.0,0.09999999999999998
14229,-13.0,0.09999999999999998
14230,-2.0,0.09999999999999998
14231,14.0,0.09999999999999998
14232,10.0,0.09999999999999998
14233,1.0,0.09999999999999998
14234,-6.0,0.09999999999999998
14235,12.0,0.09999999999999998
14236,18.0,0.09999999999999998
14237,15.0,0.09999999999999998
14238,27.0,0.09999999999999998
14239,5.0,0.09999999999999998
14240,-8.0,0.09999999999999998
14241,-2.0,0.09999999999999998
14242,16.0,0.09999999999999998
14243,1.0,0.09999999999999998
14244,4.0,0.09999999999999998
14245,10.0,0.09999999999999998
14246,6.0,0.09999999999999998
14247,-12.0,0.09999999999999998
14248,10.0,0.09999999999999998
14249,12.0,0.09999999999999998
14250,6.0,0.09999999999999998
14251,-3.0,0.09999999999999998
14252,5.0,0.09999999999999998
14253,-9.0,0.09999999999999998
14254,-1.0,0.09999999999999998
14255,7.0,0.09999999999999998
14256,33.0,0.09999999999999998
14257,18.0,0.09999999999999998
14258,-9.0,0.09999999999999998
14259,6.0,0.09999999999999998
14260,13.0,0.09999999999999998
14261,7.0,0.09999999999999998
14262,5.0,0.09999999999999998
14263,4.0,0.09999999999999998
14264,1.0,0.09999999999999998
14265,0.0,0.09999999999999998
14266,3.0,0.09999999999999998
14267,-14.0,0.09999999999999998
14268,18.0,0.09999999999999998
14269,16.0,0.09999999999999998
14270,19.0,0.09999999999999998
14271,32.0,0.09999999999999998
14272,4.0,0.09999999999999998
14273,-7.0,0.09999999999999998
14274,8.0,0.09999999999999998
14275,8.0,0.09999999999999998
14276,-8.0,0.09999999999999998
14277,25.0,0.09999999999999998
14278,-8.0,0.09999999999999998
14279,3.0,0.09999999999999998
14280,5.0,0.09999999999999998
14281,36.0,0.09999999999999998
14282,3.0,0.09999999999999998
14283,23.0,0.09999999999999998
14284,17.0,0.09999999999999998
14285,47.0,0.09999999999999998
14286,45.0,0.09999999999999998
14287,19.0,0.09999999999999998
14288,17.0,0.09999999999999998
14289,-3.0,0.09999999999999998
14290,10.0,0.09999999999999998
14291,44.0,0.09999999999999998
14292,17.0,0.09999999999999998
14293,7.0,0.09999999999999998
14294,7.0,0.09999999999999998
14295,2.0,0.09999999999999998
14296,-3.0,0.09999999999999998
14297,-1.0,0.09999999999999998
14298,7.0,0.09999999999999998
14299,23.0,0.09999999999999998
14300,17.0,0.09999999999999998
14301,-14.0,0.09999999999999998
14302,-5.0,0.09999999999999998
14303,26.0,0.09999999999999998
14304,20.0,0.09999999999999998
14305,5.0,0.09999999999999998
14306,2.0,0.09999999999999998
14307,3.0,0.09999999999999998
14308,21.0,0.09999999999999998
14309,7.0,0.09999999999999998
14310,7.0,0.09999999999999998
14311,38.0,0.09999999999999998
14312,6.0,0.09999999999999998
14313,-5.0,0.09999999999999998
14314,-7.0,0.09999999999999998
14315,-21.0,0.09999999999999998
14316,5.0,0.09999999999999998
14317,2.0,0.09999999999999998
14318,-3.0,0.09999999999999998
14319,20.0,0.09999999999999998
14320,-3.0,0.09999999999999998
14321,-8.0,0.09999999999999998
14322,-8.0,0.09999999999999998
14323,-12.0,0.09999999999999998
14324,25.0,0.09999999999999998
14325,-5.0,0.09999999999999998
14326,17.0,0.09999999999999998
14327,-6.0,0.09999999999999998
14328,6.0,0.09999999999999998
14329,36.0,0.09999999999999998
14330,-13.0,0.09999999999999998
14331,17.0,0.09999999999999998
14332,25.0,0.09999999999999998
14333,17.0,0.09999999999999998
14334,21.0,0.09999999999999998
14335,29.0,0.09999999999999998
14336,18.0,0.09999999999999998
14337,36.0,0.09999999999999998
14338,33.0,0.09999999999999998
14339,6.0,0.09999999999999998
14340,5.0,0.09999999999999998
14341,-6.0,0.09999999999999998
14342,17.0,0.09999999999999998
14343,-6.0,0.09999999999999998
14344,-2.0,0.09999999999999998
14345,19.0,0.09999999999999998
14346,24.0,0.09999999999999998
14347,8.0,0.09999999999999998
14348,9.0,0.09999999999999998
14349,3.0,0.09999999999999998
14350,2.0,0.09999999999999998
14351,14.0,0.09999999999999998
14352,13.0,0.09999999999999998
14353,-2.0,0.09999999999999998
14354,38.0,0.09999999999999998
14355,19.0,0.09999999999999998
14356,16.0,0.09999999999999998
14357,6.0,0.09999999999999998
14358,36.0,0.09999999999999998
14359,-1.0,0.09999999999999998
14360,3.0,0.09999999999999998
14361,35.0,0.09999999999999998
14362,13.0,0.09999999999999998
14363,20.0,0.09999999999999998
14364,8.0,0.09999999999999998
14365,5.0,0.09999999999999998
14366,0.0,0.09999999999999998
14367,6.0,0.09999999999999998
14368,-8.0,0.09999999999999998
14369,-22.0,0.09999999999999998
14370,0.0,0.09999999999999998
14371,9.0,0.09999999999999998
14372,5.0,0.09999999999999998
14373,8.0,0.09999999999999998
14374,20.0,0.09999999999999998
14375,20.0,0.09999999999999998
14376,25.0,0.09999999999999998
14377,14.0,0.09999999999999998
14378,1.0,0.09999999999999998
14379,38.0,0.09999999999999998
14380,21.0,0.09999999999999998
14381,11.0,0.09999999999999998
14382,37.0,0.09999999999999998
14383,5.0,0.09999999999999998
14384,10.0,0.09999999999999998
14385,-2.0,0.09999999999999998
14386,33.0,0.09999999999999998
14387,19.0,0.09999999999999998
14388,12.0,0.09999999999999998
14389,15.0,0.09999999999999998
14390,52.0,0.09999999999999998
14391,10.0,0.09999999999999998
14392,14.0,0.09999999999999998
14393,-1.0,0.09999999999999998
14394,24.0,0.09999999999999998
14395,4.0,0.09999999999999998
14396,26.0,0.09999999999999998
14397,25.0,0.09999999999999998
14398,10.0,0.09999999999999998
14399,25.0,0.09999999999999998
14400,3.0,0.09999999999999998
14401,21.0,0.09999999999999998
14402,34.0,0.09999999999999998
14403,22.0,0.09999999999999998
14404,11.0,0.09999999999999998
14405,29.0,0.09999999999999998
14406,34.0,0.09999999999999998
14407,38.0,0.09999999999999998
14408,13.0,0.09999999999999998
14409,35.0,0.09999999999999998
14410,2.0,0.09999999999999998
14411,27.0,0.09999999999999998
14412,11.0,0.09999999999999998
14413,3.0,0.09999999999999998
14414,8.0,0.09999999999999998
14415,8.0,0.09999999999999998
14416,20.0,0.09999999999999998
14417,28.0,0.09999999999999998
14418,17.0,0.09999999999999998
14419,24.0,0.09999999999999998
14420,20.0,0.09999999999999998
14421,25.0,0.09999999999999998
14422,18.0,0.09999999999999998
14423,10.0,0.09999999999999998
14424,-6.0,0.09999999999999998
14425,-2.0,0.09999999999999998
14426,6.0,0.09999999999999998
14427,43.0,0.09999999999999998
14428,14.0,0.09999999999999998
14429,37.0,0.09999999999999998
14430,23.0,0.09999999999999998
14431,5.0,0.09999999999999998
14432,-13.0,0.09999999999999998
14433,10.0,0.09999999999999998
14434,20.0,0.09999999999999998
14435,7.0,0.09999999999999998
14436,11.0,0.09999999999999998
14437,24.0,0.09999999999999998
14438,-4.0,0.09999999999999998
14439,15.0,0.09999999999999998
14440,16.0,0.09999999999999998
14441,17.0,0.09999999999999998
14442,19.0,0.09999999999999998
14443,30.0,0.09999999999999998
14444,46.0,0.09999999999999998
14445,28.0,0.09999999999999998
14446,8.0,0.09999999999999998
14447,19.0,0.09999999999999998
14448,38.0,0.09999999999999998
14449,47.0,0.09999999999999998
14450,9.0,0.09999999999999998
14451,15.0,0.09999999999999998
14452,29.0,0.09999999999999998
14453,11.0,0.09999999999999998
14454,21.0,0.09999999999999998
14455,-8.0,0.09999999999999998
14456,24.0,0.09999999999999998
14457,21.0,0.09999999999999998
14458,6.0,0.09999999999999998
14459,19.0,0.09999999999999998
14460,21.0,0.09999999999999998
14461,18.0,0.09999999999999998
14462,18.0,0.09999999999999998
14463,-2.0,0.09999999999999998
14464,16.0,0.09999999999999998
14465,16.0,0.09999999999999998
14466,12.0,0.09999999999999998
14467,35.0,0.09999999999999998
14468,13.0,0.09999999999999998
14469,38.0,0.09999999999999998
14470,5.0,0.09999999999999998
14471,29.0,0.09999999999999998
14472,44.0,0.09999999999999998
14473,9.0,0.09999999999999998
14474,9.0,0.09999999999999998
14475,-11.0,0.09999999999999998
14476,9.0,0.09999999999999998
14477,10.0,0.09999999999999998
14478,1.0,0.09999999999999998
14479,30.0,0.09999999999999998
14480,8.0,0.09999999999999998
14481,14.0,0.09999999999999998
14482,25.0,0.09999999999999998
14483,16.0,0.09999999999999998
14484,17.0,0.09999999999999998
14485,20.0,0.09999999999999998
14486,31.0,0.09999999999999998
14487,7.0,0.09999999999999998
14488,4.0,0.09999999999999998
14489,15.0,0.09999999999999998
14490,14.0,0.09999999999999998
14491,15.0,0.09999999999999998
14492,12.0,0.09999999999999998
14493,10.0,0.09999999999999998
14494,5.0,0.09999999999999998
14495,7.0,0.09999999999999998
14496,46.0,0.09999999999999998
14497,17.0,0.09999999999999998
14498,36.0,0.09999999999999998
14499,24.0,0.09999999999999998
14500,11.0,0.09999999999999998
14501,21.0,0.09999999999999998
14502,31.0,0.09999999999999998
14503,30.0,0.09999999999999998
14504,23.0,0.09999999999999998
14505,9.0,0.09999999999999998
14506,-4.0,0.09999999999999998
14507,2.0,0.09999999999999998
14508,39.0,0.09999999999999998
14509,33.0,0.09999999999999998
14510,39.0,0.09999999999999998
14511,33.0,0.09999999999999998
14512,43.0,0.09999999999999998
14513,12.0,0.09999999999999998
14514,33.0,0.09999999999999998
14515,12.0,0.09999999999999998
14516,-1.0,0.09999999999999998
14517,25.0,0.09999999999999998
14518,19.0,0.09999999999999998
14519,14.0,0.09999999999999998
14520,5.0,0.09999999999999998
14521,10.0,0.09999999999999998
14522,30.0,0.09999999999999998
14523,14.0,0.09999999999999998
14524,21.0,0.09999999999999998
14525,27.0,0.09999999999999998
14526,1.0,0.09999999999999998
14527,20.0,0.09999999999999998
14528,6.0,0.09999999999999998
14529,-1.0,0.09999999999999998
14530,28.0,0.09999999999999998
14531,16.0,0.09999999999999998
14532,41.0,0.09999999999999998
14533,8.0,0.09999999999999998
14534,20.0,0.09999999999999998
14535,0.0,0.09999999999999998
14536,25.0,0.09999999999999998
14537,13.0,0.09999999999999998
14538,44.0,0.09999999999999998
14539,4.0,0.09999999999999998
14540,22.0,0.09999999999999998
14541,16.0,0.09999999999999998
14542,18.0,0.09999999999999998
14543,33.0,0.09999999999999998
14544,16.0,0.09999999999999998
14545,36.0,0.09999999999999998
14546,25.0,0.09999999999999998
14547,-3.0,0.09999999999999998
14548,15.0,0.09999999999999998
14549,-3.0,0.09999999999999998
14550,27.0,0.09999999999999998
14551,11.0,0.09999999999999998
14552,9.0,0.09999999999999998
14553,12.0,0.09999999999999998
14554,33.0,0.09999999999999998
14555,7.0,0.09999999999999998
14556,22.0,0.09999999999999998
14557,14.0,0.09999999999999998
14558,27.0,0.09999999999999998
14559,30.0,0.09999999999999998
14560,34.0,0.09999999999999998
14561,3.0,0.09999999999999998
14562,36.0,0.09999999999999998
14563,27.0,0.09999999999999998
14564,4.0,0.09999999999999998
14565,53.0,0.09999999999999998
14566,13.0,0.09999999999999998
14567,22.0,0.09999999999999998
14568,19.0,0.09999999999999998
14569,42.0,0.09999999999999998
14570,13.0,0.09999999999999998
14571,16.0,0.09999999999999998
14572,-6.0,0.09999999999999998
14573,9.0,0.09999999999999998
14574,4.0,0.09999999999999998
14575,17.0,0.09999999999999998
14576,12.0,0.09999999999999998
14577,17.0,0.09999999999999998
14578,42.0,0.09999999999999998
14579,31.0,0.09999999999999998
14580,55.0,0.09999999999999998
14581,-3.0,0.09999999999999998
14582,9.0,0.09999999999999998
14583,10.0,0.09999999999999998
14584,23.0,0.09999999999999998
14585,37.0,0.09999999999999998
14586,26.0,0.09999999999999998
14587,18.0,0.09999999999999998
14588,-19.0,0.09999999999999998
14589,0.0,0.09999999999999998
14590,0.0,0.09999999999999998
14591,4.0,0.09999999999999998
14592,26.0,0.09999999999999998
14593,1.0,0.09999999999999998
14594,2.0,0.09999999999999998
14595,10.0,0.09999999999999998
14596,12.0,0.09999999999999998
14597,6.0,0.09999999999999998
14598,12.0,0.09999999999999998
14599,-6.0,0.09999999999999998
14600,3.0,0.09999999999999998
14601,19.0,0.09999999999999998
14602,13.0,0.09999999999999998
14603,18.0,0.09999999999999998
14604,29.0,0.09999999999999998
14605,-5.0,0.09999999999999998
14606,10.0,0.09999999999999998
14607,12.0,0.09999999999999998
14608,16.0,0.09999999999999998
14609,5.0,0.09999999999999998
14610,34.0,0.09999999999999998
14611,29.0,0.09999999999999998
14612,-1.0,0.09999999999999998
14613,18.0,0.09999999999999998
14614,26.0,0.09999999999999998
14615,45.0,0.09999999999999998
14616,10.0,0.09999999999999998
14617,1.0,0.09999999999999998
14618,20.0,0.09999999999999998
14619,21.0,0.09999999999999998
14620,9.0,0.09999999999999998
14621,8.0,0.09999999999999998
14622,11.0,0.09999999999999998
14623,14.0,0.09999999999999998
14624,5.0,0.09999999999999998
14625,24.0,0.09999999999999998
14626,31.0,0.09999999999999998
14627,48.0,0.09999999999999998
14628,40.0,0.09999999999999998
14629,5.0,0.09999999999999998
14630,0.0,0.09999999999999998
14631,15.0,0.09999999999999998
14632,30.0,0.09999999999999998
14633,5.0,0.09999999999999998
14634,25.0,0.09999999999999998
14635,-6.0,0.09999999999999998
14636,24.0,0.09999999999999998
14637,27.0,0.09999999999999998
14638,16.0,0.09999999999999998
14639,29.0,0.09999999999999998
14640,30.0,0.09999999999999998
14641,30.0,0.09999999999999998
14642,38.0,0.09999999999999998
14643,6.0,0.09999999999999998
14644,23.0,0.09999999999999998
14645,23.0,0.09999999999999998
14646,37.0,0.09999999999999998
14647,27.0,0.09999999999999998
14648,34.0,0.09999999999999998
14649,23.0,0.09999999999999998
14650,23.0,0.09999999999999998
14651,34.0,0.09999999999999998
14652,3.0,0.09999999999999998
14653,2.0,0.09999999999999998
14654,39.0,0.09999999999999998
14655,13.0,0.09999999999999998
14656,41.0,0.09999999999999998
14657,32.0,0.09999999999999998
14658,47.0,0.09999999999999998
14659,19.0,0.09999999999999998
14660,10.0,0.09999999999999998
14661,4.0,0.09999999999999998
14662,55.0,0.09999999999999998
14663,32.0,0.09999999999999998
14664,41.0,0.09999999999999998
14665,35.0,0.09999999999999998
14666,43.0,0.09999999999999998
14667,32.0,0.09999999999999998
14668,1.0,0.09999999999999998
14669,23.0,0.09999999999999998
14670,26.0,0.09999999999999998
14671,-4.0,0.09999999999999998
14672,22.0,0.09999999999999998
14673,21.0,0.09999999999999998
14674,33.0,0.09999999999999998
14675,-11.0,0.09999999999999998
14676,13.0,0.09999999999999998
14677,29.0,0.09999999999999998
14678,29.0,0.09999999999999998
14679,28.0,0.09999999999999998
14680,28.0,0.09999999999999998
14681,32.0,0.09999999999999998
14682,33.0,0.09999999999999998
14683,25.0,0.09999999999999998
14684,5.0,0.09999999999999998
14685,44.0,0.09999999999999998
14686,20.0,0.09999999999999998
14687,7.0,0.09999999999999998
14688,14.0,0.09999999999999998
14689,21.0,0.09999999999999998
14690,20.0,0.09999999999999998
14691,19.0,0.09999999999999998
14692,28.0,0.09999999999999998
14693,12.0,0.09999999999999998
14694,6.0,0.09999999999999998
14695,20.0,0.09999999999999998
14696,15.0,0.09999999999999998
14697,18.0,0.09999999999999998
14698,23.0,0.09999999999999998
14699,36.0,0.09999999999999998
14700,23.0,0.09999999999999998
14701,31.0,0.09999999999999998
14702,29.0,0.09999999999999998
14703,22.0,0.09999999999999998
14704,24.0,0.09999999999999998
14705,35.0,0.09999999999999998
14706,33.0,0.09999999999999998
14707,6.0,0.09999999999999998
14708,3.0,0.09999999999999998
14709,8.0,0.09999999999999998
14710,33.0,0.09999999999999998
14711,28.0,0.09999999999999998
14712,27.0,0.09999999999999998
14713,11.0,0.09999999999999998
14714,11.0,0.09999999999999998
14715,34.0,0.09999999999999998
14716,9.0,0.09999999999999998
14717,49.0,0.09999999999999998
14718,10.0,0.09999999999999998
14719,17.0,0.09999999999999998
14720,19.0,0.09999999999999998
14721,43.0,0.09999999999999998
14722,65.0,0.09999999999999998
14723,27.0,0.09999999999999998
14724,27.0,0.09999999999999998
14725,40.0,0.09999999999999998
14726,39.0,0.09999999999999998
14727,23.0,0.09999999999999998
14728,21.0,0.09999999999999998
14729,21.0,0.09999999999999998
14730,25.0,0.09999999999999998
14731,34.0,0.09999999999999998
14732,10.0,0.09999999999999998
14733,24.0,0.09999999999999998
14734,24.0,0.09999999999999998
14735,45.0,0.09999999999999998
14736,0.0,0.09999999999999998
14737,16.0,0.09999999999999998
14738,8.0,0.09999999999999998
14739,15.0,0.09999999999999998
14740,18.0,0.09999999999999998
14741,14.0,0.09999999999999998
14742,32.0,0.09999999999999998
14743,16.0,0.09999999999999998
14744,33.0,0.09999999999999998
14745,35.0,0.09999999999999998
14746,-2.0,0.09999999999999998
14747,-8.0,0.09999999999999998
14748,19.0,0.09999999999999998
14749,20.0,0.09999999999999998
14750,21.0,0.09999999999999998
14751,16.0,0.09999999999999998
14752,29.0,0.09999999999999998
14753,27.0,0.09999999999999998
14754,16.0,0.09999999999999998
14755,45.0,0.09999999999999998
14756,9.0,0.09999999999999998
14757,26.0,0.09999999999999998
14758,24.0,0.09999999999999998
14759,34.0,0.09999999999999998
14760,28.0,0.09999999999999998
14761,27.0,0.09999999999999998
14762,30.0,0.09999999999999998
14763,27.0,0.09999999999999998
14764,1.0,0.09999999999999998
14765,4.0,0.09999999999999998
14766,3.0,0.09999999999999998
14767,18.0,0.09999999999999998
14768,21.0,0.09999999999999998
14769,9.0,0.09999999999999998
14770,40.0,0.09999999999999998
14771,33.0,0.09999999999999998
14772,24.0,0.09999999999999998
14773,22.0,0.09999999999999998
14774,23.0,0.09999999999999998
14775,12.0,0.09999999999999998
14776,21.0,0.09999999999999998
14777,17.0,0.09999999999999998
14778,-1.0,0.09999999999999998
14779,11.0,0.09999999999999998
14780,12.0,0.09999999999999998
14781,21.0,0.09999999999999998
14782,8.0,0.09999999999999998
14783,7.0,0.09999999999999998
14784,14.0,0.09999999999999998
14785,18.0,0.09999999999999998
14786,21.0,0.09999999999999998
14787,20.0,0.09999999999999998
14788,21.0,0.09999999999999998
14789,43.0,0.09999999999999998
14790,20.0,0.09999999999999998
14791,10.0,0.09999999999999998
14792,29.0,0.09999999999999998
14793,9.0,0.09999999999999998
14794,-8.0,0.09999999999999998
14795,26.0,0.09999999999999998
14796,9.0,0.09999999999999998
14797,25.0,0.09999999999999998
14798,5.0,0.09999999999999998
14799,4.0,0.09999999999999998
14800,23.0,0.09999999999999998
14801,14.0,0.09999999999999998
14802,4.0,0.09999999999999998
14803,11.0,0.09999999999999998
14804,11.0,0.09999999999999998
14805,16.0,0.09999999999999998
14806,15.0,0.09999999999999998
14807,6.0,0.09999999999999998
14808,51.0,0.09999999999999998
14809,12.0,0.09999999999999998
14810,31.0,0.09999999999999998
14811,24.0,0.09999999999999998
14812,33.0,0.09999999999999998
14813,26.0,0.09999999999999998
14814,46.0,0.09999999999999998
14815,23.0,0.09999999999999998
14816,11.0,0.09999999999999998
14817,27.0,0.09999999999999998
14818,36.0,0.09999999999999998
14819,13.0,0.09999999999999998
14820,23.0,0.09999999999999998
14821,19.0,0.09999999999999998
14822,26.0,0.09999999999999998
14823,19.0,0.09999999999999998
14824,17.0,0.09999999999999998
14825,22.0,0.09999999999999998
14826,37.0,0.09999999999999998
14827,11.0,0.09999999999999998
14828,19.0,0.09999999999999998
14829,25.0,0.09999999999999998
14830,-10.0,0.09999999999999998
14831,-14.0,0.09999999999999998
14832,-4.0,0.09999999999999998
14833,22.0,0.09999999999999998
14834,3.0,0.09999999999999998
14835,30.0,0.09999999999999998
14836,15.0,0.09999999999999998
14837,16.0,0.09999999999999998
14838,22.0,0.09999999999999998
14839,42.0,0.09999999999999998
14840,29.0,0.09999999999999998
14841,4.0,0.09999999999999998
14842,36.0,0.09999999999999998
14843,26.0,0.09999999999999998
14844,30.0,0.09999999999999998
14845,42.0,0.09999999999999998
14846,49.0,0.09999999999999998
14847,51.0,0.09999999999999998
14848,11.0,0.09999999999999998
14849,10.0,0.09999999999999998
14850,11.0,0.09999999999999998
14851,23.0,0.09999999999999998
14852,36.0,0.09999999999999998
14853,37.0,0.09999999999999998
14854,4.0,0.09999999999999998
14855,11.0,0.09999999999999998
14856,5.0,0.09999999999999998
14857,47.0,0.09999999999999998
14858,41.0,0.09999999999999998
14859,32.0,0.09999999999999998
14860,6.0,0.09999999999999998
14861,9.0,0.09999999999999998
14862,13.0,0.09999999999999998
14863,0.0,0.09999999999999998
14864,47.0,0.09999999999999998
14865,10.0,0.09999999999999998
14866,-11.0,0.09999999999999998
14867,11.0,0.09999999999999998
14868,9.0,0.09999999999999998
14869,19.0,0.09999999999999998
14870,17.0,0.09999999999999998
14871,15.0,0.09999999999999998
14872,24.0,0.09999999999999998
14873,15.0,0.09999999999999998
14874,28.0,0.09999999999999998
14875,2.0,0.09999999999999998
14876,14.0,0.09999999999999998
14877,9.0,0.09999999999999998
14878,32.0,0.09999999999999998
14879,20.0,0.09999999999999998
14880,-4.0,0.09999999999999998
14881,6.0,0.09999999999999998
14882,26.0,0.09999999999999998
14883,7.0,0.09999999999999998
14884,27.0,0.09999999999999998
14885,21.0,0.09999999999999998
14886,47.0,0.09999999999999998
14887,6.0,0.09999999999999998
14888,22.0,0.09999999999999998
14889,17.0,0.09999999999999998
14890,8.0,0.09999999999999998
14891,14.0,0.09999999999999998
14892,-16.0,0.09999999999999998
14893,-1.0,0.09999999999999998
14894,29.0,0.09999999999999998
14895,5.0,0.09999999999999998
14896,11.0,0.09999999999999998
14897,25.0,0.09999999999999998
14898,12.0,0.09999999999999998
14899,6.0,0.09999999999999998
14900,36.0,0.09999999999999998
14901,-8.0,0.09999999999999998
14902,39.0,0.09999999999999998
14903,-23.0,0.09999999999999998
14904,8.0,0.09999999999999998
14905,6.0,0.09999999999999998
14906,4.0,0.09999999999999998
14907,11.0,0.09999999999999998
14908,19.0,0.09999999999999998
14909,7.0,0.09999999999999998
14910,39.0,0.09999999999999998
14911,24.0,0.09999999999999998
14912,12.0,0.09999999999999998
14913,11.0,0.09999999999999998
14914,12.0,0.09999999999999998
14915,24.0,0.09999999999999998
14916,-7.0,0.09999999999999998
14917,1.0,0.09999999999999998
14918,11.0,0.09999999999999998
14919,-17.0,0.09999999999999998
14920,9.0,0.09999999999999998
14921,27.0,0.09999999999999998
14922,11.0,0.09999999999999998
14923,3.0,0.09999999999999998
14924,27.0,0.09999999999999998
14925,30.0,0.09999999999999998
14926,27.0,0.09999999999999998
14927,-6.0,0.09999999999999998
14928,37.0,0.09999999999999998
14929,-5.0,0.09999999999999998
14930,40.0,0.09999999999999998
14931,19.0,0.09999999999999998
14932,25.0,0.09999999999999998
14933,13.0,0.09999999999999998
14934,39.0,0.09999999999999998
14935,5.0,0.09999999999999998
14936,9.0,0.09999999999999998
14937,24.0,0.09999999999999998
14938,6.0,0.09999999999999998
14939,32.0,0.09999999999999998
14940,-6.0,0.09999999999999998
14941,12.0,0.09999999999999998
14942,-3.0,0.09999999999999998
14943,9.0,0.09999999999999998
14944,25.0,0.09999999999999998
14945,22.0,0.09999999999999998
14946,9.0,0.09999999999999998
14947,28.0,0.09999999999999998
14948,5.0,0.09999999999999998
14949,18.0,0.09999999999999998
14950,36.0,0.09999999999999998
14951,9.0,0.09999999999999998
14952,-1.0,0.09999999999999998
14953,12.0,0.09999999999999998
14954,30.0,0.09999999999999998
14955,10.0,0.09999999999999998
14956,-2.0,0.09999999999999998
14957,-1.0,0.09999999999999998
14958,0.0,0.09999999999999998
14959,33.0,0.09999999999999998
14960,27.0,0.09999999999999998
14961,20.0,0.09999999999999998
14962,5.0,0.09999999999999998
14963,-1.0,0.09999999999999998
14964,0.0,0.09999999999999998
14965,33.0,0.09999999999999998
14966,11.0,0.09999999999999998
14967,11.0,0.09999999999999998
14968,16.0,0.09999999999999998
14969,37.0,0.09999999999999998
14970,35.0,0.09999999999999998
14971,23.0,0.09999999999999998
14972,9.0,0.09999999999999998
14973,27.0,0.09999999999999998
14974,9.0,0.09999999999999998
14975,0.0,0.09999999999999998
14976,24.0,0.09999999999999998
14977,48.0,0.09999999999999998
14978,2.0,0.09999999999999998
14979,25.0,0.09999999999999998
14980,30.0,0.09999999999999998
14981,16.0,0.09999999999999998
14982,29.0,0.09999999999999998
14983,0.0,0.09999999999999998
14984,48.0,0.09999999999999998
14985,8.0,0.09999999999999998
14986,-1.0,0.09999999999999998
14987,24.0,0.09999999999999998
14988,12.0,0.09999999999999998
14989,25.0,0.09999999999999998
14990,15.0,0.09999999999999998
14991,10.0,0.09999999999999998
14992,9.0,0.09999999999999998
14993,-5.0,0.09999999999999998
14994,0.0,0.09999999999999998
14995,10.0,0.09999999999999998
14996,10.0,0.09999999999999998
14997,2.0,0.09999999999999998
14998,40.0,0.09999999999999998
14999,-4.0,0.09999999999999998
15000,3.0,0.09999999999999998
15001,-8.0,0.09999999999999998
15002,4.0,0.09999999999999998
15003,16.0,0.09999999999999998
15004,41.0,0.09999999999999998
15005,7.0,0.09999999999999998
15006,10.0,0.09999999999999998
15007,14.0,0.09999999999999998
15008,-4.0,0.09999999999999998
15009,26.0,0.09999999999999998
15010,-1.0,0.09999999999999998
15011,13.0,0.09999999999999998
15012,-4.0,0.09999999999999998
15013,1.0,0.09999999999999998
15014,2.0,0.09999999999999998
15015,33.0,0.09999999999999998
15016,30.0,0.09999999999999998
15017,28.0,0.09999999999999998
15018,20.0,0.09999999999999998
15019,16.0,0.09999999999999998
15020,-9.0,0.09999999999999998
15021,-3.0,0.09999999999999998
15022,6.0,0.09999999999999998
15023,5.0,0.09999999999999998
15024,4.0,0.09999999999999998
15025,-7.0,0.09999999999999998
15026,-3.0,0.09999999999999998
15027,-5.0,0.09999999999999998
15028,-1.0,0.09999999999999998
15029,-1.0,0.09999999999999998
15030,-6.0,0.09999999999999998
15031,0.0,0.09999999999999998
15032,-5.0,0.09999999999999998
15033,-8.0,0.09999999999999998
15034,16.0,0.09999999999999998
15035,11.0,0.09999999999999998
15036,-1.0,0.09999999999999998
15037,22.0,0.09999999999999998
15038,2.0,0.09999999999999998
15039,6.0,0.09999999999999998
15040,-17.0,0.09999999999999998
15041,25.0,0.09999999999999998
15042,2.0,0.09999999999999998
15043,16.0,0.09999999999999998
15044,0.0,0.09999999999999998
15045,22.0,0.09999999999999998
15046,28.0,0.09999999999999998
15047,14.0,0.09999999999999998
15048,6.0,0.09999999999999998
15049,23.0,0.09999999999999998
15050,11.0,0.09999999999999998
15051,5.0,0.09999999999999998
15052,2.0,0.09999999999999998
15053,-1.0,0.09999999999999998
15054,15.0,0.09999999999999998
15055,9.0,0.09999999999999998
15056,12.0,0.09999999999999998
15057,-10.0,0.09999999999999998
15058,13.0,0.09999999999999998
15059,19.0,0.09999999999999998
15060,35.0,0.09999999999999998
15061,12.0,0.09999999999999998
15062,24.0,0.09999999999999998
15063,6.0,0.09999999999999998
15064,19.0,0.09999999999999998
15065,17.0,0.09999999999999998
15066,16.0,0.09999999999999998
15067,32.0,0.09999999999999998
15068,10.0,0.09999999999999998
15069,-14.0,0.09999999999999998
15070,14.0,0.09999999999999998
15071,3.0,0.09999999999999998
15072,2.0,0.09999999999999998
15073,-5.0,0.09999999999999998
15074,27.0,0.09999999999999998
15075,26.0,0.09999999999999998
15076,1.0,0.09999999999999998
15077,24.0,0.09999999999999998
15078,26.0,0.09999999999999998
15079,3.0,0.09999999999999998
15080,-22.0,0.09999999999999998
15081,5.0,0.09999999999999998
15082,12.0,0.09999999999999998
15083,5.0,0.09999999999999998
15084,1.0,0.09999999999999998
15085,13.0,0.09999999999999998
15086,31.0,0.09999999999999998
15087,6.0,0.09999999999999998
15088,2.0,0.09999999999999998
15089,27.0,0.09999999999999998
15090,0.0,0.09999999999999998
15091,33.0,0.09999999999999998
15092,-15.0,0.09999999999999998
15093,-3.0,0.09999999999999998
15094,-2.0,0.09999999999999998
15095,-1.0,0.09999999999999998
15096,-3.0,0.09999999999999998
15097,0.0,0.09999999999999998
15098,14.0,0.09999999999999998
15099,-6.0,0.09999999999999998
15100,10.0,0.09999999999999998
15101,10.0,0.09999999999999998
15102,18.0,0.09999999999999998
15103,9.0,0.09999999999999998
15104,27.0,0.09999999999999998
15105,27.0,0.09999999999999998
15106,-2.0,0.09999999999999998
15107,38.0,0.09999999999999998
15108,11.0,0.09999999999999998
15109,17.0,0.09999999999999998
15110,-11.0,0.09999999999999998
15111,-3.0,0.09999999999999998
15112,14.0,0.09999999999999998
15113,30.0,0.09999999999999998
15114,17.0,0.09999999999999998
15115,-7.0,0.09999999999999998
15116,23.0,0.09999999999999998
15117,30.0,0.09999999999999998
15118,16.0,0.09999999999999998
15119,17.0,0.09999999999999998
15120,-5.0,0.09999999999999998
15121,23.0,0.09999999999999998
15122,19.0,0.09999999999999998
15123,-2.0,0.09999999999999998
15124,-4.0,0.09999999999999998
15125,6.0,0.09999999999999998
15126,1.0,0.09999999999999998
15127,20.0,0.09999999999999998
15128,2.0,0.09999999999999998
15129,14.0,0.09999999999999998
15130,22.0,0.09999999999999998
15131,19.0,0.09999999999999998
15132,28.0,0.09999999999999998
15133,11.0,0.09999999999999998
15134,18.0,0.09999999999999998
15135,20.0,0.09999999999999998
15136,18.0,0.09999999999999998
15137,3.0,0.09999999999999998
15138,36.0,0.09999999999999998
15139,31.0,0.09999999999999998
15140,10.0,0.09999999999999998
15141,5.0,0.09999999999999998
15142,37.0,0.09999999999999998
15143,-2.0,0.09999999999999998
15144,3.0,0.09999999999999998
15145,5.0,0.09999999999999998
15146,22.0,0.09999999999999998
15147,8.0,0.09999999999999998
15148,24.0,0.09999999999999998
15149,5.0,0.09999999999999998
15150,46.0,0.09999999999999998
15151,-9.0,0.09999999999999998
15152,7.0,0.09999999999999998
15153,15.0,0.09999999999999998
15154,29.0,0.09999999999999998
15155,30.0,0.09999999999999998
15156,-2.0,0.09999999999999998
15157,13.0,0.09999999999999998
15158,9.0,0.09999999999999998
15159,-11.0,0.09999999999999998
15160,11.0,0.09999999999999998
15161,5.0,0.09999999999999998
15162,45.0,0.09999999999999998
15163,15.0,0.09999999999999998
15164,25.0,0.09999999999999998
15165,4.0,0.09999999999999998
15166,14.0,0.09999999999999998
15167,22.0,0.09999999999999998
15168,38.0,0.09999999999999998
15169,32.0,0.09999999999999998
15170,22.0,0.09999999999999998
15171,35.0,0.09999999999999998
15172,19.0,0.09999999999999998
15173,5.0,0.09999999999999998
15174,12.0,0.09999999999999998
15175,29.0,0.09999999999999998
15176,13.0,0.09999999999999998
15177,12.0,0.09999999999999998
15178,0.0,0.09999999999999998
15179,19.0,0.09999999999999998
15180,0.0,0.09999999999999998
15181,27.0,0.09999999999999998
15182,8.0,0.09999999999999998
15183,11.0,0.09999999999999998
15184,0.0,0.09999999999999998
15185,5.0,0.09999999999999998
15186,8.0,0.09999999999999998
15187,6.0,0.09999999999999998
15188,11.0,0.09999999999999998
15189,5.0,0.09999999999999998
15190,9.0,0.09999999999999998
15191,12.0,0.09999999999999998
15192,43.0,0.09999999999999998
15193,4.0,0.09999999999999998
15194,-1.0,0.09999999999999998
15195,12.0,0.09999999999999998
15196,28.0,0.09999999999999998
15197,32.0,0.09999999999999998
15198,31.0,0.09999999999999998
15199,-1.0,0.09999999999999998
15200,26.0,0.09999999999999998
15201,19.0,0.09999999999999998
15202,16.0,0.09999999999999998
15203,2.0,0.09999999999999998
15204,28.0,0.09999999999999998
15205,21.0,0.09999999999999998
15206,0.0,0.09999999999999998
15207,44.0,0.09999999999999998
15208,5.0,0.09999999999999998
15209,9.0,0.09999999999999998
15210,16.0,0.09999999999999998
15211,20.0,0.09999999999999998
15212,9.0,0.09999999999999998
15213,38.0,0.09999999999999998
15214,20.0,0.09999999999999998
15215,8.0,0.09999999999999998
15216,-3.0,0.09999999999999998
15217,27.0,0.09999999999999998
15218,23.0,0.09999999999999998
15219,25.0,0.09999999999999998
15220,-3.0,0.09999999999999998
15221,46.0,0.09999999999999998
15222,13.0,0.09999999999999998
15223,7.0,0.09999999999999998
15224,15.0,0.09999999999999998
15225,38.0,0.09999999999999998
15226,30.0,0.09999999999999998
15227,12.0,0.09999999999999998
15228,5.0,0.09999999999999998
15229,1.0,0.09999999999999998
15230,10.0,0.09999999999999998
15231,35.0,0.09999999999999998
15232,23.0,0.09999999999999998
15233,22.0,0.09999999999999998
15234,29.0,0.09999999999999998
15235,8.0,0.09999999999999998
15236,-4.0,0.09999999999999998
15237,28.0,0.09999999999999998
15238,14.0,0.09999999999999998
15239,0.0,0.09999999999999998
15240,6.0,0.09999999999999998
15241,25.0,0.09999999999999998
15242,31.0,0.09999999999999998
15243,5.0,0.09999999999999998
15244,16.0,0.09999999999999998
15245,37.0,0.09999999999999998
15246,21.0,0.09999999999999998
15247,19.0,0.09999999999999998
15248,-7.0,0.09999999999999998
15249,18.0,0.09999999999999998
15250,31.0,0.09999999999999998
15251,17.0,0.09999999999999998
15252,14.0,0.09999999999999998
15253,4.0,0.09999999999999998
15254,-9.0,0.09999999999999998
15255,27.0,0.09999999999999998
15256,12.0,0.09999999999999998
15257,15.0,0.09999999999999998
15258,53.0,0.09999999999999998
15259,17.0,0.09999999999999998
15260,33.0,0.09999999999999998
15261,22.0,0.09999999999999998
15262,6.0,0.09999999999999998
15263,9.0,0.09999999999999998
15264,23.0,0.09999999999999998
15265,0.0,0.09999999999999998
15266,6.0,0.09999999999999998
15267,5.0,0.09999999999999998
15268,29.0,0.09999999999999998
15269,9.0,0.09999999999999998
15270,6.0,0.09999999999999998
15271,42.0,0.09999999999999998
15272,17.0,0.09999999999999998
15273,23.0,0.09999999999999998
15274,12.0,0.09999999999999998
15275,5.0,0.09999999999999998
15276,23.0,0.09999999999999998
15277,0.0,0.09999999999999998
15278,-1.0,0.09999999999999998
15279,11.0,0.09999999999999998
15280,8.0,0.09999999999999998
15281,7.0,0.09999999999999998
15282,13.0,0.09999999999999998
15283,0.0,0.09999999999999998
15284,14.0,0.09999999999999998
15285,16.0,0.09999999999999998
15286,39.0,0.09999999999999998
15287,50.0,0.09999999999999998
15288,10.0,0.09999999999999998
15289,21.0,0.09999999999999998
15290,6.0,0.09999999999999998
15291,25.0,0.09999999999999998
15292,43.0,0.09999999999999998
15293,11.0,0.09999999999999998
15294,5.0,0.09999999999999998
15295,26.0,0.09999999999999998
15296,2.0,0.09999999999999998
15297,14.0,0.09999999999999998
15298,31.0,0.09999999999999998
15299,7.0,0.09999999999999998
15300,8.0,0.09999999999999998
15301,0.0,0.09999999999999998
15302,14.0,0.09999999999999998
15303,21.0,0.09999999999999998
15304,9.0,0.09999999999999998
15305,14.0,0.09999999999999998
15306,3.0,0.09999999999999998
15307,18.0,0.09999999999999998
15308,23.0,0.09999999999999998
15309,32.0,0.09999999999999998
15310,16.0,0.09999999999999998
15311,12.0,0.09999999999999998
15312,24.0,0.09999999999999998
15313,25.0,0.09999999999999998
15314,1.0,0.09999999999999998
15315,21.0,0.09999999999999998
15316,31.0,0.09999999999999998
15317,-4.0,0.09999999999999998
15318,17.0,0.09999999999999998
15319,8.0,0.09999999999999998
15320,-5.0,0.09999999999999998
15321,15.0,0.09999999999999998
15322,4.0,0.09999999999999998
15323,7.0,0.09999999999999998
15324,8.0,0.09999999999999998
15325,9.0,0.09999999999999998
15326,21.0,0.09999999999999998
15327,34.0,0.09999999999999998
15328,14.0,0.09999999999999998
15329,28.0,0.09999999999999998
15330,14.0,0.09999999999999998
15331,16.0,0.09999999999999998
15332,28.0,0.09999999999999998
15333,-5.0,0.09999999999999998
15334,3.0,0.09999999999999998
15335,-1.0,0.09999999999999998
15336,1.0,0.09999999999999998
15337,6.0,0.09999999999999998
15338,27.0,0.09999999999999998
15339,9.0,0.09999999999999998
15340,14.0,0.09999999999999998
15341,21.0,0.09999999999999998
15342,-7.0,0.09999999999999998
15343,1.0,0.09999999999999998
15344,7.0,0.09999999999999998
15345,3.0,0.09999999999999998
15346,9.0,0.09999999999999998
15347,3.0,0.09999999999999998
15348,22.0,0.09999999999999998
15349,16.0,0.09999999999999998
15350,8.0,0.09999999999999998
15351,-7.0,0.09999999999999998
15352,42.0,0.09999999999999998
15353,11.0,0.09999999999999998
15354,22.0,0.09999999999999998
15355,15.0,0.09999999999999998
15356,30.0,0.09999999999999998
15357,33.0,0.09999999999999998
15358,17.0,0.09999999999999998
15359,6.0,0.09999999999999998
15360,5.0,0.09999999999999998
15361,11.0,0.09999999999999998
15362,28.0,0.09999999999999998
15363,15.0,0.09999999999999998
15364,24.0,0.09999999999999998
15365,27.0,0.09999999999999998
15366,16.0,0.09999999999999998
15367,42.0,0.09999999999999998
15368,13.0,0.09999999999999998
15369,21.0,0.09999999999999998
15370,18.0,0.09999999999999998
15371,3.0,0.09999999999999998
15372,-5.0,0.09999999999999998
15373,1.0,0.09999999999999998
15374,-11.0,0.09999999999999998
15375,-2.0,0.09999999999999998
15376,0.0,0.09999999999999998
15377,1.0,0.09999999999999998
15378,-1.0,0.09999999999999998
15379,-6.0,0.09999999999999998
15380,-15.0,0.09999999999999998
15381,-10.0,0.09999999999999998
15382,-9.0,0.09999999999999998
15383,-25.0,0.09999999999999998
15384,-10.0,0.09999999999999998
15385,-14.0,0.09999999999999998
15386,6.0,0.09999999999999998
15387,-9.0,0.09999999999999998
15388,-6.0,0.09999999999999998
15389,3.0,0.09999999999999998
15390,-4.0,0.09999999999999998
15391,-9.0,0.09999999999999998
15392,-4.0,0.09999999999999998
15393,0.0,0.09999999999999998
15394,7.0,0.09999999999999998
15395,-4.0,0.09999999999999998
15396,1.0,0.09999999999999998
15397,5.0,0.09999999999999998
15398,-9.0,0.09999999999999998
15399,-4.0,0.09999999999999998
15400,-9.0,0.09999999999999998
15401,-2.0,0.09999999999999998
15402,-19.0,0.09999999999999998
15403,-2.0,0.09999999999999998
15404,-11.0,0.09999999999999998
15405,-9.0,0.09999999999999998
15406,-5.0,0.09999999999999998
15407,-5.0,0.09999999999999998
15408,-6.0,0.09999999999999998
15409,6.0,0.09999999999999998
15410,-7.0,0.09999999999999998
15411,-9.0,0.09999999999999998
15412,-1.0,0.09999999999999998
15413,-20.0,0.09999999999999998
15414,3.0,0.09999999999999998
15415,-12.0,0.09999999999999998
15416,-22.0,0.09999999999999998
15417,5.0,0.09999999999999998
15418,-7.0,0.09999999999999998
15419,2.0,0.09999999999999998
15420,-3.0,0.09999999999999998
15421,-13.0,0.09999999999999998
15422,-7.0,0.09999999999999998
15423,11.0,0.09999999999999998
15424,-7.0,0.09999999999999998
15425,-5.0,0.09999999999999998
15426,5.0,0.09999999999999998
15427,-5.0,0.09999999999999998
15428,-5.0,0.09999999999999998
15429,-11.0,0.09999999999999998
15430,-12.0,0.09999999999999998
15431,3.0,0.09999999999999998
15432,-1.0,0.09999999999999998
15433,6.0,0.09999999999999998
15434,-8.0,0.09999999999999998
15435,-14.0,0.09999999999999998
15436,-2.0,0.09999999999999998
15437,-2.0,0.09999999999999998
15438,-13.0,0.09999999999999998
15439,-8.0,0.09999999999999998
15440,-5.0,0.09999999999999998
15441,-16.0,0.09999999999999998
15442,3.0,0.09999999999999998
15443,-9.0,0.09999999999999998
15444,-2.0,0.09999999999999998
15445,3.0,0.09999999999999998
15446,-1.0,0.09999999999999998
15447,-8.0,0.09999999999999998
15448,3.0,0.09999999999999998
15449,4.0,0.09999999999999998
15450,-10.0,0.09999999999999998
15451,-2.0,0.09999999999999998
15452,-4.0,0.09999999999999998
15453,1.0,0.09999999999999998
15454,2.0,0.09999999999999998
15455,-19.0,0.09999999999999998
15456,-5.0,0.09999999999999998
15457,-10.0,0.09999999999999998
15458,0.0,0.09999999999999998
15459,-7.0,0.09999999999999998
15460,-4.0,0.09999999999999998
15461,13.0,0.09999999999999998
15462,-18.0,0.09999999999999998
15463,20.0,0.09999999999999998
15464,21.0,0.09999999999999998
15465,-4.0,0.09999999999999998
15466,6.0,0.09999999999999998
15467,22.0,0.09999999999999998
15468,9.0,0.09999999999999998
15469,3.0,0.09999999999999998
15470,-11.0,0.09999999999999998
15471,19.0,0.09999999999999998
15472,14.0,0.09999999999999998
15473,4.0,0.09999999999999998
15474,9.0,0.09999999999999998
15475,7.0,0.09999999999999998
15476,13.0,0.09999999999999998
15477,14.0,0.09999999999999998
15478,1.0,0.09999999999999998
15479,1.0,0.09999999999999998
15480,-2.0,0.09999999999999998
15481,11.0,0.09999999999999998
15482,-3.0,0.09999999999999998
15483,-9.0,0.09999999999999998
15484,2.0,0.09999999999999998
15485,-7.0,0.09999999999999998
15486,17.0,0.09999999999999998
15487,31.0,0.09999999999999998
15488,-2.0,0.09999999999999998
15489,5.0,0.09999999999999998
15490,3.0,0.09999999999999998
15491,14.0,0.09999999999999998
15492,-5.0,0.09999999999999998
15493,2.0,0.09999999999999998
15494,-6.0,0.09999999999999998
15495,14.0,0.09999999999999998
15496,-1.0,0.09999999999999998
15497,13.0,0.09999999999999998
15498,36.0,0.09999999999999998
15499,18.0,0.09999999999999998
15500,5.0,0.09999999999999998
15501,15.0,0.09999999999999998
15502,52.0,0.09999999999999998
15503,20.0,0.09999999999999998
15504,-1.0,0.09999999999999998
15505,0.0,0.09999999999999998
15506,35.0,0.09999999999999998
15507,18.0,0.09999999999999998
15508,-7.0,0.09999999999999998
15509,15.0,0.09999999999999998
15510,-19.0,0.09999999999999998
15511,20.0,0.09999999999999998
15512,5.0,0.09999999999999998
15513,8.0,0.09999999999999998
15514,16.0,0.09999999999999998
15515,-23.0,0.09999999999999998
15516,-4.0,0.09999999999999998
15517,0.0,0.09999999999999998
15518,23.0,0.09999999999999998
15519,6.0,0.09999999999999998
15520,-12.0,0.09999999999999998
15521,13.0,0.09999999999999998
15522,0.0,0.09999999999999998
15523,10.0,0.09999999999999998
15524,10.0,0.09999999999999998
15525,21.0,0.09999999999999998
15526,4.0,0.09999999999999998
15527,6.0,0.09999999999999998
15528,0.0,0.09999999999999998
15529,-9.0,0.09999999999999998
15530,0.0,0.09999999999999998
15531,-4.0,0.09999999999999998
15532,-3.0,0.09999999999999998
15533,27.0,0.09999999999999998
15534,-15.0,0.09999999999999998
15535,0.0,0.09999999999999998
15536,18.0,0.09999999999999998
15537,2.0,0.09999999999999998
15538,-4.0,0.09999999999999998
15539,3.0,0.09999999999999998
15540,4.0,0.09999999999999998
15541,1.0,0.09999999999999998
15542,8.0,0.09999999999999998
15543,10.0,0.09999999999999998
15544,4.0,0.09999999999999998
15545,22.0,0.09999999999999998
15546,4.0,0.09999999999999998
15547,9.0,0.09999999999999998
15548,22.0,0.09999999999999998
15549,4.0,0.09999999999999998
15550,-12.0,0.09999999999999998
15551,-16.0,0.09999999999999998
15552,12.0,0.09999999999999998
15553,27.0,0.09999999999999998
15554,18.0,0.09999999999999998
15555,28.0,0.09999999999999998
15556,23.0,0.09999999999999998
15557,16.0,0.09999999999999998
15558,29.0,0.09999999999999998
15559,21.0,0.09999999999999998
15560,34.0,0.09999999999999998
15561,42.0,0.09999999999999998
15562,23.0,0.09999999999999998
15563,-3.0,0.09999999999999998
15564,24.0,0.09999999999999998
15565,9.0,0.09999999999999998
15566,7.0,0.09999999999999998
15567,8.0,0.09999999999999998
15568,-2.0,0.09999999999999998
15569,14.0,0.09999999999999998
15570,9.0,0.09999999999999998
15571,8.0,0.09999999999999998
15572,32.0,0.09999999999999998
15573,24.0,0.09999999999999998
15574,17.0,0.09999999999999998
15575,13.0,0.09999999999999998
15576,18.0,0.09999999999999998
15577,34.0,0.09999999999999998
15578,34.0,0.09999999999999998
15579,11.0,0.09999999999999998
15580,28.0,0.09999999999999998
15581,39.0,0.09999999999999998
15582,22.0,0.09999999999999998
15583,36.0,0.09999999999999998
15584,43.0,0.09999999999999998
15585,32.0,0.09999999999999998
15586,47.0,0.09999999999999998
15587,7.0,0.09999999999999998
15588,28.0,0.09999999999999998
15589,20.0,0.09999999999999998
15590,18.0,0.09999999999999998
15591,14.0,0.09999999999999998
15592,42.0,0.09999999999999998
15593,4.0,0.09999999999999998
15594,30.0,0.09999999999999998
15595,45.0,0.09999999999999998
15596,19.0,0.09999999999999998
15597,-9.0,0.09999999999999998
15598,34.0,0.09999999999999998
15599,23.0,0.09999999999999998
15600,28.0,0.09999999999999998
15601,38.0,0.09999999999999998
15602,12.0,0.09999999999999998
15603,-6.0,0.09999999999999998
15604,24.0,0.09999999999999998
15605,9.0,0.09999999999999998
15606,14.0,0.09999999999999998
15607,17.0,0.09999999999999998
15608,36.0,0.09999999999999998
15609,38.0,0.09999999999999998
15610,9.0,0.09999999999999998
15611,-4.0,0.09999999999999998
15612,19.0,0.09999999999999998
15613,33.0,0.09999999999999998
15614,47.0,0.09999999999999998
15615,20.0,0.09999999999999998
15616,3.0,0.09999999999999998
15617,12.0,0.09999999999999998
15618,12.0,0.09999999999999998
15619,-2.0,0.09999999999999998
15620,37.0,0.09999999999999998
15621,25.0,0.09999999999999998
15622,37.0,0.09999999999999998
15623,32.0,0.09999999999999998
15624,5.0,0.09999999999999998
15625,-1.0,0.09999999999999998
15626,20.0,0.09999999999999998
15627,25.0,0.09999999999999998
15628,34.0,0.09999999999999998
15629,40.0,0.09999999999999998
15630,28.0,0.09999999999999998
15631,41.0,0.09999999999999998
15632,51.0,0.09999999999999998
15633,38.0,0.09999999999999998
15634,14.0,0.09999999999999998
15635,31.0,0.09999999999999998
15636,40.0,0.09999999999999998
15637,33.0,0.09999999999999998
15638,27.0,0.09999999999999998
15639,11.0,0.09999999999999998
15640,46.0,0.09999999999999998
15641,-4.0,0.09999999999999998
15642,-5.0,0.09999999999999998
15643,24.0,0.09999999999999998
15644,4.0,0.09999999999999998
15645,45.0,0.09999999999999998
15646,9.0,0.09999999999999998
15647,3.0,0.09999999999999998
15648,6.0,0.09999999999999998
15649,33.0,0.09999999999999998
15650,10.0,0.09999999999999998
15651,24.0,0.09999999999999998
15652,39.0,0.09999999999999998
15653,32.0,0.09999999999999998
15654,13.0,0.09999999999999998
15655,-14.0,0.09999999999999998
15656,15.0,0.09999999999999998
15657,15.0,0.09999999999999998
15658,57.0,0.09999999999999998
15659,13.0,0.09999999999999998
15660,49.0,0.09999999999999998
15661,35.0,0.09999999999999998
15662,34.0,0.09999999999999998
15663,23.0,0.09999999999999998
15664,10.0,0.09999999999999998
15665,27.0,0.09999999999999998
15666,49.0,0.09999999999999998
15667,49.0,0.09999999999999998
15668,29.0,0.09999999999999998
15669,30.0,0.09999999999999998
15670,46.0,0.09999999999999998
15671,26.0,0.09999999999999998
15672,18.0,0.09999999999999998
15673,37.0,0.09999999999999998
15674,18.0,0.09999999999999998
15675,13.0,0.09999999999999998
15676,21.0,0.09999999999999998
15677,6.0,0.09999999999999998
15678,10.0,0.09999999999999998
15679,-6.0,0.09999999999999998
15680,2.0,0.09999999999999998
15681,0.0,0.09999999999999998
15682,7.0,0.09999999999999998
15683,3.0,0.09999999999999998
15684,28.0,0.09999999999999998
15685,33.0,0.09999999999999998
15686,11.0,0.09999999999999998
15687,16.0,0.09999999999999998
15688,31.0,0.09999999999999998
15689,42.0,0.09999999999999998
15690,19.0,0.09999999999999998
15691,0.0,0.09999999999999998
15692,27.0,0.09999999999999998
15693,-7.0,0.09999999999999998
15694,-2.0,0.09999999999999998
15695,4.0,0.09999999999999998
15696,20.0,0.09999999999999998
15697,-6.0,0.09999999999999998
15698,13.0,0.09999999999999998
15699,26.0,0.09999999999999998
15700,45.0,0.09999999999999998
15701,23.0,0.09999999999999998
15702,30.0,0.09999999999999998
15703,2.0,0.09999999999999998
15704,25.0,0.09999999999999998
15705,21.0,0.09999999999999998
15706,14.0,0.09999999999999998
15707,53.0,0.09999999999999998
15708,14.0,0.09999999999999998
15709,32.0,0.09999999999999998
15710,33.0,0.09999999999999998
15711,3.0,0.09999999999999998
15712,23.0,0.09999999999999998
15713,-1.0,0.09999999999999998
15714,-7.0,0.09999999999999998
15715,28.0,0.09999999999999998
15716,14.0,0.09999999999999998
15717,6.0,0.09999999999999998
15718,5.0,0.09999999999999998
15719,19.0,0.09999999999999998
15720,0.0,0.09999999999999998
15721,31.0,0.09999999999999998
15722,-3.0,0.09999999999999998
15723,11.0,0.09999999999999998
15724,35.0,0.09999999999999998
15725,-2.0,0.09999999999999998
15726,3.0,0.09999999999999998
15727,-4.0,0.09999999999999998
15728,20.0,0.09999999999999998
15729,16.0,0.09999999999999998
15730,26.0,0.09999999999999998
15731,32.0,0.09999999999999998
15732,19.0,0.09999999999999998
15733,14.0,0.09999999999999998
15734,44.0,0.09999999999999998
15735,35.0,0.09999999999999998
15736,-28.0,0.09999999999999998
15737,44.0,0.09999999999999998
15738,6.0,0.09999999999999998
15739,49.0,0.09999999999999998
15740,24.0,0.09999999999999998
15741,31.0,0.09999999999999998
15742,3.0,0.09999999999999998
15743,22.0,0.09999999999999998
15744,49.0,0.09999999999999998
15745,15.0,0.09999999999999998
15746,41.0,0.09999999999999998
15747,4.0,0.09999999999999998
15748,1.0,0.09999999999999998
15749,2.0,0.09999999999999998
15750,0.0,0.09999999999999998
15751,1.0,0.09999999999999998
15752,5.0,0.09999999999999998
15753,19.0,0.09999999999999998
15754,31.0,0.09999999999999998
15755,21.0,0.09999999999999998
15756,17.0,0.09999999999999998
15757,-4.0,0.09999999999999998
15758,6.0,0.09999999999999998
15759,1.0,0.09999999999999998
15760,35.0,0.09999999999999998
15761,11.0,0.09999999999999998
15762,9.0,0.09999999999999998
15763,1.0,0.09999999999999998
15764,4.0,0.09999999999999998
15765,32.0,0.09999999999999998
15766,37.0,0.09999999999999998
15767,-4.0,0.09999999999999998
15768,26.0,0.09999999999999998
15769,1.0,0.09999999999999998
15770,5.0,0.09999999999999998
15771,12.0,0.09999999999999998
15772,18.0,0.09999999999999998
15773,15.0,0.09999999999999998
15774,24.0,0.09999999999999998
15775,14.0,0.09999999999999998
15776,5.0,0.09999999999999998
15777,14.0,0.09999999999999998
15778,10.0,0.09999999999999998
15779,20.0,0.09999999999999998
15780,21.0,0.09999999999999998
15781,30.0,0.09999999999999998
15782,25.0,0.09999999999999998
15783,10.0,0.09999999999999998
15784,28.0,0.09999999999999998
15785,5.0,0.09999999999999998
15786,33.0,0.09999999999999998
15787,-3.0,0.09999999999999998
15788,20.0,0.09999999999999998
15789,-4.0,0.09999999999999998
15790,17.0,0.09999999999999998
15791,8.0,0.09999999999999998
15792,15.0,0.09999999999999998
15793,26.0,0.09999999999999998
15794,22.0,0.09999999999999998
15795,17.0,0.09999999999999998
15796,15.0,0.09999999999999998
15797,45.0,0.09999999999999998
15798,16.0,0.09999999999999998
15799,6.0,0.09999999999999998
15800,7.0,0.09999999999999998
15801,12.0,0.09999999999999998
15802,-6.0,0.09999999999999998
15803,22.0,0.09999999999999998
15804,10.0,0.09999999999999998
15805,31.0,0.09999999999999998
15806,25.0,0.09999999999999998
15807,-19.0,0.09999999999999998
15808,32.0,0.09999999999999998
15809,32.0,0.09999999999999998
15810,17.0,0.09999999999999998
15811,26.0,0.09999999999999998
15812,26.0,0.09999999999999998
15813,15.0,0.09999999999999998
15814,20.0,0.09999999999999998
15815,5.0,0.09999999999999998
15816,24.0,0.09999999999999998
15817,38.0,0.09999999999999998
15818,1.0,0.09999999999999998
15819,7.0,0.09999999999999998
15820,32.0,0.09999999999999998
15821,14.0,0.09999999999999998
15822,26.0,0.09999999999999998
15823,13.0,0.09999999999999998
15824,-4.0,0.09999999999999998
15825,0.0,0.09999999999999998
15826,23.0,0.09999999999999998
15827,53.0,0.09999999999999998
15828,29.0,0.09999999999999998
15829,31.0,0.09999999999999998
15830,26.0,0.09999999999999998
15831,49.0,0.09999999999999998
15832,-3.0,0.09999999999999998
15833,13.0,0.09999999999999998
15834,18.0,0.09999999999999998
15835,5.0,0.09999999999999998
15836,19.0,0.09999999999999998
15837,30.0,0.09999999999999998
15838,37.0,0.09999999999999998
15839,14.0,0.09999999999999998
15840,39.0,0.09999999999999998
15841,32.0,0.09999999999999998
15842,25.0,0.09999999999999998
15843,13.0,0.09999999999999998
15844,31.0,0.09999999999999998
15845,25.0,0.09999999999999998
15846,1.0,0.09999999999999998
15847,31.0,0.09999999999999998
15848,12.0,0.09999999999999998
15849,10.0,0.09999999999999998
15850,42.0,0.09999999999999998
15851,20.0,0.09999999999999998
15852,37.0,0.09999999999999998
15853,37.0,0.09999999999999998
15854,31.0,0.09999999999999998
15855,29.0,0.09999999999999998
15856,29.0,0.09999999999999998
15857,33.0,0.09999999999999998
15858,15.0,0.09999999999999998
15859,8.0,0.09999999999999998
15860,20.0,0.09999999999999998
15861,10.0,0.09999999999999998
15862,27.0,0.09999999999999998
15863,21.0,0.09999999999999998
15864,30.0,0.09999999999999998
15865,24.0,0.09999999999999998
15866,10.0,0.09999999999999998
15867,25.0,0.09999999999999998
15868,34.0,0.09999999999999998
15869,24.0,0.09999999999999998
15870,17.0,0.09999999999999998
15871,28.0,0.09999999999999998
15872,12.0,0.09999999999999998
15873,46.0,0.09999999999999998
15874,43.0,0.09999999999999998
15875,59.0,0.09999999999999998
15876,36.0,0.09999999999999998
15877,19.0,0.09999999999999998
15878,10.0,0.09999999999999998
15879,6.0,0.09999999999999998
15880,-2.0,0.09999999999999998
15881,5.0,0.09999999999999998
15882,9.0,0.09999999999999998
15883,36.0,0.09999999999999998
15884,15.0,0.09999999999999998
15885,14.0,0.09999999999999998
15886,6.0,0.09999999999999998
15887,7.0,0.09999999999999998
15888,19.0,0.09999999999999998
15889,4.0,0.09999999999999998
15890,37.0,0.09999999999999998
15891,4.0,0.09999999999999998
15892,31.0,0.09999999999999998
15893,13.0,0.09999999999999998
15894,19.0,0.09999999999999998
15895,8.0,0.09999999999999998
15896,26.0,0.09999999999999998
15897,31.0,0.09999999999999998
15898,21.0,0.09999999999999998
15899,24.0,0.09999999999999998
15900,17.0,0.09999999999999998
15901,0.0,0.09999999999999998
15902,-1.0,0.09999999999999998
15903,42.0,0.09999999999999998
15904,27.0,0.09999999999999998
15905,13.0,0.09999999999999998
15906,41.0,0.09999999999999998
15907,46.0,0.09999999999999998
15908,-17.0,0.09999999999999998
15909,34.0,0.09999999999999998
15910,28.0,0.09999999999999998
15911,33.0,0.09999999999999998
15912,51.0,0.09999999999999998
15913,11.0,0.09999999999999998
15914,23.0,0.09999999999999998
15915,19.0,0.09999999999999998
15916,25.0,0.09999999999999998
15917,44.0,0.09999999999999998
15918,11.0,0.09999999999999998
15919,7.0,0.09999999999999998
15920,10.0,0.09999999999999998
15921,11.0,0.09999999999999998
15922,51.0,0.09999999999999998
15923,9.0,0.09999999999999998
15924,7.0,0.09999999999999998
15925,15.0,0.09999999999999998
15926,27.0,0.09999999999999998
15927,35.0,0.09999999999999998
15928,14.0,0.09999999999999998
15929,25.0,0.09999999999999998
15930,13.0,0.09999999999999998
15931,30.0,0.09999999999999998
15932,10.0,0.09999999999999998
15933,16.0,0.09999999999999998
15934,40.0,0.09999999999999998
15935,27.0,0.09999999999999998
15936,28.0,0.09999999999999998
15937,14.0,0.09999999999999998
15938,37.0,0.09999999999999998
15939,6.0,0.09999999999999998
15940,27.0,0.09999999999999998
15941,19.0,0.09999999999999998
15942,8.0,0.09999999999999998
15943,19.0,0.09999999999999998
15944,6.0,0.09999999999999998
15945,10.0,0.09999999999999998
15946,17.0,0.09999999999999998
15947,21.0,0.09999999999999998
15948,0.0,0.09999999999999998
15949,38.0,0.09999999999999998
15950,5.0,0.09999999999999998
15951,33.0,0.09999999999999998
15952,20.0,0.09999999999999998
15953,7.0,0.09999999999999998
15954,19.0,0.09999999999999998
15955,16.0,0.09999999999999998
15956,13.0,0.09999999999999998
15957,19.0,0.09999999999999998
15958,8.0,0.09999999999999998
15959,-2.0,0.09999999999999998
15960,-4.0,0.09999999999999998
15961,0.0,0.09999999999999998
15962,-7.0,0.09999999999999998
15963,-5.0,0.09999999999999998
15964,12.0,0.09999999999999998
15965,-2.0,0.09999999999999998
15966,36.0,0.09999999999999998
15967,30.0,0.09999999999999998
15968,8.0,0.09999999999999998
15969,12.0,0.09999999999999998
15970,17.0,0.09999999999999998
15971,29.0,0.09999999999999998
15972,58.0,0.09999999999999998
15973,31.0,0.09999999999999998
15974,16.0,0.09999999999999998
15975,18.0,0.09999999999999998
15976,10.0,0.09999999999999998
15977,-1.0,0.09999999999999998
15978,32.0,0.09999999999999998
15979,7.0,0.09999999999999998
15980,17.0,0.09999999999999998
15981,10.0,0.09999999999999998
15982,8.0,0.09999999999999998
15983,4.0,0.09999999999999998
15984,4.0,0.09999999999999998
15985,-2.0,0.09999999999999998
15986,25.0,0.09999999999999998
15987,0.0,0.09999999999999998
15988,13.0,0.09999999999999998
15989,56.0,0.09999999999999998
15990,13.0,0.09999999999999998
15991,39.0,0.09999999999999998
15992,24.0,0.09999999999999998
15993,38.0,0.09999999999999998
15994,23.0,0.09999999999999998
15995,53.0,0.09999999999999998
15996,19.0,0.09999999999999998
15997,21.0,0.09999999999999998
15998,15.0,0.09999999999999998
15999,45.0,0.09999999999999998
16000,34.0,0.09999999999999998
16001,23.0,0.09999999999999998
16002,33.0,0.09999999999999998
16003,10.0,0.09999999999999998
16004,19.0,0.09999999999999998
16005,7.0,0.09999999999999998
16006,31.0,0.09999999999999998
16007,-4.0,0.09999999999999998
16008,46.0,0.09999999999999998
16009,22.0,0.09999999999999998
16010,11.0,0.09999999999999998
16011,16.0,0.09999999999999998
16012,29.0,0.09999999999999998
16013,22.0,0.09999999999999998
16014,-34.0,0.09999999999999998
16015,19.0,0.09999999999999998
16016,14.0,0.09999999999999998
16017,32.0,0.09999999999999998
16018,37.0,0.09999999999999998
16019,-4.0,0.09999999999999998
16020,13.0,0.09999999999999998
16021,7.0,0.09999999999999998
16022,-1.0,0.09999999999999998
16023,16.0,0.09999999999999998
16024,3.0,0.09999999999999998
16025,5.0,0.09999999999999998
16026,3.0,0.09999999999999998
16027,-20.0,0.09999999999999998
16028,18.0,0.09999999999999998
16029,1.0,0.09999999999999998
16030,-15.0,0.09999999999999998
16031,9.0,0.09999999999999998
16032,4.0,0.09999999999999998
16033,17.0,0.09999999999999998
16034,25.0,0.09999999999999998
16035,26.0,0.09999999999999998
16036,15.0,0.09999999999999998
16037,12.0,0.09999999999999998
16038,-5.0,0.09999999999999998
16039,26.0,0.09999999999999998
16040,4.0,0.09999999999999998
16041,21.0,0.09999999999999998
16042,26.0,0.09999999999999998
16043,32.0,0.09999999999999998
16044,2.0,0.09999999999999998
16045,14.0,0.09999999999999998
16046,8.0,0.09999999999999998
16047,3.0,0.09999999999999998
16048,20.0,0.09999999999999998
16049,40.0,0.09999999999999998
16050,24.0,0.09999999999999998
16051,5.0,0.09999999999999998
16052,17.0,0.09999999999999998
16053,20.0,0.09999999999999998
16054,0.0,0.09999999999999998
16055,14.0,0.09999999999999998
16056,1.0,0.09999999999999998
16057,34.0,0.09999999999999998
16058,14.0,0.09999999999999998
16059,9.0,0.09999999999999998
16060,19.0,0.09999999999999998
16061,38.0,0.09999999999999998
16062,13.0,0.09999999999999998
16063,34.0,0.09999999999999998
16064,31.0,0.09999999999999998
16065,33.0,0.09999999999999998
16066,34.0,0.09999999999999998
16067,-1.0,0.09999999999999998
16068,17.0,0.09999999999999998
16069,8.0,0.09999999999999998
16070,5.0,0.09999999999999998
16071,18.0,0.09999999999999998
16072,49.0,0.09999999999999998
16073,41.0,0.09999999999999998
16074,13.0,0.09999999999999998
16075,27.0,0.09999999999999998
16076,52.0,0.09999999999999998
16077,29.0,0.09999999999999998
16078,-1.0,0.09999999999999998
16079,20.0,0.09999999999999998
16080,27.0,0.09999999999999998
16081,37.0,0.09999999999999998
16082,39.0,0.09999999999999998
16083,41.0,0.09999999999999998
16084,27.0,0.09999999999999998
16085,-7.0,0.09999999999999998
16086,1.0,0.09999999999999998
16087,39.0,0.09999999999999998
16088,36.0,0.09999999999999998
16089,27.0,0.09999999999999998
16090,-2.0,0.09999999999999998
16091,-5.0,0.09999999999999998
16092,12.0,0.09999999999999998
16093,42.0,0.09999999999999998
16094,15.0,0.09999999999999998
16095,13.0,0.09999999999999998
16096,36.0,0.09999999999999998
16097,-2.0,0.09999999999999998
16098,18.0,0.09999999999999998
16099,17.0,0.09999999999999998
16100,25.0,0.09999999999999998
16101,12.0,0.09999999999999998
16102,0.0,0.09999999999999998
16103,7.0,0.09999999999999998
16104,37.0,0.09999999999999998
16105,44.0,0.09999999999999998
16106,17.0,0.09999999999999998
16107,14.0,0.09999999999999998
16108,25.0,0.09999999999999998
16109,18.0,0.09999999999999998
16110,19.0,0.09999999999999998
16111,18.0,0.09999999999999998
16112,24.0,0.09999999999999998
16113,8.0,0.09999999999999998
16114,30.0,0.09999999999999998
16115,27.0,0.09999999999999998
16116,19.0,0.09999999999999998
16117,-14.0,0.09999999999999998
16118,33.0,0.09999999999999998
16119,9.0,0.09999999999999998
16120,26.0,0.09999999999999998
16121,7.0,0.09999999999999998
16122,4.0,0.09999999999999998
16123,11.0,0.09999999999999998
16124,9.0,0.09999999999999998
16125,3.0,0.09999999999999998
16126,11.0,0.09999999999999998
16127,11.0,0.09999999999999998
16128,11.0,0.09999999999999998
16129,11.0,0.09999999999999998
16130,24.0,0.09999999999999998
16131,9.0,0.09999999999999998
16132,42.0,0.09999999999999998
16133,36.0,0.09999999999999998
16134,2.0,0.09999999999999998
16135,15.0,0.09999999999999998
16136,29.0,0.09999999999999998
16137,-7.0,0.09999999999999998
16138,18.0,0.09999999999999998
16139,21.0,0.09999999999999998
16140,23.0,0.09999999999999998
16141,17.0,0.09999999999999998
16142,0.0,0.09999999999999998
16143,45.0,0.09999999999999998
16144,26.0,0.09999999999999998
16145,24.0,0.09999999999999998
16146,45.0,0.09999999999999998
16147,36.0,0.09999999999999998
16148,17.0,0.09999999999999998
16149,18.0,0.09999999999999998
16150,17.0,0.09999999999999998
16151,13.0,0.09999999999999998
16152,20.0,0.09999999999999998
16153,-7.0,0.09999999999999998
16154,9.0,0.09999999999999998
16155,7.0,0.09999999999999998
16156,13.0,0.09999999999999998
16157,-2.0,0.09999999999999998
16158,-12.0,0.09999999999999998
16159,26.0,0.09999999999999998
16160,28.0,0.09999999999999998
16161,16.0,0.09999999999999998
16162,21.0,0.09999999999999998
16163,0.0,0.09999999999999998
16164,2.0,0.09999999999999998
16165,12.0,0.09999999999999998
16166,-15.0,0.09999999999999998
16167,17.0,0.09999999999999998
16168,14.0,0.09999999999999998
16169,12.0,0.09999999999999998
16170,1.0,0.09999999999999998
16171,15.0,0.09999999999999998
16172,42.0,0.09999999999999998
16173,0.0,0.09999999999999998
16174,1.0,0.09999999999999998
16175,12.0,0.09999999999999998
16176,21.0,0.09999999999999998
16177,8.0,0.09999999999999998
16178,0.0,0.09999999999999998
16179,-5.0,0.09999999999999998
16180,28.0,0.09999999999999998
16181,27.0,0.09999999999999998
16182,8.0,0.09999999999999998
16183,22.0,0.09999999999999998
16184,26.0,0.09999999999999998
16185,13.0,0.09999999999999998
16186,41.0,0.09999999999999998
16187,17.0,0.09999999999999998
16188,34.0,0.09999999999999998
16189,37.0,0.09999999999999998
16190,20.0,0.09999999999999998
16191,11.0,0.09999999999999998
16192,43.0,0.09999999999999998
16193,19.0,0.09999999999999998
16194,14.0,0.09999999999999998
16195,19.0,0.09999999999999998
16196,6.0,0.09999999999999998
16197,6.0,0.09999999999999998
16198,5.0,0.09999999999999998
16199,28.0,0.09999999999999998
16200,30.0,0.09999999999999998
16201,-15.0,0.09999999999999998
16202,15.0,0.09999999999999998
16203,30.0,0.09999999999999998
16204,4.0,0.09999999999999998
16205,14.0,0.09999999999999998
16206,23.0,0.09999999999999998
16207,17.0,0.09999999999999998
16208,16.0,0.09999999999999998
16209,31.0,0.09999999999999998
16210,16.0,0.09999999999999998
16211,28.0,0.09999999999999998
16212,13.0,0.09999999999999998
16213,10.0,0.09999999999999998
16214,38.0,0.09999999999999998
16215,21.0,0.09999999999999998
16216,28.0,0.09999999999999998
16217,50.0,0.09999999999999998
16218,-12.0,0.09999999999999998
16219,-6.0,0.09999999999999998
16220,44.0,0.09999999999999998
16221,36.0,0.09999999999999998
16222,33.0,0.09999999999999998
16223,26.0,0.09999999999999998
16224,16.0,0.09999999999999998
16225,9.0,0.09999999999999998
16226,13.0,0.09999999999999998
16227,35.0,0.09999999999999998
16228,-4.0,0.09999999999999998
16229,6.0,0.09999999999999998
16230,15.0,0.09999999999999998
16231,15.0,0.09999999999999998
16232,23.0,0.09999999999999998
16233,11.0,0.09999999999999998
16234,4.0,0.09999999999999998
16235,19.0,0.09999999999999998
16236,3.0,0.09999999999999998
16237,24.0,0.09999999999999998
16238,27.0,0.09999999999999998
16239,5.0,0.09999999999999998
16240,2.0,0.09999999999999998
16241,22.0,0.09999999999999998
16242,12.0,0.09999999999999998
16243,23.0,0.09999999999999998
16244,37.0,0.09999999999999998
16245,3.0,0.09999999999999998
16246,-5.0,0.09999999999999998
16247,28.0,0.09999999999999998
16248,6.0,0.09999999999999998
16249,18.0,0.09999999999999998
16250,44.0,0.09999999999999998
16251,16.0,0.09999999999999998
16252,21.0,0.09999999999999998
16253,15.0,0.09999999999999998
16254,16.0,0.09999999999999998
16255,11.0,0.09999999999999998
16256,0.0,0.09999999999999998
16257,-10.0,0.09999999999999998
16258,12.0,0.09999999999999998
16259,24.0,0.09999999999999998
16260,-9.0,0.09999999999999998
16261,31.0,0.09999999999999998
16262,7.0,0.09999999999999998
16263,45.0,0.09999999999999998
16264,20.0,0.09999999999999998
16265,22.0,0.09999999999999998
16266,11.0,0.09999999999999998
16267,39.0,0.09999999999999998
16268,34.0,0.09999999999999998
16269,17.0,0.09999999999999998
16270,37.0,0.09999999999999998
16271,24.0,0.09999999999999998
16272,5.0,0.09999999999999998
16273,4.0,0.09999999999999998
16274,18.0,0.09999999999999998
16275,6.0,0.09999999999999998
16276,21.0,0.09999999999999998
16277,15.0,0.09999999999999998
16278,-7.0,0.09999999999999998
16279,16.0,0.09999999999999998
16280,-5.0,0.09999999999999998
16281,23.0,0.09999999999999998
16282,13.0,0.09999999999999998
16283,32.0,0.09999999999999998
16284,23.0,0.09999999999999998
16285,46.0,0.09999999999999998
16286,37.0,0.09999999999999998
16287,12.0,0.09999999999999998
16288,37.0,0.09999999999999998
16289,44.0,0.09999999999999998
16290,32.0,0.09999999999999998
16291,37.0,0.09999999999999998
16292,18.0,0.09999999999999998
16293,23.0,0.09999999999999998
16294,20.0,0.09999999999999998
16295,10.0,0.09999999999999998
16296,29.0,0.09999999999999998
16297,6.0,0.09999999999999998
16298,31.0,0.09999999999999998
16299,17.0,0.09999999999999998
16300,18.0,0.09999999999999998
16301,30.0,0.09999999999999998
16302,7.0,0.09999999999999998
16303,25.0,0.09999999999999998
16304,32.0,0.09999999999999998
16305,29.0,0.09999999999999998
16306,23.0,0.09999999999999998
16307,22.0,0.09999999999999998
16308,18.0,0.09999999999999998
16309,-1.0,0.09999999999999998
16310,30.0,0.09999999999999998
16311,0.0,0.09999999999999998
16312,9.0,0.09999999999999998
16313,-3.0,0.09999999999999998
16314,27.0,0.09999999999999998
16315,11.0,0.09999999999999998
16316,-13.0,0.09999999999999998
16317,18.0,0.09999999999999998
16318,48.0,0.09999999999999998
16319,29.0,0.09999999999999998
16320,1.0,0.09999999999999998
16321,-13.0,0.09999999999999998
16322,25.0,0.09999999999999998
16323,1.0,0.09999999999999998
16324,1.0,0.09999999999999998
16325,-1.0,0.09999999999999998
16326,16.0,0.09999999999999998
16327,12.0,0.09999999999999998
16328,2.0,0.09999999999999998
16329,13.0,0.09999999999999998
16330,5.0,0.09999999999999998
16331,-3.0,0.09999999999999998
16332,1.0,0.09999999999999998
16333,5.0,0.09999999999999998
16334,-8.0,0.09999999999999998
16335,30.0,0.09999999999999998
16336,-15.0,0.09999999999999998
16337,1.0,0.09999999999999998
16338,8.0,0.09999999999999998
16339,30.0,0.09999999999999998
16340,8.0,0.09999999999999998
16341,17.0,0.09999999999999998
16342,-4.0,0.09999999999999998
16343,0.0,0.09999999999999998
16344,19.0,0.09999999999999998
16345,19.0,0.09999999999999998
16346,-1.0,0.09999999999999998
16347,6.0,0.09999999999999998
16348,15.0,0.09999999999999998
16349,4.0,0.09999999999999998
16350,-1.0,0.09999999999999998
16351,11.0,0.09999999999999998
16352,13.0,0.09999999999999998
16353,23.0,0.09999999999999998
16354,10.0,0.09999999999999998
16355,25.0,0.09999999999999998
16356,25.0,0.09999999999999998
16357,-15.0,0.09999999999999998
16358,27.0,0.09999999999999998
16359,-4.0,0.09999999999999998
16360,39.0,0.09999999999999998
16361,29.0,0.09999999999999998
16362,-6.0,0.09999999999999998
16363,15.0,0.09999999999999998
16364,22.0,0.09999999999999998
16365,21.0,0.09999999999999998
16366,9.0,0.09999999999999998
16367,28.0,0.09999999999999998
16368,11.0,0.09999999999999998
16369,2.0,0.09999999999999998
16370,19.0,0.09999999999999998
16371,34.0,0.09999999999999998
16372,5.0,0.09999999999999998
16373,15.0,0.09999999999999998
16374,21.0,0.09999999999999998
16375,21.0,0.09999999999999998
16376,20.0,0.09999999999999998
16377,13.0,0.09999999999999998
16378,20.0,0.09999999999999998
16379,39.0,0.09999999999999998
16380,2.0,0.09999999999999998
16381,45.0,0.09999999999999998
16382,29.0,0.09999999999999998
16383,39.0,0.09999999999999998
16384,17.0,0.09999999999999998
16385,2.0,0.09999999999999998
16386,33.0,0.09999999999999998
16387,25.0,0.09999999999999998
16388,21.0,0.09999999999999998
16389,-5.0,0.09999999999999998
16390,7.0,0.09999999999999998
16391,5.0,0.09999999999999998
16392,10.0,0.09999999999999998
16393,19.0,0.09999999999999998
16394,31.0,0.09999999999999998
16395,3.0,0.09999999999999998
16396,18.0,0.09999999999999998
16397,17.0,0.09999999999999998
16398,-8.0,0.09999999999999998
16399,32.0,0.09999999999999998
16400,16.0,0.09999999999999998
16401,18.0,0.09999999999999998
16402,-1.0,0.09999999999999998
16403,12.0,0.09999999999999998
16404,34.0,0.09999999999999998
16405,1.0,0.09999999999999998
16406,17.0,0.09999999999999998
16407,0.0,0.09999999999999998
16408,11.0,0.09999999999999998
16409,15.0,0.09999999999999998
16410,26.0,0.09999999999999998
16411,15.0,0.09999999999999998
16412,0.0,0.09999999999999998
16413,6.0,0.09999999999999998
16414,10.0,0.09999999999999998
16415,30.0,0.09999999999999998
16416,28.0,0.09999999999999998
16417,30.0,0.09999999999999998
16418,16.0,0.09999999999999998
16419,25.0,0.09999999999999998
16420,0.0,0.09999999999999998
16421,19.0,0.09999999999999998
16422,23.0,0.09999999999999998
16423,11.0,0.09999999999999998
16424,24.0,0.09999999999999998
16425,25.0,0.09999999999999998
16426,14.0,0.09999999999999998
16427,13.0,0.09999999999999998
16428,32.0,0.09999999999999998
16429,37.0,0.09999999999999998
16430,-5.0,0.09999999999999998
16431,13.0,0.09999999999999998
16432,27.0,0.09999999999999998
16433,7.0,0.09999999999999998
16434,-4.0,0.09999999999999998
16435,30.0,0.09999999999999998
16436,-7.0,0.09999999999999998
16437,1.0,0.09999999999999998
16438,20.0,0.09999999999999998
16439,22.0,0.09999999999999998
16440,4.0,0.09999999999999998
16441,5.0,0.09999999999999998
16442,-5.0,0.09999999999999998
16443,22.0,0.09999999999999998
16444,1.0,0.09999999999999998
16445,-3.0,0.09999999999999998
16446,27.0,0.09999999999999998
16447,10.0,0.09999999999999998
16448,29.0,0.09999999999999998
16449,48.0,0.09999999999999998
16450,27.0,0.09999999999999998
16451,20.0,0.09999999999999998
16452,27.0,0.09999999999999998
16453,1.0,0.09999999999999998
16454,19.0,0.09999999999999998
16455,40.0,0.09999999999999998
16456,4.0,0.09999999999999998
16457,4.0,0.09999999999999998
16458,1.0,0.09999999999999998
16459,14.0,0.09999999999999998
16460,17.0,0.09999999999999998
16461,8.0,0.09999999999999998
16462,-8.0,0.09999999999999998
16463,34.0,0.09999999999999998
16464,-3.0,0.09999999999999998
16465,-5.0,0.09999999999999998
16466,-4.0,0.09999999999999998
16467,-4.0,0.09999999999999998
16468,-1.0,0.09999999999999998
16469,-5.0,0.09999999999999998
16470,-13.0,0.09999999999999998
16471,-6.0,0.09999999999999998
16472,17.0,0.09999999999999998
16473,-3.0,0.09999999999999998
16474,2.0,0.09999999999999998
16475,-7.0,0.09999999999999998
16476,17.0,0.09999999999999998
16477,-3.0,0.09999999999999998
16478,-1.0,0.09999999999999998
16479,-4.0,0.09999999999999998
16480,-3.0,0.09999999999999998
16481,-7.0,0.09999999999999998
16482,10.0,0.09999999999999998
16483,-7.0,0.09999999999999998
16484,-5.0,0.09999999999999998
16485,1.0,0.09999999999999998
16486,-1.0,0.09999999999999998
16487,-10.0,0.09999999999999998
16488,2.0,0.09999999999999998
16489,-14.0,0.09999999999999998
16490,-5.0,0.09999999999999998
16491,10.0,0.09999999999999998
16492,-2.0,0.09999999999999998
16493,-11.0,0.09999999999999998
16494,-10.0,0.09999999999999998
16495,4.0,0.09999999999999998
16496,-10.0,0.09999999999999998
16497,-9.0,0.09999999999999998
16498,-6.0,0.09999999999999998
16499,18.0,0.09999999999999998
16500,-5.0,0.09999999999999998
16501,-9.0,0.09999999999999998
16502,1.0,0.09999999999999998
16503,-1.0,0.09999999999999998
16504,-17.0,0.09999999999999998
16505,2.0,0.09999999999999998
16506,-11.0,0.09999999999999998
16507,-5.0,0.09999999999999998
16508,8.0,0.09999999999999998
16509,-2.0,0.09999999999999998
16510,-3.0,0.09999999999999998
16511,-6.0,0.09999999999999998
16512,-7.0,0.09999999999999998
16513,-9.0,0.09999999999999998
16514,-9.0,0.09999999999999998
16515,-8.0,0.09999999999999998
16516,-8.0,0.09999999999999998
16517,14.0,0.09999999999999998
16518,5.0,0.09999999999999998
16519,-5.0,0.09999999999999998
16520,2.0,0.09999999999999998
16521,-11.0,0.09999999999999998
16522,-6.0,0.09999999999999998
16523,-7.0,0.09999999999999998
16524,15.0,0.09999999999999998
16525,-9.0,0.09999999999999998
16526,-5.0,0.09999999999999998
16527,-10.0,0.09999999999999998
16528,-13.0,0.09999999999999998
16529,-3.0,0.09999999999999998
16530,-18.0,0.09999999999999998
16531,6.0,0.09999999999999998
16532,4.0,0.09999999999999998
16533,-5.0,0.09999999999999998
16534,-6.0,0.09999999999999998
16535,-3.0,0.09999999999999998
16536,-3.0,0.09999999999999998
16537,-8.0,0.09999999999999998
16538,2.0,0.09999999999999998
16539,-28.0,0.09999999999999998
16540,-7.0,0.09999999999999998
16541,-14.0,0.09999999999999998
16542,-8.0,0.09999999999999998
16543,3.0,0.09999999999999998
16544,-14.0,0.09999999999999998
16545,-5.0,0.09999999999999998
16546,-3.0,0.09999999999999998
16547,-2.0,0.09999999999999998
16548,7.0,0.09999999999999998
16549,-12.0,0.09999999999999998
16550,-7.0,0.09999999999999998
16551,-6.0,0.09999999999999998
16552,-5.0,0.09999999999999998
16553,-12.0,0.09999999999999998
16554,-7.0,0.09999999999999998
16555,1.0,0.09999999999999998
16556,-2.0,0.09999999999999998
16557,18.0,0.09999999999999998
16558,15.0,0.09999999999999998
16559,-5.0,0.09999999999999998
16560,13.0,0.09999999999999998
16561,-4.0,0.09999999999999998
16562,10.0,0.09999999999999998
16563,14.0,0.09999999999999998
16564,8.0,0.09999999999999998
16565,-2.0,0.09999999999999998
16566,-3.0,0.09999999999999998
16567,1.0,0.09999999999999998
16568,15.0,0.09999999999999998
16569,-2.0,0.09999999999999998
16570,8.0,0.09999999999999998
16571,1.0,0.09999999999999998
16572,7.0,0.09999999999999998
16573,-6.0,0.09999999999999998
16574,14.0,0.09999999999999998
16575,-1.0,0.09999999999999998
16576,0.0,0.09999999999999998
16577,6.0,0.09999999999999998
16578,4.0,0.09999999999999998
16579,-3.0,0.09999999999999998
16580,-2.0,0.09999999999999998
16581,-13.0,0.09999999999999998
16582,-24.0,0.09999999999999998
16583,5.0,0.09999999999999998
16584,0.0,0.09999999999999998
16585,8.0,0.09999999999999998
16586,-2.0,0.09999999999999998
16587,2.0,0.09999999999999998
16588,-3.0,0.09999999999999998
16589,-11.0,0.09999999999999998
16590,-3.0,0.09999999999999998
16591,6.0,0.09999999999999998
16592,2.0,0.09999999999999998
16593,-5.0,0.09999999999999998
16594,7.0,0.09999999999999998
16595,5.0,0.09999999999999998
16596,4.0,0.09999999999999998
16597,-3.0,0.09999999999999998
16598,1.0,0.09999999999999998
16599,-7.0,0.09999999999999998
16600,-9.0,0.09999999999999998
16601,7.0,0.09999999999999998
16602,5.0,0.09999999999999998
16603,17.0,0.09999999999999998
16604,-7.0,0.09999999999999998
16605,5.0,0.09999999999999998
16606,1.0,0.09999999999999998
16607,-1.0,0.09999999999999998
16608,4.0,0.09999999999999998
16609,17.0,0.09999999999999998
16610,17.0,0.09999999999999998
16611,1.0,0.09999999999999998
16612,2.0,0.09999999999999998
16613,11.0,0.09999999999999998
16614,2.0,0.09999999999999998
16615,-8.0,0.09999999999999998
16616,-15.0,0.09999999999999998
16617,-2.0,0.09999999999999998
16618,0.0,0.09999999999999998
16619,-8.0,0.09999999999999998
16620,-4.0,0.09999999999999998
16621,15.0,0.09999999999999998
16622,6.0,0.09999999999999998
16623,20.0,0.09999999999999998
16624,-3.0,0.09999999999999998
16625,8.0,0.09999999999999998
16626,25.0,0.09999999999999998
16627,13.0,0.09999999999999998
16628,-1.0,0.09999999999999998
16629,38.0,0.09999999999999998
16630,12.0,0.09999999999999998
16631,-3.0,0.09999999999999998
16632,-10.0,0.09999999999999998
16633,4.0,0.09999999999999998
16634,4.0,0.09999999999999998
16635,14.0,0.09999999999999998
16636,-3.0,0.09999999999999998
16637,-3.0,0.09999999999999998
16638,-5.0,0.09999999999999998
16639,-15.0,0.09999999999999998
16640,-5.0,0.09999999999999998
16641,-12.0,0.09999999999999998
16642,14.0,0.09999999999999998
16643,-2.0,0.09999999999999998
16644,-3.0,0.09999999999999998
16645,-20.0,0.09999999999999998
16646,0.0,0.09999999999999998
16647,-2.0,0.09999999999999998
16648,0.0,0.09999999999999998
16649,10.0,0.09999999999999998
16650,22.0,0.09999999999999998
16651,10.0,0.09999999999999998
16652,-3.0,0.09999999999999998
16653,9.0,0.09999999999999998
16654,10.0,0.09999999999999998
16655,4.0,0.09999999999999998
16656,1.0,0.09999999999999998
16657,22.0,0.09999999999999998
16658,12.0,0.09999999999999998
16659,24.0,0.09999999999999998
16660,24.0,0.09999999999999998
16661,24.0,0.09999999999999998
16662,36.0,0.09999999999999998
16663,23.0,0.09999999999999998
16664,10.0,0.09999999999999998
16665,31.0,0.09999999999999998
16666,37.0,0.09999999999999998
16667,7.0,0.09999999999999998
16668,20.0,0.09999999999999998
16669,1.0,0.09999999999999998
16670,41.0,0.09999999999999998
16671,26.0,0.09999999999999998
16672,30.0,0.09999999999999998
16673,19.0,0.09999999999999998
16674,2.0,0.09999999999999998
16675,14.0,0.09999999999999998
16676,18.0,0.09999999999999998
16677,23.0,0.09999999999999998
16678,1.0,0.09999999999999998
16679,9.0,0.09999999999999998
16680,1.0,0.09999999999999998
16681,-2.0,0.09999999999999998
16682,16.0,0.09999999999999998
16683,-8.0,0.09999999999999998
16684,31.0,0.09999999999999998
16685,-2.0,0.09999999999999998
16686,8.0,0.09999999999999998
16687,-4.0,0.09999999999999998
16688,6.0,0.09999999999999998
16689,17.0,0.09999999999999998
16690,27.0,0.09999999999999998
16691,-18.0,0.09999999999999998
16692,29.0,0.09999999999999998
16693,40.0,0.09999999999999998
16694,13.0,0.09999999999999998
16695,0.0,0.09999999999999998
16696,2.0,0.09999999999999998
16697,12.0,0.09999999999999998
16698,-7.0,0.09999999999999998
16699,45.0,0.09999999999999998
16700,-12.0,0.09999999999999998
16701,7.0,0.09999999999999998
16702,1.0,0.09999999999999998
16703,25.0,0.09999999999999998
16704,-3.0,0.09999999999999998
16705,8.0,0.09999999999999998
16706,7.0,0.09999999999999998
16707,20.0,0.09999999999999998
16708,7.0,0.09999999999999998
16709,17.0,0.09999999999999998
16710,6.0,0.09999999999999998
16711,24.0,0.09999999999999998
16712,-1.0,0.09999999999999998
16713,27.0,0.09999999999999998
16714,27.0,0.09999999999999998
16715,-4.0,0.09999999999999998
16716,11.0,0.09999999999999998
16717,3.0,0.09999999999999998
16718,15.0,0.09999999999999998
16719,11.0,0.09999999999999998
16720,-6.0,0.09999999999999998
16721,35.0,0.09999999999999998
16722,4.0,0.09999999999999998
16723,3.0,0.09999999999999998
16724,0.0,0.09999999999999998
16725,17.0,0.09999999999999998
16726,20.0,0.09999999999999998
16727,-5.0,0.09999999999999998
16728,5.0,0.09999999999999998
16729,11.0,0.09999999999999998
16730,23.0,0.09999999999999998
16731,1.0,0.09999999999999998
16732,-7.0,0.09999999999999998
16733,2.0,0.09999999999999998
16734,13.0,0.09999999999999998
16735,25.0,0.09999999999999998
16736,17.0,0.09999999999999998
16737,14.0,0.09999999999999998
16738,-13.0,0.09999999999999998
16739,5.0,0.09999999999999998
16740,38.0,0.09999999999999998
16741,10.0,0.09999999999999998
16742,10.0,0.09999999999999998
16743,7.0,0.09999999999999998
16744,-3.0,0.09999999999999998
16745,30.0,0.09999999999999998
16746,-26.0,0.09999999999999998
16747,14.0,0.09999999999999998
16748,27.0,0.09999999999999998
16749,22.0,0.09999999999999998
16750,13.0,0.09999999999999998
16751,7.0,0.09999999999999998
16752,3.0,0.09999999999999998
16753,0.0,0.09999999999999998
16754,12.0,0.09999999999999998
16755,9.0,0.09999999999999998
16756,-3.0,0.09999999999999998
16757,-18.0,0.09999999999999998
16758,1.0,0.09999999999999998
16759,-6.0,0.09999999999999998
16760,-6.0,0.09999999999999998
16761,-12.0,0.09999999999999998
16762,20.0,0.09999999999999998
16763,-1.0,0.09999999999999998
16764,-4.0,0.09999999999999998
16765,34.0,0.09999999999999998
16766,7.0,0.09999999999999998
16767,18.0,0.09999999999999998
16768,12.0,0.09999999999999998
16769,4.0,0.09999999999999998
16770,19.0,0.09999999999999998
16771,19.0,0.09999999999999998
16772,6.0,0.09999999999999998
16773,7.0,0.09999999999999998
16774,-3.0,0.09999999999999998
16775,4.0,0.09999999999999998
16776,0.0,0.09999999999999998
16777,29.0,0.09999999999999998
16778,-4.0,0.09999999999999998
16779,6.0,0.09999999999999998
16780,9.0,0.09999999999999998
16781,19.0,0.09999999999999998
16782,13.0,0.09999999999999998
16783,16.0,0.09999999999999998
16784,26.0,0.09999999999999998
16785,12.0,0.09999999999999998
16786,14.0,0.09999999999999998
16787,14.0,0.09999999999999998
16788,12.0,0.09999999999999998
16789,4.0,0.09999999999999998
16790,7.0,0.09999999999999998
16791,6.0,0.09999999999999998
16792,17.0,0.09999999999999998
16793,20.0,0.09999999999999998
16794,1.0,0.09999999999999998
16795,1.0,0.09999999999999998
16796,-9.0,0.09999999999999998
16797,21.0,0.09999999999999998
